"","CRASH_CRN","DISTRICT","CRASH_COUNTY","MUNICIPALITY","POLICE_AGCY","CRASH_YEAR","CRASH_MONTH","DAY_OF_WEEK","TIME_OF_DAY","HOUR_OF_DAY","ILLUMINATION","WEATHER","ROAD_CONDITION","COLLISION_TYPE","RELATION_TO_ROAD","INTERSECT_TYPE","TCD_TYPE","URBAN_RURAL","LOCATION_TYPE","SCH_BUS_IND","SCH_ZONE_IND","TOTAL_UNITS","PERSON_COUNT","VEHICLE_COUNT","AUTOMOBILE_COUNT","MOTORCYCLE_COUNT","BUS_COUNT","SMALL_TRUCK_COUNT","HEAVY_TRUCK_COUNT","SUV_COUNT","VAN_COUNT","BICYCLE_COUNT","FATAL_COUNT","INJURY_COUNT","MAJ_INJ_COUNT","MOD_INJ_COUNT","MIN_INJ_COUNT","UNK_INJ_DEG_COUNT","UNK_INJ_PER_COUNT","UNBELTED_OCC_COUNT","UNB_DEATH_COUNT","UNB_MAJ_INJ_COUNT","BELTED_DEATH_COUNT","BELTED_MAJ_INJ_COUNT","MCYCLE_DEATH_COUNT","MCYCLE_MAJ_INJ_COUNT","BICYCLE_DEATH_COUNT","BICYCLE_MAJ_INJ_COUNT","PED_COUNT","PED_DEATH_COUNT","PED_MAJ_INJ_COUNT","COMM_VEH_COUNT","MAX_SEVERITY_LEVEL","DRIVER_COUNT_16YR","DRIVER_COUNT_17YR","DRIVER_COUNT_18YR","DRIVER_COUNT_19YR","DRIVER_COUNT_20YR","DRIVER_COUNT_50_64YR","DRIVER_COUNT_65_74YR","DRIVER_COUNT_75PLUS","LATITUDE","LONGITUDE","DEC_LAT","DEC_LONG","EST_HRS_CLOSED","LANE_CLOSED","LN_CLOSE_DIR","NTFY_HIWY_MAINT","RDWY_SURF_TYPE_CD","SPEC_JURIS_CD","TCD_FUNC_CD","TFC_DETOUR_IND","WORK_ZONE_IND","WORK_ZONE_TYPE","WORK_ZONE_LOC","CONS_ZONE_SPD_LIM","WORKERS_PRES","WZ_CLOSE_DETOUR","WZ_FLAGGER","WZ_LAW_OFFCR_IND","WZ_LN_CLOSURE","WZ_MOVING","WZ_OTHER","WZ_SHLDER_MDN","FLAG_CRN","INTERSTATE","STATE_ROAD","LOCAL_ROAD","LOCAL_ROAD_ONLY","TURNPIKE","WET_ROAD","SNOW_SLUSH_ROAD","ICY_ROAD","SUDDEN_DEER","SHLDR_RELATED","REAR_END","HO_OPPDIR_SDSWP","HIT_FIXED_OBJECT","SV_RUN_OFF_RD","WORK_ZONE","PROPERTY_DAMAGE_ONLY","FATAL_OR_MAJ_INJ","INJURY","FATAL","NON_INTERSECTION","INTERSECTION","SIGNALIZED_INT","STOP_CONTROLLED_INT","UNSIGNALIZED_INT","SCHOOL_BUS","SCHOOL_ZONE","HIT_DEER","HIT_TREE_SHRUB","HIT_EMBANKMENT","HIT_POLE","HIT_GDRAIL","HIT_GDRAIL_END","HIT_BARRIER","HIT_BRIDGE","OVERTURNED","MOTORCYCLE","BICYCLE","HVY_TRUCK_RELATED","VEHICLE_FAILURE","TRAIN_TROLLEY","PHANTOM_VEHICLE","ALCOHOL_RELATED","DRINKING_DRIVER","UNDERAGE_DRNK_DRV","UNLICENSED","CELL_PHONE","NO_CLEARANCE","RUNNING_RED_LT","TAILGATING","CROSS_MEDIAN","CURVE_DVR_ERROR","LIMIT_65MPH","SPEEDING","SPEEDING_RELATED","AGGRESSIVE_DRIVING","FATIGUE_ASLEEP","DRIVER_16YR","DRIVER_17YR","DRIVER_65_74YR","DRIVER_75PLUS","UNBELTED","PEDESTRIAN","DISTRACTED","CURVED_ROAD","DRIVER_18YR","DRIVER_19YR","DRIVER_20YR","DRIVER_50_64YR","VEHICLE_TOWED","FIRE_IN_VEHICLE","HIT_PARKED_VEHICLE","MC_DRINKING_DRIVER","DRUGGED_DRIVER","INJURY_OR_FATAL","COMM_VEHICLE","IMPAIRED_DRIVER","DEER_RELATED","DRUG_RELATED","HAZARDOUS_TRUCK","ILLEGAL_DRUG_RELATED","ILLUMINATION_DARK","MINOR_INJURY","MODERATE_INJURY","MAJOR_INJURY","NHTSA_AGG_DRIVING","PSP_REPORTED","RUNNING_STOP_SIGN","TRAIN","TROLLEY","ROADWAY_CRN","RDWY_SEQ_NUM","ADJ_RDWY_SEQ","ACCESS_CTRL","ROADWAY_COUNTY","LANE_COUNT","RDWY_ORIENT","ROAD_OWNER","ROUTE","SPEED_LIMIT","SEGMENT","OFFSET","STREET_NAME"
"160",2005401101,11,2,2301,2301,2005,10,1,1657,16,1,1,0,4,1,1,0,3,0,"N","N",2,2,1,0,0,0,1,0,0,0,1,0,1,0,0,1,0,1,0,0,0,0,0,0,0,0,0,0,0,0,0,4,0,0,0,0,0,0,0,0,"40 26:54.110","80 00:13.453",40.44839859,-80.00370026,1,1,3,"N",NA,NA,0,"N","N",NA,NA,NA,"","","","","","","","",2005401101,0,0,1,1,0,0,0,0,0,0,0,0,0,0,0,0,0,1,0,0,1,0,0,1,0,0,0,0,0,0,0,0,0,0,0,0,1,0,0,0,0,0,0,0,0,0,0,0,0,0,0,0,0,0,0,0,0,0,0,0,0,0,0,0,0,0,0,0,0,0,0,0,0,1,0,0,0,0,0,0,0,1,0,0,0,0,0,0,0,2005401101,3,4,NA,2,3,"E",4,NA,25,NA,0,"GENERAL ROBINSON ST"
"163",2005411590,11,2,2301,2301,2005,11,1,2010,20,3,1,1,8,1,0,0,3,0,"N","N",2,2,1,1,0,0,0,0,0,0,1,0,1,0,0,0,1,0,0,0,0,0,0,0,0,0,0,0,0,0,0,8,0,0,0,0,0,0,0,0,"40 26:39.848","79 56:30.352",40.44440079,-79.94180298,NA,0,NA,"N",NA,NA,0,"","N",NA,NA,NA,"","","","","","","","",2005411590,0,0,1,1,0,1,0,0,0,0,0,0,0,0,0,0,0,1,0,1,0,0,0,0,0,0,0,0,0,0,0,0,0,0,0,0,1,0,0,0,0,0,0,0,0,0,0,0,0,0,0,0,0,0,0,0,0,0,0,0,0,0,0,0,0,0,0,0,0,0,0,0,0,1,0,0,0,0,0,0,1,0,0,0,0,0,0,0,0,2005411590,3,3,NA,2,4,"E",4,NA,25,NA,0,"FORBES AV"
"167",2006015513,11,2,2301,2301,2006,1,4,1215,12,1,1,0,4,1,1,2,3,0,"N","N",2,2,1,1,0,0,0,0,0,0,1,0,1,0,0,0,1,0,0,0,0,0,0,0,0,0,0,0,0,0,0,8,0,0,0,0,0,0,0,0,"40 26:19.539","79 59:50.431",40.43880081,-79.99729919,NA,0,NA,"N",NA,NA,3,"","N",NA,NA,NA,"","","","","","","","",2006015513,0,0,1,1,0,0,0,0,0,0,0,0,0,0,0,0,0,1,0,0,1,1,0,0,0,0,0,0,0,0,0,0,0,0,0,0,1,0,0,0,0,0,0,0,0,0,0,0,0,0,0,0,0,0,0,0,0,0,0,0,0,0,0,0,0,0,0,0,0,0,0,0,0,1,0,0,0,0,0,0,0,0,0,0,0,0,0,0,0,2006015513,3,4,NA,2,2,"S",4,NA,20,NA,NA,"FORBES AV"
"168",2006017140,11,2,2301,2301,2006,1,7,805,8,1,1,0,4,1,0,0,3,0,"N","N",2,2,1,1,0,0,0,0,0,0,1,0,1,0,0,0,1,0,0,0,0,0,0,0,0,0,0,0,0,0,0,8,0,0,0,0,0,0,0,0,"40 25:38.280","79 58:04.440",40.4272995,-79.96800232,NA,0,NA,"N",NA,NA,0,"","N",NA,NA,NA,"","","","","","","","",2006017140,0,1,0,0,0,0,0,0,0,0,0,0,0,0,0,0,0,1,0,1,0,0,0,0,0,0,0,0,0,0,0,0,0,0,0,0,1,0,0,0,0,0,0,0,0,0,0,0,0,0,0,0,0,0,0,0,0,0,0,0,0,0,0,0,0,0,0,0,0,0,0,0,0,1,0,0,0,0,0,0,0,0,0,0,0,0,0,0,0,2006017140,3,3,3,2,3,"E",2,837,25,520,470,"EAST CARSON ST"
"169",2006017469,11,2,2301,2301,2006,1,6,1138,11,1,1,0,4,1,2,3,3,0,"N","N",2,3,1,0,0,0,1,0,0,0,1,0,1,0,0,1,0,2,0,0,0,0,0,0,0,0,0,0,0,0,0,4,0,0,0,0,0,0,0,0,"40 27:21.000","79 59:50.805",40.45569992,-79.99729919,NA,0,NA,"N",NA,NA,3,"","N",NA,NA,NA,"","","","","","","","",2006017469,0,1,1,0,0,0,0,0,0,0,0,0,0,0,0,0,0,1,0,0,1,0,1,1,0,0,0,0,0,0,0,0,0,0,0,0,1,0,0,0,0,0,0,0,0,0,0,0,0,0,0,0,0,0,1,0,0,0,0,0,0,0,0,0,0,0,0,0,0,0,0,0,0,1,0,0,0,0,0,0,0,1,0,0,0,0,0,0,0,2006017469,3,3,3,2,2,"N",2,4099,25,10,620,"MADISON AV"
"170",2006018144,11,2,2301,2301,2006,1,4,1844,18,3,2,1,6,1,2,0,3,0,"N","N",2,2,1,0,0,0,0,0,0,0,1,0,1,0,1,0,0,1,0,0,0,0,0,0,0,0,0,0,0,0,0,3,0,0,0,0,0,0,0,0,"40 27:52.261","79 53:58.632",40.46450043,-79.89959717,NA,0,NA,"N",NA,NA,0,"","N",NA,NA,NA,"","","","","","","","",2006018144,0,0,1,1,0,1,0,0,0,0,0,1,0,0,0,0,0,1,0,0,1,0,0,1,0,0,0,0,0,0,0,0,0,0,0,0,1,0,0,0,0,0,0,0,0,0,0,0,0,0,0,0,0,0,0,0,0,0,0,0,0,0,0,0,0,0,0,0,0,0,0,0,0,1,0,0,0,0,0,0,1,0,1,0,0,0,0,0,0,2006018144,3,4,NA,2,2,"E",4,NA,25,NA,0,"APPLE AV"
"171",2006019494,11,2,2301,2301,2006,1,3,841,8,1,1,0,5,1,1,2,3,0,"N","N",2,5,1,1,0,0,0,0,0,0,1,0,1,0,1,0,0,0,0,0,0,0,0,0,0,0,0,0,0,0,0,3,0,0,0,0,0,0,0,0,"40 26:38.492","79 55:33.738",40.44400024,-79.9260025,NA,0,NA,"N",NA,NA,3,"","N",NA,NA,NA,"","","","","","","","",2006019494,0,0,1,1,0,0,0,0,0,0,0,0,0,0,0,0,0,1,0,0,1,1,0,0,0,0,0,0,0,0,0,0,0,0,0,0,1,0,0,0,0,0,0,0,0,0,0,0,0,0,0,0,0,0,0,0,0,0,0,0,0,0,0,0,0,0,0,0,0,0,0,0,0,1,0,0,0,0,0,0,0,0,1,0,0,0,0,0,0,2006019494,3,4,NA,2,2,"N",4,NA,25,NA,0,"NEGLEY AV"
"173",2006026353,11,2,2301,2301,2006,2,7,1701,17,1,1,0,4,1,2,0,3,0,"N","N",2,4,1,1,0,0,0,0,0,0,1,0,1,0,0,1,0,0,0,0,0,0,0,0,0,0,0,0,0,0,0,4,0,0,0,0,0,0,0,0,"40 23:01.046","79 58:38.456",40.38359833,-79.97730255,NA,0,NA,"N",NA,NA,0,"","N",NA,NA,NA,"","","","","","","","",2006026353,0,0,1,1,0,0,0,0,0,0,0,0,0,0,0,0,0,1,0,0,1,0,0,1,0,0,0,0,0,0,0,0,0,0,0,0,1,0,0,0,0,0,0,0,0,0,0,0,0,0,0,0,0,0,0,0,0,0,0,0,0,0,0,0,0,0,0,0,0,0,0,0,0,1,0,0,0,0,0,0,0,1,0,0,0,0,0,0,0,2006026353,3,4,NA,2,2,"S",4,NA,35,NA,0,"BROWNSVILLE RD"
"174",2006031516,11,2,2301,2301,2006,3,5,1837,18,3,1,0,4,1,2,0,3,0,"N","N",2,2,1,0,0,0,0,0,0,0,1,0,1,0,1,0,0,1,0,0,0,0,0,0,0,0,0,0,0,0,0,3,0,0,0,0,0,0,0,0,"40 26:25.890","79 56:08.239",40.44049835,-79.93560028,NA,0,NA,"N",NA,NA,0,"","N",NA,NA,NA,"","","","","","","","",2006031516,0,0,1,1,0,0,0,0,0,0,0,0,0,0,0,0,0,1,0,0,1,0,0,1,0,0,0,0,0,0,0,0,0,0,0,0,1,0,0,0,0,0,0,0,0,0,0,0,0,0,0,0,0,0,1,0,0,0,0,0,0,0,0,0,0,0,0,0,0,0,0,0,0,1,0,0,0,0,0,0,1,0,1,0,0,0,0,0,0,2006031516,3,4,NA,2,2,"E",4,NA,25,NA,0,"FORBES AV"
"177",2006033561,11,2,2301,2301,2006,3,3,1523,15,1,1,0,2,1,2,0,3,0,"N","N",2,2,1,1,0,0,0,0,0,0,1,0,1,0,0,1,0,0,0,0,0,0,0,0,0,0,0,0,0,0,0,4,0,0,0,0,0,1,0,0,"40 25:22.576","80 01:28.059",40.42290115,-80.02449799,NA,0,NA,"N",NA,NA,0,"","N",NA,NA,NA,"","","","","","","","",2006033561,0,0,1,1,0,0,0,0,0,0,0,1,0,0,0,0,0,1,0,0,1,0,0,1,0,0,0,0,0,0,0,0,0,0,0,0,1,0,0,0,0,0,0,0,0,0,0,0,0,0,0,0,0,0,0,0,0,0,0,0,0,0,0,0,0,0,0,1,0,0,0,0,0,1,0,0,0,0,0,0,0,1,0,0,0,0,0,0,0,2006033561,3,4,NA,2,2,"E",4,NA,25,NA,0,"TROPICAL AV"
"183",2006046753,11,2,2301,2301,2006,4,3,1640,16,1,2,1,4,1,1,2,3,0,"N","N",2,2,1,1,0,0,0,0,0,0,1,0,1,0,0,0,1,0,0,0,0,0,0,0,0,0,0,0,0,0,0,8,0,0,0,0,0,0,0,0,"40 26:55.147","80 00:08.294",40.44869995,-80.00229645,NA,0,NA,"N",NA,NA,3,"","N",NA,NA,NA,"","","","","","","","",2006046753,0,0,1,1,0,1,0,0,0,0,0,0,0,0,0,0,0,1,0,0,1,1,0,0,0,0,0,0,0,0,0,0,0,0,0,0,1,0,0,0,0,0,0,0,0,0,0,0,0,0,0,0,0,0,0,0,0,0,0,0,0,0,0,0,0,0,0,0,0,0,0,0,0,1,0,0,0,0,0,0,0,0,0,0,0,0,0,0,0,2006046753,3,4,NA,2,2,"E",4,NA,NA,NA,0,"GENERAL ROBINSON ST"
"184",2006046760,11,2,2301,2301,2006,4,4,1705,17,1,1,0,4,1,2,0,3,0,"N","N",2,2,1,1,0,0,0,0,0,0,1,0,1,0,0,0,1,0,0,0,0,0,0,0,0,0,0,0,0,0,0,8,0,0,0,0,0,0,0,0,"40 25:33.259","79 57:13.605",40.42589951,-79.95379639,NA,0,NA,"N",NA,NA,0,"","N",NA,NA,NA,"","","","","","","","",2006046760,0,0,1,1,0,0,0,0,0,0,0,0,0,0,0,0,0,1,0,0,1,0,0,1,0,0,0,0,0,0,0,0,0,0,0,0,1,0,0,0,0,0,0,0,0,0,0,0,0,0,0,0,0,0,0,0,0,0,0,0,0,0,0,0,0,0,0,0,0,0,0,0,0,1,0,0,0,0,0,0,0,0,0,0,0,0,0,0,0,2006046760,3,4,NA,2,2,"W",4,NA,25,NA,0,"SECOND AV"
"185",2006049845,11,2,2301,2301,2006,5,1,954,9,1,1,0,8,1,1,3,3,0,"N","N",2,3,1,1,0,0,0,0,0,0,1,0,1,0,0,1,0,0,0,0,0,0,0,0,0,0,0,0,0,0,0,4,0,0,0,0,0,0,0,0,"40 28:11.157","79 55:37.380",40.46979904,-79.92710114,1,1,5,"N",NA,NA,3,"N","N",NA,NA,NA,"","","","","","","","",2006049845,0,0,1,1,0,0,0,0,0,0,0,0,0,0,0,0,0,1,0,0,1,0,1,1,0,0,0,0,0,0,0,0,0,0,0,0,1,0,0,0,0,0,0,0,0,0,0,0,0,0,0,0,0,0,0,0,0,0,0,0,0,0,0,0,0,0,0,0,0,0,0,0,0,1,0,0,0,0,0,0,0,1,0,0,0,0,0,0,0,2006049845,3,4,NA,2,2,"N",4,NA,NA,NA,NA,"N NEGLEY AV"
"189",2006053679,11,2,2301,2301,2006,5,2,2045,20,4,1,0,2,1,0,0,3,0,"N","N",2,2,1,1,0,0,0,0,0,0,1,0,1,0,1,0,0,1,0,0,0,0,0,0,0,0,0,0,0,0,0,3,0,0,0,0,0,0,0,0,"40 27:26.640","80 02:39.840",40.45750046,-80.04450226,NA,0,NA,"N",NA,NA,0,"","N",NA,NA,NA,"","","","","","","","",2006053679,0,1,0,0,0,0,0,0,0,0,0,1,0,0,0,0,0,1,0,1,0,0,0,0,0,0,0,0,0,0,0,0,0,0,0,0,1,0,0,0,0,0,0,0,0,0,0,0,0,0,0,0,0,0,0,0,0,0,0,0,0,0,0,0,0,0,0,0,0,0,0,0,0,1,0,0,0,0,0,0,0,0,1,0,0,0,0,0,0,2006053679,3,3,3,2,4,"S",2,51,35,470,2200,"SAW MILL RUN RD"
"192",2006057383,11,2,2301,2301,2006,5,1,2040,20,4,1,0,5,1,1,3,3,0,"N","N",2,2,1,1,0,0,0,0,0,0,1,0,1,0,0,1,0,0,0,0,0,0,0,0,0,0,0,0,0,0,0,4,0,0,0,0,0,0,0,0,"40 28:18.321","79 55:36.883",40.47180176,-79.92690277,1,2,7,"N",NA,NA,2,"Y","N",NA,NA,NA,"","","","","","","","",2006057383,0,0,1,1,0,0,0,0,0,0,0,0,0,0,0,0,0,1,0,0,1,0,1,1,0,0,0,0,0,0,0,0,0,0,0,0,1,0,0,0,0,0,0,0,0,0,0,0,0,0,0,0,0,0,0,0,0,0,0,0,0,0,0,0,0,0,0,0,0,0,0,0,0,1,0,0,0,0,0,0,0,1,0,0,0,0,0,0,0,2006057383,3,4,NA,2,2,"W",4,NA,35,NA,0,"STANTON AV"
"197",2006062044,11,2,2301,2301,2006,6,5,1710,17,1,1,0,4,1,2,0,3,0,"N","N",2,2,1,0,0,0,0,0,1,0,1,0,1,0,0,1,0,0,0,0,0,0,0,0,0,0,0,0,0,0,0,4,0,0,0,0,0,0,0,0,"40 25:04.922","80 00:18.795",40.41799927,-80.00520325,NA,0,NA,"N",NA,NA,0,"","N",NA,NA,NA,"","","","","","","","",2006062044,0,0,1,1,0,0,0,0,0,0,0,0,0,0,0,0,0,1,0,0,1,0,0,1,0,0,0,0,0,0,0,0,0,0,0,0,1,0,0,0,0,0,0,0,0,0,0,0,0,0,0,0,0,0,0,0,0,0,0,0,0,0,0,0,0,0,0,0,0,0,0,0,0,1,0,0,0,0,0,0,0,1,0,0,0,0,0,0,0,2006062044,3,4,NA,2,2,"N",4,NA,25,NA,NA,"GEARING AV"
"199",2006062595,11,2,2301,2301,2006,6,2,1300,13,1,1,0,5,1,3,0,3,0,"N","N",2,4,1,1,0,0,0,0,0,0,1,0,1,0,0,0,1,0,2,0,0,0,0,0,0,0,0,0,0,0,0,8,0,0,0,0,0,0,0,0,"40 27:28.767","79 54:14.527",40.45800018,-79.90399933,NA,0,NA,"N",NA,NA,0,"","N",NA,NA,NA,"","","","","","","","",2006062595,0,0,1,1,0,0,0,0,0,0,0,0,0,0,0,0,0,1,0,0,1,0,0,1,0,0,0,0,0,0,0,0,0,0,0,0,1,0,0,0,0,0,0,0,0,0,0,0,0,0,0,0,0,0,0,0,0,0,0,0,1,0,0,0,0,0,0,0,0,0,0,0,0,1,0,0,0,0,0,0,0,0,0,0,0,0,0,0,0,2006062595,3,4,NA,2,2,"E",4,NA,25,NA,0,"FRANKSTOWN AV"
"202",2006066249,11,2,2301,2301,2006,6,2,1410,14,1,1,0,4,1,1,2,3,0,"N","N",2,2,1,1,0,0,0,0,0,0,1,0,1,0,0,0,1,0,0,0,0,0,0,0,0,0,0,0,0,0,0,8,0,0,0,0,0,0,0,0,"40 27:23.763","80 01:00.300",40.45660019,-80.01679993,1,1,2,"N",NA,NA,3,"N","N",NA,NA,NA,"","","","","","","","",2006066249,0,0,1,1,0,0,0,0,0,0,0,0,0,0,0,0,0,1,0,0,1,1,0,0,0,0,0,0,0,0,0,0,0,0,0,0,1,0,0,0,0,0,0,0,0,0,0,0,0,0,0,0,0,0,0,0,0,0,0,0,0,0,0,0,0,0,0,0,0,0,0,0,0,1,0,0,0,0,0,0,0,0,0,0,0,0,0,0,0,2006066249,3,4,NA,2,2,"S",4,NA,25,NA,0,"BRIGHTON RD"
"203",2006066731,11,2,2301,2301,2006,6,3,750,7,1,1,0,4,1,1,0,3,0,"N","N",2,2,1,1,0,0,0,0,0,0,1,0,1,0,0,1,0,0,0,0,0,0,0,0,0,0,0,0,0,0,0,4,0,0,0,0,0,1,0,0,"40 28:14.000","79 57:36.682",40.47240067,-79.95909882,NA,0,NA,"N",NA,NA,0,"","N",NA,NA,NA,"","","","","","","","",2006066731,0,1,1,0,0,0,0,0,0,0,0,0,0,0,0,0,0,1,0,0,1,0,0,1,0,0,0,0,0,0,0,0,0,0,0,0,1,0,0,0,0,0,0,0,0,0,1,0,0,0,0,0,0,0,1,0,0,0,0,0,0,0,0,0,0,0,0,1,0,0,0,0,0,1,0,0,0,0,0,0,0,1,0,0,0,0,0,0,0,2006066731,3,3,3,2,2,"",2,2122,25,40,1465,"BUTLER ST"
"209",2006069636,11,2,2301,2301,2006,6,4,1155,11,1,1,0,4,1,1,2,3,0,"N","N",2,2,1,1,0,0,0,0,0,0,1,0,1,0,0,0,1,0,0,0,0,0,0,0,0,0,0,0,0,0,0,8,0,0,0,0,0,0,0,1,"40 27:11.520","79 59:33.748",40.45320129,-79.99269867,NA,0,NA,"N",NA,NA,3,"","N",NA,NA,NA,"","","","","","","","",2006069636,0,0,1,1,0,0,0,0,0,0,0,0,0,0,0,0,0,1,0,0,1,1,0,0,0,0,0,0,0,0,0,0,0,0,0,0,1,0,0,0,0,0,0,0,0,0,0,0,0,0,0,0,0,0,1,0,0,0,0,1,0,0,0,0,0,0,0,0,0,0,0,0,0,1,0,0,0,0,0,0,0,0,0,0,0,0,0,0,0,2006069636,3,4,NA,2,2,"N",4,NA,NA,NA,0,"CHESTNUT ST"
"211",2006072431,11,2,2301,2301,2006,7,6,1904,19,1,1,0,4,1,1,0,3,0,"N","N",2,2,1,0,0,0,0,0,1,0,1,0,1,0,0,0,1,0,0,0,0,0,0,0,0,0,0,0,0,0,0,8,0,0,0,0,0,1,0,0,"40 24:20.898","80 01:39.255",40.40579987,-80.02760315,2,2,5,"N",NA,NA,0,"N","N",NA,NA,NA,"","","","","","","","",2006072431,0,0,1,1,0,0,0,0,0,0,0,0,0,0,0,0,0,1,0,0,1,0,0,1,0,0,0,0,0,0,0,0,0,0,0,0,1,0,0,0,0,0,0,0,0,0,0,0,0,0,0,0,0,0,0,0,0,0,0,0,0,0,0,0,0,0,0,1,0,0,0,0,0,1,0,0,0,0,0,0,0,0,0,0,0,0,0,0,0,2006072431,3,4,NA,2,2,"E",4,NA,NA,NA,0,"PAULINE AV"
"212",2006073079,11,2,2301,2301,2006,6,5,1108,11,1,1,0,4,1,1,2,3,0,"N","N",2,3,1,1,0,0,0,0,0,0,1,0,1,1,0,0,0,1,0,0,0,0,0,0,0,0,1,0,0,0,0,2,0,0,0,0,0,1,0,0,"40 27:23.000","79 53:47.654",40.45619965,-79.89559937,NA,0,NA,"N",NA,NA,1,"","N",NA,NA,NA,"","","","","","","","",2006073079,0,1,1,0,0,0,0,0,0,0,0,0,0,0,0,0,1,1,0,0,1,1,0,0,0,0,0,0,0,0,0,0,0,0,0,0,1,0,0,0,0,0,0,0,0,0,0,0,0,0,0,0,0,0,0,0,0,0,0,0,0,0,0,0,0,0,0,1,0,0,0,0,0,1,0,0,0,0,0,0,0,0,0,1,0,0,0,0,0,2006073079,3,3,3,2,2,"E",2,400,25,130,2145,"BENNETT ST"
"216",2006074736,11,2,2301,2301,2006,7,4,1909,19,1,1,0,4,1,1,0,3,0,"N","N",2,2,1,1,0,0,0,0,0,0,1,0,1,0,0,0,1,0,0,0,0,0,0,0,0,0,0,0,0,0,0,8,0,0,0,0,0,0,0,0,"40 27:31.928","79 53:27.477",40.45890045,-79.89099884,NA,0,NA,"N",NA,NA,0,"","N",NA,NA,NA,"","","","","","","","",2006074736,0,0,1,1,0,0,0,0,0,0,0,0,0,0,0,0,0,1,0,0,1,0,0,1,0,0,0,0,0,0,0,0,0,0,0,0,1,0,0,0,0,0,0,0,0,0,0,0,0,0,0,0,0,0,0,0,0,0,0,0,0,0,0,0,0,0,0,0,0,0,0,0,0,1,0,0,0,0,0,0,0,0,0,0,0,0,0,0,0,2006074736,3,4,NA,2,2,"N",4,NA,NA,NA,NA,"COLLIER ST"
"222",2006079125,11,2,2301,2301,2006,7,2,2104,21,3,1,0,4,1,1,0,3,0,"N","N",2,2,1,1,0,0,0,0,0,0,1,0,1,0,1,0,0,1,0,0,0,0,0,0,0,0,0,0,0,0,0,3,0,0,0,0,0,0,0,0,"40 25:11.989","79 59:56.011",40.41999817,-79.99890137,NA,0,NA,"N",NA,NA,0,"","N",NA,NA,NA,"","","","","","","","",2006079125,0,0,1,1,0,0,0,0,0,0,0,0,0,0,0,0,0,1,0,0,1,0,0,1,0,0,0,0,0,0,0,0,0,0,0,0,1,0,1,0,0,0,0,0,0,0,0,0,0,0,0,0,0,0,0,0,0,0,0,0,0,0,0,0,0,0,0,0,0,0,0,0,0,1,0,0,0,0,0,0,1,0,1,0,0,0,0,0,0,2006079125,3,4,NA,2,2,"S",4,NA,25,NA,0,"CLIMAX ST"
"223",2006079369,11,2,2301,2301,2006,7,2,845,8,1,1,0,4,1,2,3,3,0,"N","N",2,2,1,0,0,0,0,0,1,0,1,0,1,0,1,0,0,0,0,0,0,0,0,0,0,0,0,0,0,0,0,3,0,0,0,0,0,1,0,0,"40 27:02.000","79 54:20.843",40.45069885,-79.90579987,NA,0,NA,"N",NA,NA,3,"","N",NA,NA,NA,"","","","","","","","",2006079369,0,1,1,0,0,0,0,0,0,0,0,0,0,0,0,0,0,1,0,0,1,0,1,1,0,0,0,0,0,0,0,0,0,0,0,0,1,0,0,0,0,0,0,0,0,0,0,0,0,0,0,0,0,0,0,0,0,0,0,0,0,0,0,0,0,0,0,1,0,0,0,0,0,1,0,0,0,0,0,0,0,0,1,0,0,0,0,0,0,2006079369,3,3,3,2,2,"N",2,8,35,64,1360,"PENN AV"
"226",2006087953,11,2,2301,2301,2006,8,5,2220,22,3,1,0,4,1,1,3,3,0,"N","N",2,2,1,0,0,0,0,0,0,1,1,0,1,0,0,0,1,0,0,0,0,0,0,0,0,0,0,0,0,0,0,8,0,0,0,0,0,1,0,0,"40 27:14.342","80 03:34.268",40.45399857,-80.05950165,NA,0,NA,"N",NA,NA,2,"","N",NA,NA,NA,"","","","","","","","",2006087953,0,0,1,1,0,0,0,0,0,0,0,0,0,0,0,0,0,1,0,0,1,0,1,1,0,0,0,0,0,0,0,0,0,0,0,0,1,0,0,0,0,0,0,0,0,0,0,0,0,0,0,0,0,0,0,0,0,0,0,0,0,0,0,0,0,0,0,1,0,0,0,0,0,1,0,0,0,0,0,0,1,0,0,0,0,0,0,0,0,2006087953,3,4,NA,2,2,"E",4,NA,25,NA,0,"CHARTIERS AV"
"227",2006090251,11,2,2301,2301,2006,8,2,1510,15,1,1,0,4,1,2,3,3,0,"N","N",2,2,1,1,0,0,0,0,0,0,1,0,1,0,1,0,0,0,0,0,0,0,0,0,0,0,0,0,0,0,0,3,0,0,0,0,0,0,0,0,"40 26:50.766","79 57:14.569",40.44739914,-79.95400238,NA,0,NA,"N",NA,NA,3,"","N",NA,NA,NA,"","","","","","","","",2006090251,0,0,1,1,0,0,0,0,0,0,0,0,0,0,0,0,0,1,0,0,1,0,1,1,0,0,0,0,0,0,0,0,0,0,0,0,1,0,0,0,0,0,0,0,0,0,0,0,0,0,0,0,0,0,0,0,0,0,0,0,0,0,0,0,0,0,0,0,0,0,0,0,0,1,0,0,0,0,0,0,0,0,1,0,0,0,0,0,0,2006090251,3,4,NA,2,2,"E",4,NA,25,NA,0,"BIGELOW BL"