"","CRASH_CRN","DISTRICT","CRASH_COUNTY","MUNICIPALITY","POLICE_AGCY","CRASH_YEAR","CRASH_MONTH","DAY_OF_WEEK","TIME_OF_DAY","HOUR_OF_DAY","ILLUMINATION","WEATHER","ROAD_CONDITION","COLLISION_TYPE","RELATION_TO_ROAD","INTERSECT_TYPE","TCD_TYPE","URBAN_RURAL","LOCATION_TYPE","SCH_BUS_IND","SCH_ZONE_IND","TOTAL_UNITS","PERSON_COUNT","VEHICLE_COUNT","AUTOMOBILE_COUNT","MOTORCYCLE_COUNT","BUS_COUNT","SMALL_TRUCK_COUNT","HEAVY_TRUCK_COUNT","SUV_COUNT","VAN_COUNT","BICYCLE_COUNT","FATAL_COUNT","INJURY_COUNT","MAJ_INJ_COUNT","MOD_INJ_COUNT","MIN_INJ_COUNT","UNK_INJ_DEG_COUNT","UNK_INJ_PER_COUNT","UNBELTED_OCC_COUNT","UNB_DEATH_COUNT","UNB_MAJ_INJ_COUNT","BELTED_DEATH_COUNT","BELTED_MAJ_INJ_COUNT","MCYCLE_DEATH_COUNT","MCYCLE_MAJ_INJ_COUNT","BICYCLE_DEATH_COUNT","BICYCLE_MAJ_INJ_COUNT","PED_COUNT","PED_DEATH_COUNT","PED_MAJ_INJ_COUNT","COMM_VEH_COUNT","MAX_SEVERITY_LEVEL","DRIVER_COUNT_16YR","DRIVER_COUNT_17YR","DRIVER_COUNT_18YR","DRIVER_COUNT_19YR","DRIVER_COUNT_20YR","DRIVER_COUNT_50_64YR","DRIVER_COUNT_65_74YR","DRIVER_COUNT_75PLUS","LATITUDE","LONGITUDE","DEC_LAT","DEC_LONG","EST_HRS_CLOSED","LANE_CLOSED","LN_CLOSE_DIR","NTFY_HIWY_MAINT","RDWY_SURF_TYPE_CD","SPEC_JURIS_CD","TCD_FUNC_CD","TFC_DETOUR_IND","WORK_ZONE_IND","WORK_ZONE_TYPE","WORK_ZONE_LOC","CONS_ZONE_SPD_LIM","WORKERS_PRES","WZ_CLOSE_DETOUR","WZ_FLAGGER","WZ_LAW_OFFCR_IND","WZ_LN_CLOSURE","WZ_MOVING","WZ_OTHER","WZ_SHLDER_MDN","FLAG_CRN","INTERSTATE","STATE_ROAD","LOCAL_ROAD","LOCAL_ROAD_ONLY","TURNPIKE","WET_ROAD","SNOW_SLUSH_ROAD","ICY_ROAD","SUDDEN_DEER","SHLDR_RELATED","REAR_END","HO_OPPDIR_SDSWP","HIT_FIXED_OBJECT","SV_RUN_OFF_RD","WORK_ZONE","PROPERTY_DAMAGE_ONLY","FATAL_OR_MAJ_INJ","INJURY","FATAL","NON_INTERSECTION","INTERSECTION","SIGNALIZED_INT","STOP_CONTROLLED_INT","UNSIGNALIZED_INT","SCHOOL_BUS","SCHOOL_ZONE","HIT_DEER","HIT_TREE_SHRUB","HIT_EMBANKMENT","HIT_POLE","HIT_GDRAIL","HIT_GDRAIL_END","HIT_BARRIER","HIT_BRIDGE","OVERTURNED","MOTORCYCLE","BICYCLE","HVY_TRUCK_RELATED","VEHICLE_FAILURE","TRAIN_TROLLEY","PHANTOM_VEHICLE","ALCOHOL_RELATED","DRINKING_DRIVER","UNDERAGE_DRNK_DRV","UNLICENSED","CELL_PHONE","NO_CLEARANCE","RUNNING_RED_LT","TAILGATING","CROSS_MEDIAN","CURVE_DVR_ERROR","LIMIT_65MPH","SPEEDING","SPEEDING_RELATED","AGGRESSIVE_DRIVING","FATIGUE_ASLEEP","DRIVER_16YR","DRIVER_17YR","DRIVER_65_74YR","DRIVER_75PLUS","UNBELTED","PEDESTRIAN","DISTRACTED","CURVED_ROAD","DRIVER_18YR","DRIVER_19YR","DRIVER_20YR","DRIVER_50_64YR","VEHICLE_TOWED","FIRE_IN_VEHICLE","HIT_PARKED_VEHICLE","MC_DRINKING_DRIVER","DRUGGED_DRIVER","INJURY_OR_FATAL","COMM_VEHICLE","IMPAIRED_DRIVER","DEER_RELATED","DRUG_RELATED","HAZARDOUS_TRUCK","ILLEGAL_DRUG_RELATED","ILLUMINATION_DARK","MINOR_INJURY","MODERATE_INJURY","MAJOR_INJURY","NHTSA_AGG_DRIVING","PSP_REPORTED","RUNNING_STOP_SIGN","TRAIN","TROLLEY","ROADWAY_CRN","RDWY_SEQ_NUM","ADJ_RDWY_SEQ","ACCESS_CTRL","ROADWAY_COUNTY","LANE_COUNT","RDWY_ORIENT","ROAD_OWNER","ROUTE","SPEED_LIMIT","SEGMENT","OFFSET","STREET_NAME"
"229",2006093012,11,2,2301,2301,2006,8,5,2042,20,3,1,0,1,1,1,2,3,0,"N","N",2,2,1,1,0,0,0,0,0,0,1,0,1,0,0,1,0,0,0,0,0,0,0,0,0,0,0,0,0,0,0,4,0,0,0,0,0,0,0,0,"40 23:14.406","79 59:01.921",40.38729858,-79.98390198,NA,0,NA,"N",NA,NA,3,"","N",NA,NA,NA,"","","","","","","","",2006093012,0,0,1,1,0,0,0,0,0,0,1,0,0,0,0,0,0,1,0,0,1,1,0,0,0,0,0,0,0,0,0,0,0,0,0,0,1,0,0,0,0,0,0,0,0,0,0,0,0,0,0,0,0,0,0,0,0,0,0,0,0,0,0,0,0,0,0,0,0,0,0,0,0,1,0,0,0,0,0,0,1,1,0,0,0,0,0,0,0,2006093012,3,4,NA,2,2,"E",4,NA,25,NA,0,"BROWNSVILLE RD"
"233",2006098076,11,2,2301,2301,2006,9,5,1315,13,1,1,1,4,1,1,3,3,0,"N","N",2,2,1,1,0,0,0,0,0,0,1,0,1,0,0,0,1,0,1,0,0,0,0,0,0,0,0,0,0,0,0,8,0,0,0,0,0,1,0,0,"40 27:01.620","79 56:42.072",40.45050049,-79.94499969,NA,0,NA,"N",NA,NA,3,"","N",NA,NA,NA,"","","","","","","","",2006098076,0,0,1,1,0,1,0,0,0,0,0,0,0,0,0,0,0,1,0,0,1,0,1,1,0,0,0,0,0,0,0,0,0,0,0,0,1,0,1,0,0,0,0,0,0,0,0,0,0,0,0,0,0,0,1,0,0,0,0,0,1,0,0,0,0,0,0,1,0,0,0,0,0,1,0,0,0,0,0,0,0,0,0,0,0,0,1,0,0,2006098076,3,4,NA,2,2,"",4,NA,25,NA,0,"ELLSWORTH AV"
"238",2006106424,11,2,2301,2301,2006,10,1,1614,16,1,1,0,4,1,2,3,3,0,"N","N",2,2,1,1,0,0,0,0,0,0,1,0,1,0,0,0,1,1,0,0,0,0,0,0,0,0,0,0,0,0,0,8,0,0,0,0,0,0,0,0,"40 26:52.656","79 56:51.702",40.44800186,-79.9477005,NA,0,NA,"N",NA,NA,3,"","N",NA,NA,NA,"","","","","","","","",2006106424,0,0,1,1,0,0,0,0,0,0,0,0,0,0,0,0,0,1,0,0,1,0,1,1,0,0,0,0,0,0,0,0,0,0,0,0,1,0,0,0,0,0,0,0,0,0,0,0,0,0,0,0,0,0,1,0,0,0,0,0,0,0,0,0,0,0,0,0,0,0,0,0,0,1,0,0,0,0,0,0,0,0,0,0,1,0,1,0,0,2006106424,3,4,NA,2,2,"E",4,NA,25,NA,0,"N NEVILLE AV"
"239",2006107887,11,2,2301,2301,2006,10,2,1825,18,1,1,0,6,1,1,2,3,0,"N","N",2,2,1,0,0,0,0,0,1,0,1,0,1,0,1,0,0,0,0,0,0,0,0,0,0,0,0,0,0,0,0,3,0,0,0,0,0,0,0,0,"40 26:11.727","79 57:58.486",40.43659973,-79.96620178,NA,0,NA,"N",NA,NA,3,"","N",NA,NA,NA,"","","","","","","","",2006107887,0,0,1,1,0,0,0,0,0,0,0,1,0,0,0,0,0,1,0,0,1,1,0,0,0,0,0,0,0,0,0,0,0,0,0,0,1,0,0,0,0,0,0,0,0,0,0,0,0,0,0,0,0,0,1,0,0,0,0,0,0,0,0,0,0,0,0,0,0,0,0,0,0,1,0,0,0,0,0,0,0,0,1,0,0,0,0,0,0,2006107887,3,4,NA,2,4,"N",4,NA,25,NA,0,"FIFTH AV"
"241",2006109580,11,2,2301,2301,2006,10,6,725,7,5,1,0,4,1,0,0,3,0,"N","N",2,2,1,1,0,0,0,0,0,0,1,0,1,0,0,0,1,0,0,0,0,0,0,0,0,0,0,0,0,0,0,8,0,0,0,0,0,0,0,0,"40 27:42.120","79 57:56.785",40.46170044,-79.96579742,NA,0,NA,"N",NA,NA,0,"","N",NA,NA,NA,"","","","","","","","",2006109580,0,0,1,1,0,0,0,0,0,0,0,0,0,0,0,0,0,1,0,1,0,0,0,0,0,0,0,0,0,0,0,0,0,0,0,0,1,0,0,0,0,0,0,0,0,0,0,0,0,0,0,0,0,0,0,0,0,0,0,0,0,0,0,0,0,0,0,0,0,0,0,0,0,1,0,0,0,0,0,0,0,0,0,0,0,0,0,0,0,2006109580,3,3,NA,2,2,"",4,NA,35,NA,0,"LIBERTY AV"
"244",2006118782,11,2,2301,2301,2006,11,4,1235,12,1,1,0,4,1,0,0,3,0,"N","N",2,2,1,1,0,0,0,0,0,0,1,0,1,0,0,0,1,0,0,0,0,0,0,0,0,0,0,0,0,0,0,8,0,0,0,0,0,0,0,0,"40 29:05.496","79 54:30.710",40.48490143,-79.90850067,2,1,5,"N",NA,NA,0,"N","N",NA,NA,NA,"","","","","","","","",2006118782,0,0,1,1,0,0,0,0,0,0,0,0,0,0,0,0,0,1,0,1,0,0,0,0,0,0,0,0,0,0,0,0,0,0,0,0,1,0,0,0,0,0,0,0,0,0,0,0,0,0,0,0,0,0,0,0,0,0,0,0,0,0,0,0,0,0,0,0,1,0,0,0,0,1,0,0,0,0,0,0,0,0,0,0,0,0,0,0,0,2006118782,3,3,NA,2,4,"N",4,NA,35,NA,0,"WASHINGTON BL"
"245",2006119164,11,2,2301,2301,2006,11,6,1936,19,3,1,0,4,1,2,0,3,0,"N","N",2,2,1,1,0,0,0,0,0,0,1,0,1,0,0,1,0,0,0,0,0,0,0,0,0,0,0,0,0,0,0,4,0,0,0,0,0,0,0,0,"40 26:38.439","79 57:00.573",40.44400024,-79.95020294,1,2,5,"N",NA,NA,0,"Y","N",NA,NA,NA,"","","","","","","","",2006119164,0,0,1,1,0,0,0,0,0,0,0,0,0,0,0,0,0,1,0,0,1,0,0,1,0,0,0,0,0,0,0,0,0,0,0,0,1,0,0,0,0,0,0,0,0,0,0,0,0,0,0,0,0,0,1,0,0,0,0,0,0,0,0,0,0,0,0,0,0,0,0,0,0,1,0,0,0,0,0,0,1,1,0,0,0,0,0,0,0,2006119164,3,4,NA,2,2,"S",4,NA,25,NA,0,"DITHRIDGE ST"
"248",2006127898,11,2,2301,2301,2006,11,3,1455,14,1,1,0,4,1,2,0,3,0,"N","N",2,2,1,0,0,0,0,0,0,1,1,0,1,0,1,0,0,0,0,0,0,0,0,0,0,0,0,0,0,0,0,3,0,0,0,0,0,0,0,0,"40 27:01.288","79 59:12.490",40.45040131,-79.98680115,1,1,5,"N",NA,NA,0,"N","N",NA,NA,NA,"","","","","","","","",2006127898,0,0,1,1,0,0,0,0,0,0,0,0,0,0,0,0,0,1,0,0,1,0,0,1,0,0,0,0,0,0,0,0,0,0,0,0,1,0,0,0,0,0,0,0,0,0,0,0,0,0,0,0,0,0,1,0,0,0,0,0,0,0,0,0,0,0,0,0,0,0,0,0,0,1,0,0,0,0,0,0,0,0,1,0,0,0,0,0,0,2006127898,3,4,NA,2,2,"N",4,NA,25,NA,NA,"SEVENTEENTH ST"
"249",2006130135,11,2,2301,2301,2006,12,3,1819,18,6,1,0,4,1,1,2,3,0,"N","N",2,2,1,1,0,0,0,0,0,0,1,0,1,0,1,0,0,0,0,0,0,0,0,0,0,0,0,0,0,0,0,3,0,0,0,0,0,1,0,0,"40 26:38.000","79 55:33.741",40.44400024,-79.9260025,NA,0,NA,"N",NA,NA,3,"","N",NA,NA,NA,"","","","","","","","",2006130135,0,1,1,0,0,0,0,0,0,0,0,0,0,0,0,0,0,1,0,0,1,1,0,0,0,0,0,0,0,0,0,0,0,0,0,0,1,0,0,0,0,0,0,0,0,0,0,0,0,0,0,0,0,0,0,0,0,0,0,0,0,0,0,0,0,0,0,1,0,0,0,0,0,1,0,0,0,0,0,0,1,0,1,0,0,0,0,0,0,2006130135,3,3,3,2,2,"E",2,2108,25,120,1600,"WILKINS AV"
"250",2006130392,11,2,2301,2301,2006,12,6,1129,11,1,1,0,4,1,1,3,3,0,"N","N",2,2,1,1,0,0,0,0,0,0,1,0,1,0,1,0,0,0,0,0,0,0,0,0,0,0,0,0,0,0,0,3,0,0,0,0,0,1,0,0,"40 26:58.412","79 53:57.033",40.44960022,-79.89920044,NA,0,NA,"",NA,NA,3,"","N",NA,NA,NA,"","","","","","","","",2006130392,0,0,1,1,0,0,0,0,0,0,0,0,0,0,0,0,0,1,0,0,1,0,1,1,0,0,0,0,0,0,0,0,0,0,0,0,1,0,0,0,0,0,0,0,0,0,0,0,0,0,0,0,0,0,1,0,0,0,0,0,0,0,1,0,0,0,0,1,0,0,0,0,0,1,0,0,0,0,0,0,0,0,1,0,0,0,0,0,0,2006130392,3,4,NA,2,2,"N",4,NA,25,NA,NA,"LEXINGTON AV"
"259",2007001874,11,2,2301,2301,2006,12,5,1605,16,1,1,0,4,1,0,0,3,0,"N","N",2,3,1,0,0,0,1,0,0,0,1,0,1,1,0,0,0,0,0,0,0,0,0,0,0,0,1,0,0,0,0,2,0,0,0,0,0,0,0,0,"40 26:14.271","80 00:01.887",40.43730164,-80.00050354,NA,0,NA,"N",NA,NA,0,"","N",NA,NA,NA,"","","","","","","","",2007001874,0,1,0,0,0,0,0,0,0,0,0,0,0,0,0,0,1,1,0,1,0,0,0,0,0,0,0,0,0,0,0,0,0,0,0,0,1,0,0,0,0,0,0,0,0,0,0,0,0,0,0,0,0,0,0,0,0,0,0,0,0,0,0,0,0,0,0,0,0,0,0,0,0,1,0,0,0,0,0,0,0,0,0,1,0,0,0,0,0,2007001874,3,3,3,2,2,"B",2,3027,25,30,395,"SMITHFIELD ST"
"260",2007002423,11,2,2301,2301,2006,12,3,1630,16,1,1,0,9,1,1,0,3,0,"N","N",2,3,1,1,0,0,0,0,0,0,1,0,1,0,0,1,0,0,2,0,0,0,0,0,0,0,0,0,0,0,0,4,0,0,1,0,0,0,0,0,"40 26:56.544","79 56:04.488",40.44900131,-79.93460083,9,1,2,"N",NA,NA,0,"N","Y",NA,NA,NA,"Y","","","U","","Y","","Y",2007002423,0,0,1,1,0,0,0,0,0,0,0,0,0,0,1,0,0,1,0,0,1,0,0,1,0,0,0,0,0,0,0,0,0,0,0,0,1,0,0,0,0,0,0,0,0,0,0,0,0,0,0,0,0,0,0,0,0,0,0,0,1,0,0,0,1,0,0,0,0,0,0,0,0,1,0,0,0,0,0,0,0,1,0,0,0,0,0,0,0,2007002423,3,4,NA,2,2,"S",4,NA,25,NA,NA,"AIKEN AV"
"261",2007007864,11,2,2301,2301,2007,1,3,830,8,1,4,1,1,1,0,0,3,0,"N","N",2,2,1,0,0,0,1,0,0,0,1,0,1,0,1,0,0,0,0,0,0,0,0,0,0,0,0,0,0,0,0,3,0,0,0,0,0,0,0,0,"40 27:01.872","80 00:13.365",40.45050049,-80.00370026,NA,0,NA,"N",NA,NA,0,"","N",NA,NA,NA,"","","","","","","","",2007007864,0,0,1,1,0,1,0,0,0,0,1,0,0,0,0,0,0,1,0,1,0,0,0,0,0,0,0,0,0,0,0,0,0,0,0,0,1,0,0,0,0,0,0,0,0,0,0,0,0,0,0,0,0,0,0,0,0,0,0,0,0,0,0,0,0,0,0,0,0,0,1,0,0,1,0,0,0,0,0,0,0,0,1,0,0,0,0,0,0,2007007864,3,3,NA,2,4,"S",4,NA,25,NA,NA,"COMMONS ST"
"263",2007016358,11,2,2301,2301,2007,1,1,25,0,3,1,0,4,1,1,2,3,0,"N","N",2,3,1,1,0,0,0,0,0,0,1,0,1,0,1,0,0,0,2,0,0,0,0,0,0,0,0,0,0,0,0,3,0,0,0,0,0,0,0,0,"40 26:16.954","79 55:09.717",40.43799973,-79.91940308,1,2,7,"",NA,NA,3,"Y","N",NA,NA,NA,"","","","","","","","",2007016358,0,0,1,1,0,0,0,0,0,0,0,0,0,0,0,0,0,1,0,0,1,1,0,0,0,0,0,0,0,0,0,0,0,0,0,0,1,0,0,0,0,1,0,0,0,0,0,0,0,0,0,0,0,0,0,0,0,0,0,0,1,0,0,0,0,0,0,0,0,0,0,0,0,1,0,1,0,0,0,0,1,0,1,0,0,0,0,0,0,2007016358,3,4,NA,2,4,"N",4,NA,25,NA,NA,"FORBES AV"
"264",2007026077,11,2,2301,2301,2007,2,4,1833,18,1,1,0,4,1,2,3,3,0,"N","N",2,2,1,1,0,0,0,0,0,0,1,0,0,0,0,0,0,0,0,0,0,0,0,0,0,0,0,0,0,0,0,0,0,0,0,0,1,0,0,0,"40 26:21.000","79 57:36.826",40.43920135,-79.96029663,NA,0,NA,"N",NA,NA,3,"","N",NA,NA,NA,"","","","","","","","",2007026077,0,1,1,0,0,0,0,0,0,0,0,0,0,0,0,1,0,0,0,0,1,0,1,1,0,0,0,0,0,0,0,0,0,0,0,0,1,0,0,0,0,0,0,0,0,0,0,0,0,0,0,0,0,0,0,0,0,0,0,0,0,0,0,0,0,0,1,0,1,0,0,0,0,0,0,0,0,0,0,0,0,0,0,0,0,0,0,0,0,2007026077,3,3,3,2,4,"E",2,2108,25,80,0,"FORBES AV"
"270",2007050418,11,2,2301,2301,2007,4,1,1148,11,1,1,8,4,1,0,0,3,0,"N","N",2,3,1,1,0,0,0,0,0,0,1,0,1,0,0,0,1,0,0,0,0,0,0,0,0,0,0,0,0,0,0,8,0,0,0,0,0,0,0,0,"40 25:40.915","79 56:05.769",40.4280014,-79.93489838,1,2,6,"N",NA,NA,0,"N","N",NA,NA,NA,"","","","","","","","",2007050418,0,0,1,1,0,0,0,0,0,0,0,0,0,0,0,0,0,1,0,1,0,0,0,0,0,0,0,0,0,0,0,0,0,0,0,0,1,0,0,0,0,0,0,0,0,0,0,0,0,0,0,0,0,0,0,0,0,0,0,0,0,0,0,0,0,0,0,0,0,0,0,0,0,1,0,0,0,0,0,0,0,0,0,0,0,0,0,0,0,2007050418,3,3,NA,2,2,"W",4,NA,25,NA,NA,"BEECHWOOD BL"
"271",2007050489,11,2,2301,2301,2007,4,6,1505,15,1,1,0,4,1,1,3,3,0,"N","N",2,2,1,1,0,0,0,0,0,0,1,0,1,0,0,0,1,0,0,0,0,0,0,0,0,0,0,0,0,0,0,8,0,0,0,0,0,0,0,0,"40 27:13.064","79 53:45.776",40.45360184,-79.89600372,NA,0,NA,"N",NA,NA,3,"","N",NA,NA,NA,"","","","","","","","",2007050489,0,0,1,1,0,0,0,0,0,0,0,0,0,0,0,0,0,1,0,0,1,0,1,1,0,0,0,0,0,0,0,0,0,0,0,0,1,0,0,0,0,0,0,0,0,0,0,0,0,0,0,0,0,0,0,0,0,0,0,0,0,0,0,0,0,0,0,0,0,0,0,0,0,1,0,0,0,0,0,0,0,0,0,0,0,0,0,0,0,2007050489,3,4,NA,2,2,"S",4,NA,25,NA,NA,"ALBION ST"
"272",2007050866,11,2,2301,2301,2007,4,7,1735,17,1,1,0,5,1,0,0,3,0,"N","N",2,2,1,1,0,0,0,0,0,0,1,0,1,0,0,1,0,0,0,0,0,0,0,0,0,0,0,0,0,0,0,4,0,0,0,0,0,0,0,0,"40 26:47.599","79 59:22.881",40.44660187,-79.98970032,NA,0,NA,"N",NA,NA,0,"","N",NA,NA,NA,"","","","","","","","",2007050866,0,0,1,1,0,0,0,0,0,0,0,0,0,0,0,0,0,1,0,1,0,0,0,0,0,0,0,0,0,0,0,0,0,0,0,0,1,0,0,0,0,0,0,0,0,0,0,0,0,0,0,0,0,0,0,0,0,0,0,0,0,0,0,0,0,0,0,0,0,0,0,0,0,1,0,0,0,0,0,0,0,1,0,0,0,0,0,0,0,2007050866,3,3,NA,2,2,"N",4,NA,35,NA,NA,"LIBERTY AV"
"273",2007050875,11,2,2301,2301,2007,4,2,2035,20,3,1,0,4,1,1,3,3,0,"N","N",2,2,1,0,0,0,0,0,1,0,1,0,1,0,0,0,1,0,1,0,0,0,0,0,0,0,0,0,0,0,0,8,0,0,0,0,0,0,0,0,"40 27:38.664","79 53:51.144",40.46070099,-79.89749908,NA,0,NA,"N",NA,NA,3,"","N",NA,NA,NA,"","","","","","","","",2007050875,0,0,1,1,0,0,0,0,0,0,0,0,0,0,0,0,0,1,0,0,1,0,1,1,0,0,0,0,0,0,0,0,0,0,0,0,1,0,0,0,0,0,0,0,0,0,0,0,0,0,0,0,0,0,1,0,0,0,0,0,1,0,0,0,0,0,0,0,0,0,0,0,0,1,0,0,0,0,0,0,1,0,0,0,0,0,1,0,0,2007050875,3,4,NA,2,2,"E",4,NA,25,NA,NA,"LANG AV"
"275",2007053387,11,2,2301,2301,2007,5,1,1656,16,1,1,0,4,1,0,0,3,0,"N","N",2,3,1,1,0,0,0,0,0,0,1,0,1,0,0,1,0,0,0,0,0,0,0,0,0,0,0,0,0,0,0,4,0,0,0,0,0,0,0,1,"40 27:09.121","80 00:31.944",40.45249939,-80.0089035,NA,0,NA,"N",NA,NA,0,"","N",NA,NA,NA,"","","","","","","","",2007053387,0,0,1,1,0,0,0,0,0,0,0,0,0,0,0,0,0,1,0,1,0,0,0,0,0,0,0,0,0,0,0,0,0,0,0,0,1,0,0,0,0,0,0,0,0,0,0,0,0,0,0,0,0,0,0,0,0,0,0,1,0,0,0,0,0,0,0,0,0,0,0,0,0,1,0,0,0,0,0,0,0,1,0,0,0,0,0,0,0,2007053387,3,3,NA,2,2,"N",4,NA,25,NA,NA,"ARCH ST"
"276",2007054620,11,2,2301,2301,2007,5,4,1848,18,1,1,0,4,1,1,3,3,0,"N","N",2,2,1,0,0,0,0,0,0,1,1,0,1,0,1,0,0,0,0,0,0,0,0,0,0,0,0,0,0,0,0,3,0,0,0,0,0,0,0,0,"40 24:24.303","79 56:43.245",40.40679932,-79.94529724,NA,0,NA,"N",NA,NA,3,"","N",NA,NA,NA,"","","","","","","","",2007054620,0,0,1,1,0,0,0,0,0,0,0,0,0,0,0,0,0,1,0,0,1,0,1,1,0,0,0,0,0,0,0,0,0,0,0,0,1,0,0,0,0,0,0,0,0,0,0,0,0,0,0,0,0,0,0,0,0,0,0,0,0,0,0,0,0,0,0,0,0,0,0,0,0,1,0,0,0,0,0,0,0,0,1,0,0,0,0,0,0,2007054620,3,4,NA,2,2,"N",4,NA,NA,NA,NA,"LYTLE ST"
"277",2007054622,11,2,2301,2301,2007,5,5,1741,17,1,1,0,4,1,1,0,3,0,"N","N",2,2,1,1,0,0,0,0,0,0,1,0,1,0,0,0,1,0,0,0,0,0,0,0,0,0,0,0,0,0,0,8,0,0,0,0,0,1,0,0,"40 27:02.012","79 55:48.288",40.45059967,-79.93009949,NA,0,NA,"N",NA,NA,0,"","N",NA,NA,NA,"","","","","","","","",2007054622,0,0,1,1,0,0,0,0,0,0,0,0,0,0,0,0,0,1,0,0,1,0,0,1,0,0,0,0,0,0,0,0,0,0,0,0,1,0,0,0,0,0,0,0,0,0,0,0,0,0,0,0,0,0,1,0,0,0,0,0,0,0,0,0,0,0,0,1,0,0,0,0,0,1,0,0,0,0,0,0,0,0,0,0,0,0,0,0,0,2007054622,3,4,NA,2,2,"N",4,NA,25,NA,NA,"NEGLEY AV"
"278",2007054632,11,2,2301,2301,2007,5,1,1645,16,1,1,0,4,1,2,3,3,0,"N","N",2,2,1,1,0,0,0,0,0,0,1,0,1,0,0,1,0,0,0,0,0,0,0,0,0,0,0,0,0,0,0,4,0,0,0,0,0,0,0,0,"40 24:59.122","79 59:49.966",40.41640091,-79.99720001,NA,0,NA,"N",NA,NA,3,"","N",NA,NA,NA,"","","","","","","","",2007054632,0,0,1,1,0,0,0,0,0,0,0,0,0,0,0,0,0,1,0,0,1,0,1,1,0,0,0,0,0,0,0,0,0,0,0,0,1,0,0,0,0,0,0,0,0,0,0,0,0,0,0,0,0,0,0,0,0,0,0,0,0,0,0,0,0,0,0,0,0,0,0,0,0,1,0,0,0,0,0,0,0,1,0,0,0,0,0,0,0,2007054632,3,4,NA,2,2,"W",4,NA,25,NA,NA,"BELTZHOOVER AV"
"280",2007055439,11,2,2301,2301,2007,5,3,2050,20,4,1,0,4,1,1,3,3,0,"N","N",2,2,1,1,0,0,0,0,0,0,1,0,1,0,0,0,1,0,0,0,0,0,0,0,0,0,0,0,0,0,0,8,0,0,0,0,0,1,0,0,"40 27:05.500","79 57:39.369",40.45149994,-79.96089935,NA,0,NA,"N",NA,NA,3,"","N",NA,NA,NA,"","","","","","","","",2007055439,0,0,1,1,0,0,0,0,0,0,0,0,0,0,0,0,0,1,0,0,1,0,1,1,0,0,0,0,0,0,0,0,0,0,0,0,1,0,0,0,0,0,0,0,0,0,0,0,0,0,0,0,0,0,0,0,0,0,0,0,0,0,0,0,0,0,0,1,0,0,0,0,0,1,0,0,0,0,0,0,0,0,0,0,0,0,0,0,0,2007055439,3,4,NA,2,2,"S",4,NA,NA,NA,NA,"LYON ST"
"283",2007057461,11,2,2301,2301,2007,5,7,1954,19,4,1,0,4,1,1,2,3,0,"N","N",2,2,1,0,0,0,0,0,0,1,1,0,1,0,0,1,0,0,0,0,0,0,0,0,0,0,0,0,0,0,0,4,0,0,0,0,0,1,0,0,"40 26:49.694","79 53:42.603",40.44710159,-79.89520264,NA,0,NA,"N",NA,NA,3,"","N",NA,NA,NA,"","","","","","","","",2007057461,0,1,1,0,0,0,0,0,0,0,0,0,0,0,0,0,0,1,0,0,1,1,0,0,0,0,0,0,0,0,0,0,0,0,0,0,1,0,0,0,0,0,0,0,0,0,0,0,0,0,0,0,0,0,0,0,0,0,0,0,0,0,0,0,0,0,0,1,0,0,0,0,0,1,0,0,0,0,0,0,0,1,0,0,0,0,0,0,0,2007057461,3,3,3,2,2,"E",2,8,25,60,0,"PENN AV"
"285",2007060964,11,2,2301,2301,2007,5,6,1647,16,1,1,0,1,1,2,0,3,0,"N","N",2,2,1,1,0,0,0,0,0,0,1,0,1,0,0,1,0,1,0,0,0,0,0,0,0,0,0,0,0,0,0,4,0,0,0,0,0,0,0,0,"40 25:19.452","79 59:50.744",40.42210007,-79.99739838,NA,0,NA,"N",NA,NA,0,"","N",NA,NA,NA,"","","","","","","","",2007060964,0,0,1,1,0,0,0,0,0,0,1,0,0,0,0,0,0,1,0,0,1,0,0,1,0,0,0,0,0,0,0,0,0,0,0,0,1,0,0,0,0,0,0,0,0,0,0,0,0,0,0,0,0,0,0,0,0,0,0,0,0,0,0,0,0,0,0,0,0,0,0,0,0,1,0,0,0,0,0,0,0,1,0,0,0,0,0,0,0,2007060964,3,4,NA,2,2,"N",4,NA,NA,NA,NA,"BELTZHOOVER AV"
"286",2007061466,11,2,2301,2301,2007,5,2,1702,17,1,1,0,6,1,2,3,3,0,"N","N",2,3,1,1,0,0,0,0,0,0,1,0,1,1,0,0,0,0,0,0,0,0,0,0,0,0,1,0,0,0,0,2,0,0,0,0,0,0,0,0,"40 25:00.753","80 00:36.504",40.41690063,-80.01010132,3,2,5,"N",NA,NA,3,"Y","N",NA,NA,NA,"","","","","","","","",2007061466,0,0,1,1,0,0,0,0,0,0,0,1,0,0,0,0,1,1,0,0,1,0,1,1,0,0,0,0,0,0,0,0,0,0,0,0,1,0,0,0,0,0,0,0,0,0,0,0,0,0,0,0,0,0,0,0,0,0,0,0,0,0,0,0,0,0,0,0,0,0,0,0,0,1,0,0,0,0,0,0,0,0,0,1,0,0,0,0,0,2007061466,3,4,NA,2,2,"N",4,NA,25,NA,NA,"BOGGSTON AV"