"","CRASH_CRN","DISTRICT","CRASH_COUNTY","MUNICIPALITY","POLICE_AGCY","CRASH_YEAR","CRASH_MONTH","DAY_OF_WEEK","TIME_OF_DAY","HOUR_OF_DAY","ILLUMINATION","WEATHER","ROAD_CONDITION","COLLISION_TYPE","RELATION_TO_ROAD","INTERSECT_TYPE","TCD_TYPE","URBAN_RURAL","LOCATION_TYPE","SCH_BUS_IND","SCH_ZONE_IND","TOTAL_UNITS","PERSON_COUNT","VEHICLE_COUNT","AUTOMOBILE_COUNT","MOTORCYCLE_COUNT","BUS_COUNT","SMALL_TRUCK_COUNT","HEAVY_TRUCK_COUNT","SUV_COUNT","VAN_COUNT","BICYCLE_COUNT","FATAL_COUNT","INJURY_COUNT","MAJ_INJ_COUNT","MOD_INJ_COUNT","MIN_INJ_COUNT","UNK_INJ_DEG_COUNT","UNK_INJ_PER_COUNT","UNBELTED_OCC_COUNT","UNB_DEATH_COUNT","UNB_MAJ_INJ_COUNT","BELTED_DEATH_COUNT","BELTED_MAJ_INJ_COUNT","MCYCLE_DEATH_COUNT","MCYCLE_MAJ_INJ_COUNT","BICYCLE_DEATH_COUNT","BICYCLE_MAJ_INJ_COUNT","PED_COUNT","PED_DEATH_COUNT","PED_MAJ_INJ_COUNT","COMM_VEH_COUNT","MAX_SEVERITY_LEVEL","DRIVER_COUNT_16YR","DRIVER_COUNT_17YR","DRIVER_COUNT_18YR","DRIVER_COUNT_19YR","DRIVER_COUNT_20YR","DRIVER_COUNT_50_64YR","DRIVER_COUNT_65_74YR","DRIVER_COUNT_75PLUS","LATITUDE","LONGITUDE","DEC_LAT","DEC_LONG","EST_HRS_CLOSED","LANE_CLOSED","LN_CLOSE_DIR","NTFY_HIWY_MAINT","RDWY_SURF_TYPE_CD","SPEC_JURIS_CD","TCD_FUNC_CD","TFC_DETOUR_IND","WORK_ZONE_IND","WORK_ZONE_TYPE","WORK_ZONE_LOC","CONS_ZONE_SPD_LIM","WORKERS_PRES","WZ_CLOSE_DETOUR","WZ_FLAGGER","WZ_LAW_OFFCR_IND","WZ_LN_CLOSURE","WZ_MOVING","WZ_OTHER","WZ_SHLDER_MDN","FLAG_CRN","INTERSTATE","STATE_ROAD","LOCAL_ROAD","LOCAL_ROAD_ONLY","TURNPIKE","WET_ROAD","SNOW_SLUSH_ROAD","ICY_ROAD","SUDDEN_DEER","SHLDR_RELATED","REAR_END","HO_OPPDIR_SDSWP","HIT_FIXED_OBJECT","SV_RUN_OFF_RD","WORK_ZONE","PROPERTY_DAMAGE_ONLY","FATAL_OR_MAJ_INJ","INJURY","FATAL","NON_INTERSECTION","INTERSECTION","SIGNALIZED_INT","STOP_CONTROLLED_INT","UNSIGNALIZED_INT","SCHOOL_BUS","SCHOOL_ZONE","HIT_DEER","HIT_TREE_SHRUB","HIT_EMBANKMENT","HIT_POLE","HIT_GDRAIL","HIT_GDRAIL_END","HIT_BARRIER","HIT_BRIDGE","OVERTURNED","MOTORCYCLE","BICYCLE","HVY_TRUCK_RELATED","VEHICLE_FAILURE","TRAIN_TROLLEY","PHANTOM_VEHICLE","ALCOHOL_RELATED","DRINKING_DRIVER","UNDERAGE_DRNK_DRV","UNLICENSED","CELL_PHONE","NO_CLEARANCE","RUNNING_RED_LT","TAILGATING","CROSS_MEDIAN","CURVE_DVR_ERROR","LIMIT_65MPH","SPEEDING","SPEEDING_RELATED","AGGRESSIVE_DRIVING","FATIGUE_ASLEEP","DRIVER_16YR","DRIVER_17YR","DRIVER_65_74YR","DRIVER_75PLUS","UNBELTED","PEDESTRIAN","DISTRACTED","CURVED_ROAD","DRIVER_18YR","DRIVER_19YR","DRIVER_20YR","DRIVER_50_64YR","VEHICLE_TOWED","FIRE_IN_VEHICLE","HIT_PARKED_VEHICLE","MC_DRINKING_DRIVER","DRUGGED_DRIVER","INJURY_OR_FATAL","COMM_VEHICLE","IMPAIRED_DRIVER","DEER_RELATED","DRUG_RELATED","HAZARDOUS_TRUCK","ILLEGAL_DRUG_RELATED","ILLUMINATION_DARK","MINOR_INJURY","MODERATE_INJURY","MAJOR_INJURY","NHTSA_AGG_DRIVING","PSP_REPORTED","RUNNING_STOP_SIGN","TRAIN","TROLLEY","ROADWAY_CRN","RDWY_SEQ_NUM","ADJ_RDWY_SEQ","ACCESS_CTRL","ROADWAY_COUNTY","LANE_COUNT","RDWY_ORIENT","ROAD_OWNER","ROUTE","SPEED_LIMIT","SEGMENT","OFFSET","STREET_NAME"
"334",2007104697,11,2,2301,2301,2007,10,3,751,7,1,1,0,4,1,0,0,3,0,"N","N",2,2,1,0,0,0,0,0,0,1,1,0,1,0,1,0,0,0,0,0,0,0,0,0,0,0,0,0,0,0,0,3,0,0,0,0,0,0,1,0,"40 27:17.128","79 56:33.216",40.45479965,-79.94259644,NA,0,NA,"N",NA,NA,0,"","N",NA,NA,NA,"","","","","","","","",2007104697,0,0,1,1,0,0,0,0,0,0,0,0,0,0,0,0,0,1,0,1,0,0,0,0,0,0,0,0,0,0,0,0,0,0,0,0,1,0,0,0,0,0,0,0,0,0,0,0,0,0,0,0,0,0,0,0,0,0,1,0,0,0,0,0,0,0,0,0,0,0,0,0,0,1,0,0,0,0,0,0,0,0,1,0,0,0,0,0,0,2007104697,3,3,NA,2,2,"E",4,NA,25,NA,NA,"CENTRE AV"
"335",2007104747,11,2,2301,2301,2007,10,4,1200,12,1,1,0,4,1,1,0,3,0,"N","N",2,2,1,0,0,0,0,0,0,1,1,0,1,0,0,1,0,0,0,0,0,0,0,0,0,0,0,0,0,0,0,4,0,0,0,0,0,0,1,0,"40 27:50.868","79 55:57.018",40.46409988,-79.93250275,NA,0,NA,"N",NA,NA,0,"","N",NA,NA,NA,"","","","","","","","",2007104747,0,0,1,1,0,0,0,0,0,0,0,0,0,0,0,0,0,1,0,0,1,0,0,1,0,0,0,0,0,0,0,0,0,0,0,0,1,0,0,0,0,0,0,0,0,0,0,0,0,0,0,0,0,0,0,0,0,0,1,0,0,0,0,0,0,0,0,0,0,0,0,0,0,1,0,0,0,0,0,0,0,1,0,0,0,0,0,0,0,2007104747,3,4,NA,2,2,"E",4,NA,25,NA,NA,"PENN AV"
"336",2007105852,11,2,2301,2301,2007,10,7,1943,19,3,1,0,4,1,0,0,3,0,"N","N",2,2,1,1,0,0,0,0,0,0,1,0,1,0,0,0,1,0,0,0,0,0,0,0,0,0,0,0,0,0,0,8,0,0,0,0,0,0,0,0,"40 23:31.326","80 01:02.989",40.39199829,-80.01750183,1,2,3,"N",NA,NA,0,"Y","N",NA,NA,NA,"","","","","","","","",2007105852,0,0,1,1,0,0,0,0,0,0,0,0,0,0,0,0,0,1,0,1,0,0,0,0,0,0,0,0,0,0,0,0,0,0,0,0,1,0,0,0,0,0,0,0,0,0,0,0,0,0,0,0,0,0,0,0,0,0,0,0,0,0,0,0,0,0,0,0,0,0,0,0,0,1,0,0,0,0,0,0,1,0,0,0,0,0,0,0,0,2007105852,3,3,NA,2,2,"E",4,NA,NA,NA,NA,"BROOKLINE BL"
"337",2007107616,11,2,2301,2301,2007,10,3,1841,18,3,2,1,4,1,0,0,3,0,"N","N",2,2,1,1,0,0,0,0,0,0,1,0,1,0,0,0,1,0,0,0,0,0,0,0,0,0,0,0,0,0,0,8,0,0,0,0,0,0,0,0,"40 27:21.157","79 55:59.707",40.45589828,-79.9332962,NA,0,NA,"N",NA,NA,0,"","N",NA,NA,NA,"","","","","","","","",2007107616,0,0,1,1,0,1,0,0,0,0,0,0,0,0,0,0,0,1,0,1,0,0,0,0,0,0,0,0,0,0,0,0,0,0,0,0,1,0,0,0,0,0,0,0,0,0,0,0,0,0,0,0,0,0,1,0,0,0,0,0,0,0,0,0,0,0,0,0,0,0,0,0,0,1,0,0,0,0,0,0,1,0,0,0,0,0,0,0,0,2007107616,3,3,NA,2,2,"S",4,NA,25,NA,NA,"NEGLEY AV"
"338",2007107618,11,2,2301,2301,2007,10,3,1010,10,1,1,0,4,1,2,0,3,0,"N","N",2,2,1,1,0,0,0,0,0,0,1,0,1,0,0,1,0,0,0,0,0,0,0,0,0,0,0,0,0,0,0,4,0,0,0,0,0,1,0,0,"40 26:56.115","79 56:48.109",40.44889832,-79.94670105,NA,0,NA,"N",NA,NA,0,"","N",NA,NA,NA,"","","","","","","","",2007107618,0,0,1,1,0,0,0,0,0,0,0,0,0,0,0,0,0,1,0,0,1,0,0,1,0,0,0,0,0,0,0,0,0,0,0,0,1,0,0,0,0,0,0,0,0,0,0,0,0,0,0,0,0,0,1,0,0,0,0,0,0,0,0,0,0,0,0,1,0,0,0,0,0,1,0,0,0,0,0,0,0,1,0,0,0,0,0,0,0,2007107618,3,4,NA,2,2,"E",4,NA,25,NA,NA,"ELLSWORTH AV"
"340",2007111190,11,2,2301,2503,2007,11,1,1316,13,1,1,0,4,1,1,2,3,0,"N","N",2,2,1,0,0,0,0,0,0,0,1,0,1,0,0,1,0,0,0,0,0,0,0,0,0,0,0,0,0,0,1,4,0,0,0,0,0,0,0,0,"40 26:52.940","80 01:04.220",40.44800186,-80.01779938,NA,0,NA,"N",NA,NA,3,"","N",NA,NA,NA,"","","","","","","","",2007111190,0,0,1,1,0,0,0,0,0,0,0,0,0,0,0,0,0,1,0,0,1,1,0,0,0,0,0,0,0,0,0,0,0,0,0,0,1,0,0,0,0,1,0,0,0,0,0,0,0,0,0,0,0,0,0,0,0,0,0,0,0,0,0,0,0,0,0,0,0,0,1,0,0,1,1,0,0,0,0,0,0,1,0,0,0,0,0,0,0,2007111190,3,4,NA,2,2,"N",4,NA,30,NA,NA,"ALLEGHENY AV"
"341",2007114332,11,2,2301,2301,2007,11,5,845,8,1,1,1,4,1,3,0,3,0,"N","N",2,2,1,1,0,0,0,0,0,0,1,0,1,0,0,0,1,0,0,0,0,0,0,0,0,0,0,0,0,0,0,8,0,0,0,0,0,0,0,0,"40 27:27.237","79 56:03.303",40.45759964,-79.93430328,NA,0,NA,"N",NA,NA,0,"","N",NA,NA,NA,"","","","","","","","",2007114332,0,0,1,1,0,1,0,0,0,0,0,0,0,0,0,0,0,1,0,0,1,0,0,1,0,0,0,0,0,0,0,0,0,0,0,0,1,0,0,0,0,0,0,0,0,0,0,0,0,0,0,0,0,0,0,0,0,0,0,0,0,0,0,0,0,0,0,0,0,0,0,0,0,1,0,0,0,0,0,0,0,0,0,0,0,0,0,0,0,2007114332,3,4,NA,2,4,"S",4,NA,NA,NA,NA,"NEGLEY AV"
"343",2007121972,11,2,2301,2301,2007,11,1,1808,18,3,2,1,2,1,3,0,3,0,"N","N",2,2,1,1,0,0,0,0,0,0,1,0,1,0,0,1,0,0,0,0,0,0,0,0,0,0,0,0,0,0,0,4,0,0,0,0,0,0,0,0,"40 26:08.000","79 57:58.013",40.43579865,-79.96640015,NA,0,NA,"N",NA,NA,0,"","N",NA,NA,NA,"","","","","","","","",2007121972,0,1,1,0,0,1,0,0,0,0,0,1,0,0,0,0,0,1,0,0,1,0,0,1,0,0,0,0,0,0,0,0,0,0,0,0,1,0,0,0,0,0,0,0,0,0,0,0,0,0,0,0,0,0,0,0,0,0,0,0,0,0,0,1,0,0,0,0,0,0,0,0,0,1,0,0,0,0,0,0,1,1,0,0,0,0,0,0,0,2007121972,3,3,3,2,2,"E",2,2308,25,10,1865,"FORBES AV"
"348",2008010671,11,2,2301,2301,2008,1,4,1610,16,1,1,1,4,1,0,0,3,0,"N","N",2,2,1,1,0,0,0,0,0,0,1,0,1,0,1,0,0,0,0,0,0,0,0,0,0,0,0,0,0,0,0,3,0,0,0,0,0,1,0,0,"40 27:22.636","79 56:14.308",40.45629883,-79.93730164,NA,0,NA,"N",NA,NA,0,"","N",NA,NA,NA,"","","","","","","","",2008010671,0,0,1,1,0,1,0,0,0,0,0,0,0,0,0,0,0,1,0,1,0,0,0,0,0,0,0,0,0,0,0,0,0,0,0,0,1,0,0,0,0,0,0,0,0,0,0,0,0,0,0,0,0,0,1,0,0,0,0,0,0,0,0,0,0,0,0,1,0,0,0,0,0,1,0,0,0,0,0,0,0,0,1,0,0,0,0,0,0,2008010671,3,3,NA,2,2,"N",4,NA,25,NA,NA,"CENTRE AV"
"349",2008012735,11,2,2301,2301,2007,12,2,1241,12,1,1,0,2,1,1,2,3,0,"N","N",2,3,1,0,0,0,1,0,0,0,1,0,1,0,0,0,1,0,0,0,0,0,0,0,0,0,0,0,0,0,0,8,0,0,0,0,0,0,0,0,"40 28:00.346","79 55:31.094",40.46680069,-79.9253006,1,2,4,"N",NA,NA,3,"Y","N",NA,NA,NA,"","","","","","","","",2008012735,0,0,1,1,0,0,0,0,0,0,0,1,0,0,0,0,0,1,0,0,1,1,0,0,0,0,0,0,0,0,0,0,0,0,0,0,1,0,0,0,0,0,0,0,0,0,0,0,0,0,0,0,0,0,0,0,0,0,0,0,0,0,0,0,0,0,0,0,0,0,0,0,0,1,0,0,0,0,0,0,0,0,0,0,0,0,0,0,0,2008012735,3,4,NA,2,2,"N",4,NA,25,NA,NA,"EUCLID AV"
"350",2008014464,11,2,2301,2301,2008,1,2,1033,10,1,1,0,4,4,1,2,3,0,"N","N",2,2,1,1,0,0,0,0,0,0,1,0,1,0,0,1,0,1,0,0,0,0,0,0,0,0,0,0,0,0,0,4,0,0,0,0,0,0,0,0,"40 26:18.223","80 00:07.153",40.43840027,-80.0019989,NA,0,NA,"N",NA,NA,3,"","N",NA,NA,NA,"","","","","","","","",2008014464,0,1,1,0,0,0,0,0,0,0,0,0,0,1,0,0,0,1,0,0,1,1,0,0,0,0,0,0,0,0,0,0,0,0,0,0,1,0,0,0,0,0,0,0,0,0,0,0,0,0,1,0,0,0,0,0,0,0,0,0,0,0,0,0,0,0,0,0,0,0,0,0,0,1,0,0,0,0,0,0,0,1,0,0,0,0,0,0,0,2008014464,3,3,3,2,2,"E",2,2208,25,10,1560,"BL OF THE ALLIES RD"
"351",2008029593,11,2,2301,2301,2008,2,1,1258,12,1,1,0,4,1,2,0,3,0,"N","N",2,2,1,1,0,0,0,0,0,0,1,0,1,0,0,0,1,0,0,0,0,0,0,0,0,0,0,0,0,0,0,8,0,0,0,0,0,0,0,1,"40 26:54.823","79 53:58.389",40.44860077,-79.89959717,NA,0,NA,"N",NA,NA,0,"","N",NA,NA,NA,"","","","","","","","",2008029593,0,1,1,0,0,0,0,0,0,0,0,0,0,0,0,0,0,1,0,0,1,0,0,1,0,0,0,0,0,0,0,0,0,0,0,0,1,0,0,0,0,0,0,0,0,0,0,0,0,0,0,0,0,0,1,0,0,0,0,1,0,0,0,0,0,0,0,0,0,0,0,0,0,1,0,0,0,0,0,0,0,0,0,0,0,0,0,0,0,2008029593,3,4,3,2,2,"S",2,8,35,61,1330,"PENN AV"
"352",2008030497,11,2,2302,2301,2008,2,6,1845,18,3,1,0,1,1,0,0,3,0,"N","N",2,2,1,1,0,0,0,0,0,0,1,0,1,0,0,0,1,0,0,0,0,0,0,0,0,0,0,0,0,0,0,8,0,0,0,0,0,1,0,0,"40 26:38.000","79 56:23.800",40.44409943,-79.94000244,1,2,6,"N",NA,NA,0,"N","N",NA,NA,NA,"","","","","","","","",2008030497,0,1,0,0,0,0,0,0,0,0,1,0,0,0,0,0,0,1,0,1,0,0,0,0,0,0,0,0,0,0,0,0,0,0,0,0,1,0,0,0,0,0,0,0,0,0,0,0,1,0,0,0,0,0,1,0,0,0,0,0,0,0,1,0,0,0,0,1,0,0,0,0,0,1,0,0,0,0,0,0,1,0,0,0,0,0,0,0,0,2008030497,3,3,3,2,2,"E",2,2108,25,100,3036,"FORBES AV"
"353",2008034442,11,2,2301,NA,2007,8,6,1030,10,1,1,0,4,1,0,0,3,0,"N","N",2,2,1,1,0,0,0,0,0,0,1,0,1,0,0,0,1,0,0,0,0,0,0,0,0,0,0,0,0,0,0,8,0,0,0,0,0,0,0,0,"40 25:43.000","79 58:54.039",40.42879868,-79.9815979,NA,0,NA,"N",NA,NA,0,"","N",NA,NA,NA,"","","","","","","","",2008034442,0,1,0,0,0,0,0,0,0,0,0,0,0,0,0,0,0,1,0,1,0,0,0,0,0,0,0,0,0,0,0,0,0,0,0,0,1,0,0,0,0,0,0,0,0,0,0,0,0,0,0,0,0,0,0,0,0,0,0,0,0,0,0,0,0,0,0,0,0,0,1,0,0,1,0,0,0,0,0,0,0,0,0,0,0,0,0,0,0,2008034442,3,3,3,2,2,"W",2,837,25,530,1970,"EAST CARSON ST"
"355",2008048216,11,2,2301,2301,2008,3,4,1800,18,1,2,1,4,1,1,3,3,0,"N","N",2,2,1,1,0,0,0,0,0,0,1,0,1,0,0,1,0,0,0,0,0,0,0,0,0,0,0,0,0,0,0,4,0,0,0,0,0,1,0,0,"40 26:16.249","79 55:50.667",40.43780136,-79.93070221,NA,0,NA,"N",NA,NA,3,"","N",NA,NA,NA,"","","","","","","","",2008048216,0,0,1,1,0,1,0,0,0,0,0,0,0,0,0,0,0,1,0,0,1,0,1,1,0,0,0,0,0,0,0,0,0,0,0,0,1,0,0,0,0,0,0,0,0,0,0,0,0,0,0,0,0,0,0,0,0,0,0,0,0,0,0,0,0,0,0,1,0,0,0,0,0,1,0,0,0,0,0,0,0,1,0,0,0,0,0,0,0,2008048216,3,4,NA,2,2,"E",4,NA,25,NA,NA,"FORBES AV"
"358",2008054397,11,2,2301,2301,2008,4,5,1800,18,1,1,0,2,1,0,0,3,0,"N","N",2,2,1,1,0,0,0,0,0,0,1,0,1,1,0,0,0,0,1,0,0,0,0,0,0,0,1,0,0,0,0,2,0,0,0,0,0,0,0,0,"40 27:02.131","79 57:13.442",40.45059967,-79.9536972,4,2,5,"N",NA,NA,0,"N","N",NA,NA,NA,"","","","","","","","",2008054397,0,0,1,1,0,0,0,0,0,0,0,1,0,0,0,0,1,1,0,1,0,0,0,0,0,0,0,0,0,0,0,0,0,0,0,0,1,0,0,0,0,0,0,0,0,0,0,0,0,1,0,0,0,0,0,0,0,0,0,0,1,0,1,0,0,0,0,0,0,0,0,0,0,1,0,0,0,0,0,0,0,0,0,1,0,0,0,0,0,2008054397,3,3,NA,2,2,"N",4,NA,25,NA,NA,"BELLEFIELD AV"
"361",2008057940,11,2,2447,2447,2008,4,3,1542,15,1,1,0,4,1,2,0,3,0,"N","N",2,2,1,1,0,0,0,0,0,0,1,0,1,0,0,1,0,0,0,0,0,0,0,0,0,0,0,0,0,0,0,4,0,0,0,0,0,0,0,0,"40 25:04.370","79 59:12.920",40.41790009,-79.98690033,NA,0,NA,"N",NA,NA,0,"","N",NA,NA,NA,"","","","","","","","",2008057940,0,0,1,1,0,0,0,0,0,0,0,0,0,0,0,0,0,1,0,0,1,0,0,1,0,0,0,0,0,0,0,0,0,0,0,0,1,0,0,0,0,0,0,0,0,0,1,0,0,0,0,0,0,0,1,0,0,0,0,0,0,0,0,0,0,0,0,0,0,0,0,0,0,1,0,0,0,0,0,0,0,1,0,0,0,0,0,0,0,2008057940,3,4,NA,2,2,"E",4,NA,25,NA,NA,"ARLINGTON AV"
"363",2008058527,11,2,2301,2301,2008,4,7,1240,12,1,1,0,5,1,2,0,3,0,"N","N",2,2,1,0,0,0,0,0,1,0,1,0,1,0,0,1,0,0,0,0,0,0,0,0,0,0,0,0,0,0,0,4,0,0,0,0,0,0,0,0,"40 27:42.692","79 57:50.298",40.4618988,-79.96399689,NA,0,NA,"N",NA,NA,0,"","N",NA,NA,NA,"","","","","","","","",2008058527,0,0,1,1,0,0,0,0,0,0,0,0,0,0,0,0,0,1,0,0,1,0,0,1,0,0,0,0,0,0,0,0,0,0,0,0,1,0,0,0,0,0,0,0,0,0,0,0,0,0,0,0,0,0,0,0,0,0,0,0,0,0,0,0,0,0,0,0,0,0,0,0,0,1,0,0,0,0,0,0,0,1,0,0,0,0,0,0,0,2008058527,3,4,NA,2,2,"W",4,NA,25,NA,NA,"LIBERTY AV"
"364",2008058616,11,2,2301,2301,2008,4,2,2325,23,3,1,0,4,6,0,0,3,0,"N","N",3,1,2,0,0,0,0,0,0,0,1,0,1,0,0,0,1,0,0,0,0,0,0,0,0,0,0,0,0,0,0,8,0,0,0,0,0,0,0,0,"40 27:02.120","79 56:59.982",40.45059967,-79.94999695,1,2,1,"N",NA,NA,0,"Y","N",NA,NA,NA,"","","","","","","","",2008058616,0,0,1,1,0,0,0,0,0,0,0,0,0,0,0,0,0,1,0,1,0,0,0,0,0,0,0,0,0,0,0,0,0,0,0,0,1,0,0,0,0,1,0,0,0,0,0,0,0,0,0,0,0,0,0,0,0,0,0,0,0,0,0,0,0,0,0,0,0,0,1,0,0,1,0,0,0,0,0,0,1,0,0,0,0,0,0,0,0,2008058616,3,3,NA,2,1,"N",4,NA,25,NA,NA,"MELWOOD AV"
"368",2008065634,11,2,2301,2301,2008,4,7,1400,14,1,2,1,4,1,1,0,3,0,"N","N",2,2,1,0,0,0,0,0,1,0,1,0,1,0,0,0,1,0,0,0,0,0,0,0,0,0,0,0,0,0,0,8,0,0,0,0,0,0,0,0,"40 27:08.601","80 00:50.926",40.45240021,-80.01409912,NA,0,NA,"N",NA,NA,0,"","N",NA,NA,NA,"","","","","","","","",2008065634,0,0,1,1,0,1,0,0,0,0,0,0,0,0,0,0,0,1,0,0,1,0,0,1,0,0,0,0,0,0,0,0,0,0,0,0,1,0,0,0,0,1,0,0,0,0,0,0,0,0,0,0,0,0,1,0,0,0,0,0,0,0,1,0,0,0,0,0,0,0,0,0,0,1,0,1,0,0,0,0,0,0,0,0,0,0,0,0,0,2008065634,3,3,NA,2,2,"S",4,NA,25,NA,NA,"BRIGHTON RD"
"375",2008069735,11,2,2301,2301,2008,5,3,1950,19,1,1,0,0,1,1,2,3,0,"N","N",2,2,1,0,0,0,1,0,0,0,1,0,1,0,1,0,0,1,0,0,0,0,0,0,0,0,0,0,0,0,0,3,0,0,0,0,0,0,0,0,"40 27:52.833","79 56:11.126",40.46469879,-79.93640137,NA,0,NA,"N",NA,NA,3,"","N",NA,NA,NA,"","","","","","","","",2008069735,0,0,1,1,0,0,0,0,0,0,0,0,0,1,0,0,0,1,0,0,1,1,0,0,0,0,0,0,0,0,0,0,0,0,0,0,1,0,0,0,0,0,0,0,0,0,0,0,0,0,0,0,0,0,0,0,0,0,0,0,0,0,0,0,0,0,0,0,0,0,0,0,0,1,0,0,0,0,0,0,0,0,1,0,0,0,0,0,0,2008069735,3,4,NA,2,2,"N",4,NA,25,NA,NA,"AIKEN AV"
"376",2008069793,11,2,2301,2301,2008,5,4,1915,19,4,8,0,4,1,1,2,3,0,"N","N",2,2,1,1,0,0,0,0,0,0,1,0,1,0,0,0,1,0,0,0,0,0,0,0,0,0,0,0,0,0,0,8,0,0,0,0,0,1,0,0,"40 23:43.828","80 01:20.708",40.39550018,-80.0223999,NA,0,NA,"N",NA,NA,3,"","N",NA,NA,NA,"","","","","","","","",2008069793,0,0,1,1,0,0,0,0,0,0,0,0,0,0,0,0,0,1,0,0,1,1,0,0,0,0,0,0,0,0,0,0,0,0,0,0,1,0,0,0,0,0,0,0,0,0,0,0,0,0,0,0,0,0,0,0,0,0,0,0,0,0,1,0,0,0,0,1,0,0,0,0,0,1,0,0,0,0,0,0,0,0,0,0,0,0,0,0,0,2008069793,3,4,NA,2,2,"W",4,NA,25,NA,NA,"BROOKLINE BL"
"379",2008072164,11,2,2301,2301,2008,5,6,1729,17,1,1,0,6,4,2,0,3,0,"N","N",2,3,1,1,0,0,0,0,0,0,1,0,1,0,0,1,0,0,0,0,0,0,0,0,0,0,0,0,0,0,0,4,0,0,0,0,0,0,1,0,"40 28:46.423","79 56:07.886",40.479599,-79.9355011,NA,0,NA,"N",NA,NA,0,"","N",NA,NA,NA,"","","","","","","","",2008072164,0,0,1,1,0,0,0,0,0,0,0,1,0,1,0,0,0,1,0,0,1,0,0,1,0,0,0,0,0,0,0,0,0,0,0,0,1,0,0,0,0,0,0,0,0,0,0,0,0,0,0,0,0,0,0,0,0,0,1,0,0,0,0,0,0,0,0,0,0,0,0,0,0,1,0,0,0,0,0,0,0,1,0,0,0,0,0,0,0,2008072164,3,4,NA,2,2,"E",4,NA,NA,NA,NA,"WALDO ST"
"380",2008072187,11,2,2301,2301,2008,6,3,1720,17,1,2,1,4,1,1,2,3,0,"N","N",2,2,1,1,0,0,0,0,0,0,1,0,1,0,0,0,1,0,0,0,0,0,0,0,0,0,0,0,0,0,0,8,0,0,0,0,0,1,0,0,"40 27:54.064","79 55:12.014",40.46500015,-79.91999817,NA,0,NA,"N",NA,NA,3,"","N",NA,NA,NA,"","","","","","","","",2008072187,0,0,1,1,0,1,0,0,0,0,0,0,0,0,0,0,0,1,0,0,1,1,0,0,0,0,0,0,0,0,0,0,0,0,0,0,1,0,0,0,0,0,0,0,0,0,0,0,0,0,0,0,0,0,0,0,0,0,0,0,0,0,0,0,0,0,0,1,0,0,0,0,0,1,0,0,0,0,0,0,0,0,0,0,0,0,0,0,0,2008072187,3,4,NA,2,4,"N",4,NA,35,NA,NA,"NEGLEY RUN RD"
"381",2008072267,11,2,2301,2301,2008,5,6,1435,14,1,1,0,4,1,1,0,3,0,"","",2,2,1,0,0,0,0,0,1,0,1,0,1,0,1,0,0,0,0,0,0,0,0,0,0,0,0,0,0,0,0,3,0,0,0,0,0,0,1,0,"40 25:41.960","79 58:22.841",40.42829895,-79.97280121,1,2,3,"",NA,NA,0,"N","N",NA,NA,NA,"","","","","","","","",2008072267,0,1,1,0,0,0,0,0,0,0,0,0,0,0,0,0,0,1,0,0,1,0,0,1,0,0,0,0,0,0,0,0,0,0,0,0,1,0,0,0,0,0,0,0,0,0,0,0,0,0,0,0,0,0,0,0,0,0,1,0,0,0,1,0,0,0,0,0,0,0,0,0,0,1,0,0,0,0,0,0,0,0,1,0,0,0,0,0,0,2008072267,3,3,3,2,2,"",2,837,35,520,1865,"EAST CARSON ST"
"382",2008072268,11,2,2301,2301,2008,5,6,1935,19,4,9,8,4,1,0,0,3,0,"N","N",2,2,1,1,0,0,0,0,0,0,1,0,1,0,0,0,1,1,0,0,0,0,0,0,0,0,0,0,0,0,0,8,0,0,0,0,0,0,0,0,"40 25:46.228","80 00:17.847",40.42950058,-80.00499725,NA,0,NA,"N",NA,NA,0,"","N",NA,NA,NA,"","","","","","","","",2008072268,0,0,1,1,0,0,0,0,0,0,0,0,0,0,0,0,0,1,0,1,0,0,0,0,0,0,0,0,0,0,0,0,0,0,0,0,1,0,0,0,0,0,0,0,0,0,0,0,0,0,0,0,0,0,0,0,0,0,0,0,0,0,0,0,0,0,0,0,0,0,0,0,0,1,0,0,0,0,0,0,0,0,0,0,0,0,0,0,0,2008072268,3,3,NA,2,2,"",4,NA,25,NA,NA,"SYCAMORE ST"
"383",2008072634,11,2,2301,2301,2008,6,2,800,8,1,1,0,5,1,0,0,3,0,"N","N",2,2,1,0,0,0,0,0,0,1,1,0,1,0,0,1,0,0,0,0,0,0,0,0,0,0,0,0,0,0,0,4,0,0,0,0,0,0,0,0,"40 26:28.323","79 57:40.860",40.44120026,-79.96140289,NA,0,NA,"N",NA,NA,0,"","N",NA,NA,NA,"","","","","","","","",2008072634,0,0,1,1,0,0,0,0,0,0,0,0,0,0,0,0,0,1,0,1,0,0,0,0,0,0,0,0,0,0,0,0,0,0,0,0,1,0,0,0,0,0,0,0,0,0,0,0,0,0,0,0,0,0,1,0,0,0,0,0,0,0,0,0,0,0,0,0,0,0,0,0,0,1,0,0,0,0,0,0,0,1,0,0,0,0,0,0,0,2008072634,3,3,NA,2,2,"S",4,NA,25,NA,NA,"DARRAGH ST"