"","CRASH_CRN","DISTRICT","CRASH_COUNTY","MUNICIPALITY","POLICE_AGCY","CRASH_YEAR","CRASH_MONTH","DAY_OF_WEEK","TIME_OF_DAY","HOUR_OF_DAY","ILLUMINATION","WEATHER","ROAD_CONDITION","COLLISION_TYPE","RELATION_TO_ROAD","INTERSECT_TYPE","TCD_TYPE","URBAN_RURAL","LOCATION_TYPE","SCH_BUS_IND","SCH_ZONE_IND","TOTAL_UNITS","PERSON_COUNT","VEHICLE_COUNT","AUTOMOBILE_COUNT","MOTORCYCLE_COUNT","BUS_COUNT","SMALL_TRUCK_COUNT","HEAVY_TRUCK_COUNT","SUV_COUNT","VAN_COUNT","BICYCLE_COUNT","FATAL_COUNT","INJURY_COUNT","MAJ_INJ_COUNT","MOD_INJ_COUNT","MIN_INJ_COUNT","UNK_INJ_DEG_COUNT","UNK_INJ_PER_COUNT","UNBELTED_OCC_COUNT","UNB_DEATH_COUNT","UNB_MAJ_INJ_COUNT","BELTED_DEATH_COUNT","BELTED_MAJ_INJ_COUNT","MCYCLE_DEATH_COUNT","MCYCLE_MAJ_INJ_COUNT","BICYCLE_DEATH_COUNT","BICYCLE_MAJ_INJ_COUNT","PED_COUNT","PED_DEATH_COUNT","PED_MAJ_INJ_COUNT","COMM_VEH_COUNT","MAX_SEVERITY_LEVEL","DRIVER_COUNT_16YR","DRIVER_COUNT_17YR","DRIVER_COUNT_18YR","DRIVER_COUNT_19YR","DRIVER_COUNT_20YR","DRIVER_COUNT_50_64YR","DRIVER_COUNT_65_74YR","DRIVER_COUNT_75PLUS","LATITUDE","LONGITUDE","DEC_LAT","DEC_LONG","EST_HRS_CLOSED","LANE_CLOSED","LN_CLOSE_DIR","NTFY_HIWY_MAINT","RDWY_SURF_TYPE_CD","SPEC_JURIS_CD","TCD_FUNC_CD","TFC_DETOUR_IND","WORK_ZONE_IND","WORK_ZONE_TYPE","WORK_ZONE_LOC","CONS_ZONE_SPD_LIM","WORKERS_PRES","WZ_CLOSE_DETOUR","WZ_FLAGGER","WZ_LAW_OFFCR_IND","WZ_LN_CLOSURE","WZ_MOVING","WZ_OTHER","WZ_SHLDER_MDN","FLAG_CRN","INTERSTATE","STATE_ROAD","LOCAL_ROAD","LOCAL_ROAD_ONLY","TURNPIKE","WET_ROAD","SNOW_SLUSH_ROAD","ICY_ROAD","SUDDEN_DEER","SHLDR_RELATED","REAR_END","HO_OPPDIR_SDSWP","HIT_FIXED_OBJECT","SV_RUN_OFF_RD","WORK_ZONE","PROPERTY_DAMAGE_ONLY","FATAL_OR_MAJ_INJ","INJURY","FATAL","NON_INTERSECTION","INTERSECTION","SIGNALIZED_INT","STOP_CONTROLLED_INT","UNSIGNALIZED_INT","SCHOOL_BUS","SCHOOL_ZONE","HIT_DEER","HIT_TREE_SHRUB","HIT_EMBANKMENT","HIT_POLE","HIT_GDRAIL","HIT_GDRAIL_END","HIT_BARRIER","HIT_BRIDGE","OVERTURNED","MOTORCYCLE","BICYCLE","HVY_TRUCK_RELATED","VEHICLE_FAILURE","TRAIN_TROLLEY","PHANTOM_VEHICLE","ALCOHOL_RELATED","DRINKING_DRIVER","UNDERAGE_DRNK_DRV","UNLICENSED","CELL_PHONE","NO_CLEARANCE","RUNNING_RED_LT","TAILGATING","CROSS_MEDIAN","CURVE_DVR_ERROR","LIMIT_65MPH","SPEEDING","SPEEDING_RELATED","AGGRESSIVE_DRIVING","FATIGUE_ASLEEP","DRIVER_16YR","DRIVER_17YR","DRIVER_65_74YR","DRIVER_75PLUS","UNBELTED","PEDESTRIAN","DISTRACTED","CURVED_ROAD","DRIVER_18YR","DRIVER_19YR","DRIVER_20YR","DRIVER_50_64YR","VEHICLE_TOWED","FIRE_IN_VEHICLE","HIT_PARKED_VEHICLE","MC_DRINKING_DRIVER","DRUGGED_DRIVER","INJURY_OR_FATAL","COMM_VEHICLE","IMPAIRED_DRIVER","DEER_RELATED","DRUG_RELATED","HAZARDOUS_TRUCK","ILLEGAL_DRUG_RELATED","ILLUMINATION_DARK","MINOR_INJURY","MODERATE_INJURY","MAJOR_INJURY","NHTSA_AGG_DRIVING","PSP_REPORTED","RUNNING_STOP_SIGN","TRAIN","TROLLEY","ROADWAY_CRN","RDWY_SEQ_NUM","ADJ_RDWY_SEQ","ACCESS_CTRL","ROADWAY_COUNTY","LANE_COUNT","RDWY_ORIENT","ROAD_OWNER","ROUTE","SPEED_LIMIT","SEGMENT","OFFSET","STREET_NAME"
"386",2008074960,11,2,2301,2301,2008,6,4,905,9,1,1,0,2,1,0,0,3,0,"N","N",2,2,1,0,0,0,0,0,0,1,1,0,1,0,1,0,0,0,0,0,0,0,0,0,0,0,0,0,0,0,0,3,0,0,0,0,0,1,0,0,"40 26:31.038","79 57:29.563",40.44200134,-79.95819855,NA,0,NA,"N",NA,NA,0,"","N",NA,NA,NA,"","","","","","","","",2008074960,0,0,1,1,0,0,0,0,0,0,0,1,0,0,0,0,0,1,0,1,0,0,0,0,0,0,0,0,0,0,0,0,0,0,0,0,1,0,0,0,0,0,0,0,0,0,0,0,0,0,0,0,0,0,0,0,0,0,0,0,0,0,0,0,0,0,0,1,0,0,0,0,0,1,0,0,0,0,0,0,0,0,1,0,0,0,0,0,0,2008074960,3,3,NA,2,5,"",4,NA,25,NA,NA,"5TH AV"
"389",2008077105,11,2,2301,2301,2008,6,1,2256,22,3,2,1,4,1,1,2,3,0,"N","N",2,3,1,1,0,0,0,0,0,0,1,0,1,0,0,0,1,0,0,0,0,0,0,0,0,0,0,0,0,0,0,8,0,0,0,0,0,0,0,0,"40 28:54.120","79 57:11.880",40.4822998,-79.95220184,NA,0,NA,"N",NA,NA,3,"","N",NA,NA,NA,"","","","","","","","",2008077105,0,1,1,0,0,1,0,0,0,0,0,0,0,0,0,0,0,1,0,0,1,1,0,0,0,0,0,0,0,0,0,0,0,0,0,0,1,0,0,0,0,0,0,0,0,0,0,0,0,0,0,0,0,0,1,0,0,0,0,0,0,0,0,0,0,0,0,0,0,0,0,0,0,1,0,0,0,0,0,0,1,0,0,0,0,0,0,0,0,2008077105,3,3,3,2,2,"E",2,2122,NA,60,1945,"BUTLER ST"
"391",2008077915,11,2,2301,2301,2008,6,7,9999,99,1,1,0,5,1,0,0,3,0,"N","N",5,3,4,1,0,0,0,0,1,0,1,0,0,0,0,0,0,1,0,0,0,0,0,0,0,0,0,0,0,0,0,0,0,0,0,0,0,1,0,0,"40 26:04.830","79 55:22.166",40.43470001,-79.92279816,NA,0,NA,"N",NA,NA,0,"","N",NA,NA,NA,"","","","","","","","",2008077915,0,0,1,1,0,0,0,0,0,0,0,0,0,0,0,1,0,0,0,1,0,0,0,0,0,0,0,0,0,0,0,0,0,0,0,0,1,0,0,0,0,0,0,0,0,0,0,0,0,0,0,0,0,0,0,0,0,0,0,0,0,0,0,0,0,0,0,1,1,0,1,0,0,0,0,0,0,0,0,0,0,0,0,0,0,0,0,0,0,2008077915,3,3,NA,2,2,"N",4,NA,25,NA,NA,"MURRAY AV"
"392",2008079325,11,2,2301,2301,2008,6,2,720,7,1,1,0,4,1,1,2,3,0,"N","N",2,4,1,1,0,0,0,0,0,0,1,0,1,0,1,0,0,0,1,0,0,0,0,0,0,0,0,0,0,0,0,3,0,0,0,0,0,1,0,0,"40 28:07.680","79 57:43.920",40.46879959,-79.96219635,NA,0,NA,"N",NA,NA,3,"","N",NA,NA,NA,"","","","","","","","",2008079325,0,1,1,0,0,0,0,0,0,0,0,0,0,0,0,0,0,1,0,0,1,1,0,0,0,0,0,0,0,0,0,0,0,0,0,0,1,0,0,0,0,0,0,0,0,0,0,0,0,0,0,0,0,0,1,0,0,0,0,0,1,0,0,0,0,0,0,1,0,0,0,0,0,1,0,0,0,0,0,0,0,0,1,0,0,0,0,0,0,2008079325,3,4,NA,2,3,"N",4,NA,25,NA,NA,"FORTIETH ST"
"393",2008079399,11,2,2301,2301,2008,6,6,1238,12,1,1,0,8,1,0,0,3,0,"N","N",2,2,1,1,0,0,0,0,0,0,1,0,1,0,0,0,1,0,0,0,0,0,0,0,0,0,0,0,0,0,0,8,0,0,0,0,0,0,0,0,"40 23:32.647","80 00:30.157",40.39239883,-80.00839996,2,2,4,"N",NA,NA,0,"N","N",NA,NA,NA,"","","","","","","","",2008079399,0,0,1,1,0,0,0,0,0,0,0,0,0,0,0,0,0,1,0,1,0,0,0,0,0,0,0,0,0,0,0,0,0,0,0,0,1,0,0,0,0,0,0,0,0,0,0,0,0,0,0,0,0,0,0,0,0,0,0,0,0,0,0,0,0,0,0,0,0,0,0,0,0,1,0,0,0,0,0,0,0,0,0,0,0,0,0,0,0,2008079399,3,3,NA,2,2,"W",4,NA,25,NA,NA,"BROOKLINE BL"
"397",2008084058,11,2,2301,2301,2008,7,3,1325,13,1,1,0,4,1,2,0,3,0,"N","N",2,3,1,0,0,0,0,0,0,1,1,0,2,0,0,2,0,0,0,0,0,0,0,0,0,0,0,0,0,0,0,4,0,0,0,0,0,0,0,1,"40 27:40.600","80 01:07.662",40.4612999,-80.01879883,NA,0,NA,"N",NA,NA,0,"","N",NA,NA,NA,"","","","","","","","",2008084058,0,0,1,1,0,0,0,0,0,0,0,0,0,0,0,0,0,1,0,0,1,0,0,1,0,0,0,0,0,0,0,0,0,0,0,0,1,0,0,0,0,0,0,0,0,0,0,0,0,0,0,0,0,0,1,0,0,0,0,1,0,0,0,0,0,0,0,0,0,0,0,0,0,1,0,0,0,0,0,0,0,1,0,0,0,0,0,0,0,2008084058,3,4,NA,2,2,"N",4,NA,35,NA,NA,"BRIGHTON RD"
"398",2008084315,11,2,2301,2301,2008,7,6,1953,19,1,1,0,1,1,6,0,3,2,"N","N",2,2,1,0,1,0,0,0,0,0,1,0,2,0,0,0,2,0,0,0,0,0,0,0,0,0,0,0,0,0,0,8,0,0,0,0,0,0,0,0,"40 26:05.640","79 58:23.880",40.43489838,-79.97329712,NA,0,NA,"N",NA,NA,0,"","Y",NA,NA,NA,"N","Y","Y","N","Y","Y","","Y",2008084315,0,1,0,0,0,0,0,0,0,0,1,0,0,0,1,0,0,1,0,0,1,0,0,1,0,0,0,0,0,0,0,0,0,0,0,1,1,0,0,0,0,0,0,0,0,0,0,0,0,0,0,0,0,0,0,0,0,0,0,0,0,0,0,0,0,0,0,0,0,0,0,0,0,1,0,0,0,0,0,0,0,0,0,0,0,0,0,0,0,2008084315,3,3,3,2,2,"S",2,2085,25,11,2292,"BIRMINGHAM BR"
"399",2008086187,11,2,2301,2301,2008,7,6,1517,15,1,1,0,4,1,1,2,3,0,"N","N",2,3,1,0,0,0,1,0,0,0,1,0,1,0,1,0,0,0,0,0,0,0,0,0,0,0,0,0,0,0,0,3,0,0,0,0,0,0,0,0,"40 26:12.120","80 00:03.240",40.43669891,-80.00090027,1,1,4,"N",NA,NA,3,"N","N",NA,NA,NA,"","","","","","","","",2008086187,0,1,1,0,0,0,0,0,0,0,0,0,0,0,0,0,0,1,0,0,1,1,0,0,0,0,0,0,0,0,0,0,0,0,0,0,1,0,0,0,0,0,0,0,0,0,0,1,0,0,0,0,0,0,1,0,0,0,0,0,0,0,1,0,0,0,0,0,0,0,0,0,0,1,0,0,0,0,0,0,0,0,1,0,0,0,0,0,0,2008086187,3,5,NA,2,3,"E",4,NA,25,NA,NA,"FORT PITT BL"
"402",2008088508,11,2,2301,2301,2008,7,1,1800,18,1,1,0,4,1,1,0,3,0,"N","N",2,2,1,1,0,0,0,0,0,0,1,0,1,0,0,1,0,0,0,0,0,0,0,0,0,0,0,0,0,0,0,4,0,0,0,0,0,0,0,0,"40 27:20.703","80 03:00.531",40.4557991,-80.05010223,1,2,5,"N",NA,NA,0,"N","N",NA,NA,NA,"","","","","","","","",2008088508,0,0,1,1,0,0,0,0,0,0,0,0,0,0,0,0,0,1,0,0,1,0,0,1,0,0,0,0,0,0,0,0,0,0,0,0,1,0,0,0,0,0,0,0,0,0,0,0,0,0,0,0,0,0,0,0,0,0,0,0,0,0,0,0,0,0,0,0,0,0,0,0,0,1,0,0,0,0,0,0,0,1,0,0,0,0,0,0,0,2008088508,3,4,NA,2,2,"N",4,NA,25,NA,NA,"HAMMOND ST"
"412",2008095648,11,2,2301,2301,2008,8,7,1545,15,1,1,0,4,1,1,2,3,2,"N","N",2,3,1,0,0,0,0,0,1,0,1,0,1,0,0,0,1,0,0,0,0,0,0,0,0,0,0,0,0,0,0,8,0,0,0,0,0,0,0,0,"40 26:12.212","80 00:03.223",40.43640137,-80.00109863,NA,0,NA,"N",NA,NA,3,"","N",NA,NA,NA,"","","","","","","","",2008095648,0,1,1,0,0,0,0,0,0,0,0,0,0,0,0,0,0,1,0,0,1,1,0,0,0,0,0,0,0,0,0,0,0,0,0,0,1,0,0,0,0,0,0,0,0,0,0,0,0,0,0,0,0,0,1,0,0,0,0,0,0,0,0,0,0,0,0,0,0,0,0,0,0,1,0,0,0,0,0,0,0,0,0,0,0,0,0,0,0,2008095648,3,4,1,2,1,"E",2,8095,NA,10,0,"GRANT ST INT/RP B RD"
"414",2008097411,11,2,2301,2301,2008,8,7,905,9,1,1,0,4,4,0,0,3,7,"N","Y",2,2,1,1,0,0,0,0,0,0,1,0,1,0,0,0,1,0,0,0,0,0,0,0,0,0,0,0,0,0,0,8,0,0,0,0,0,0,0,0,"40 26:16.510","79 59:27.829",40.43790054,-79.9910965,NA,0,NA,"N",NA,NA,0,"","N",NA,NA,NA,"","","","","","","","",2008097411,0,0,1,1,0,0,0,0,0,0,0,0,0,1,0,0,0,1,0,1,0,0,0,0,0,1,0,0,0,0,0,0,0,0,0,0,1,0,0,0,0,0,0,0,0,0,0,0,0,0,0,0,0,0,0,0,0,0,0,0,0,0,0,0,0,0,0,0,0,0,0,0,0,1,0,0,0,0,0,0,0,0,0,0,0,0,0,0,0,2008097411,3,3,NA,2,2,"E",4,NA,25,NA,NA,"MCANULTY DR"
"415",2008097479,11,2,2301,2301,2008,8,3,810,8,1,1,0,4,1,1,0,3,0,"N","N",2,2,1,1,0,0,0,0,0,0,1,0,1,0,1,0,0,0,0,0,0,0,0,0,0,0,0,0,0,0,0,3,0,0,0,0,0,0,0,0,"40 27:41.715","79 58:07.509",40.46369934,-79.96649933,NA,0,NA,"N",NA,NA,0,"","N",NA,NA,NA,"","","","","","","","",2008097479,0,1,1,0,0,0,0,0,0,0,0,0,0,0,0,0,0,1,0,0,1,0,0,1,0,0,0,0,0,0,0,0,0,0,0,0,1,0,0,0,0,0,0,0,0,0,0,0,0,0,0,0,0,0,0,0,0,0,0,0,0,0,0,0,0,0,0,0,0,0,0,0,0,1,0,0,0,0,0,0,0,0,1,0,0,0,0,0,0,2008097479,3,3,3,2,2,"W",2,2122,25,20,443,"PENN AV"
"416",2008097715,11,2,2301,2301,2008,8,3,1800,18,1,1,0,4,1,2,0,3,0,"N","N",2,2,1,1,0,0,0,0,0,0,1,0,1,0,0,0,1,0,0,0,0,0,0,0,0,0,0,0,0,0,0,8,0,0,0,0,0,0,0,0,"40 27:42.692","79 57:50.299",40.4618988,-79.96399689,NA,0,NA,"N",NA,NA,0,"","N",NA,NA,NA,"","","","","","","","",2008097715,0,0,1,1,0,0,0,0,0,0,0,0,0,0,0,0,0,1,0,0,1,0,0,1,0,0,0,0,0,0,0,0,0,0,0,0,1,0,0,0,0,0,0,0,0,0,0,0,0,0,0,0,0,0,0,0,0,0,0,0,0,0,0,0,0,0,0,0,0,0,0,0,0,1,0,0,0,0,0,0,0,0,0,0,0,0,0,0,0,2008097715,3,4,NA,2,2,"N",4,NA,25,NA,NA,"36TH ST"
"419",2008103987,11,2,2301,2301,2008,8,3,1646,16,1,1,0,4,1,2,0,3,0,"N","N",2,2,1,1,0,0,0,0,0,0,1,0,1,0,0,1,0,0,0,0,0,0,0,0,0,0,0,0,0,0,0,4,0,0,0,0,0,0,0,0,"40 23:43.861","80 01:26.814",40.39550018,-80.02410126,NA,0,NA,"N",NA,NA,0,"","N",NA,NA,NA,"","","","","","","","",2008103987,0,0,1,1,0,0,0,0,0,0,0,0,0,0,0,0,0,1,0,0,1,0,0,1,0,0,0,0,0,0,0,0,0,0,0,0,1,0,0,0,0,0,0,0,0,0,0,0,0,0,0,0,0,0,0,0,0,0,0,0,0,0,0,0,0,0,0,0,0,0,0,0,0,1,0,0,0,0,0,0,0,1,0,0,0,0,0,0,0,2008103987,3,4,NA,2,2,"N",4,NA,NA,NA,NA,"PIONEER AV"
"420",2008107335,11,2,2301,2301,2008,9,2,921,9,1,1,0,4,1,2,3,3,0,"N","N",2,2,1,1,0,0,0,0,0,0,1,0,1,0,1,0,0,0,0,0,0,0,0,0,0,0,0,0,0,0,0,3,0,0,0,0,0,1,0,0,"40 26:15.867","79 54:47.257",40.43769836,-79.9131012,1,1,6,"N",NA,NA,3,"N","N",NA,NA,NA,"","","","","","","","",2008107335,0,0,1,1,0,0,0,0,0,0,0,0,0,0,0,0,0,1,0,0,1,0,1,1,0,0,0,0,0,0,0,0,0,0,0,0,1,0,0,0,0,0,0,0,0,0,0,0,0,0,0,0,0,0,0,0,0,0,0,0,0,0,0,0,0,0,0,1,0,0,0,0,0,1,0,0,0,0,0,0,0,0,1,0,0,0,0,0,0,2008107335,3,4,NA,2,2,"",4,NA,25,NA,NA,"BEECHWOOD BL"
"421",2008107338,11,2,2301,2301,2008,9,4,1251,12,1,1,0,1,1,0,0,3,0,"N","N",2,2,1,0,0,0,0,0,1,0,1,0,1,0,1,0,0,0,0,0,0,0,0,0,0,0,0,0,0,0,0,3,0,0,0,0,0,0,1,0,"40 26:18.992","79 57:46.191",40.43859863,-79.96279907,NA,0,NA,"N",NA,NA,0,"","N",NA,NA,NA,"","","","","","","","",2008107338,0,0,1,1,0,0,0,0,0,0,1,0,0,0,0,0,0,1,0,1,0,0,0,0,0,0,0,0,0,0,0,0,0,0,0,0,1,0,0,0,0,0,0,0,0,0,0,0,0,0,0,0,0,0,0,0,0,0,1,0,0,0,0,0,0,0,0,0,0,0,0,0,0,1,0,0,0,0,0,0,0,0,1,0,0,0,0,0,0,2008107338,3,3,NA,2,4,"W",4,NA,25,NA,NA,"5TH AV"
"423",2008109807,11,2,2301,2301,2008,9,3,759,7,1,1,0,5,1,3,0,3,0,"N","N",2,2,1,0,0,0,0,0,0,1,1,0,1,0,0,1,0,0,0,0,0,0,0,0,0,0,0,0,0,0,0,4,0,0,0,0,0,1,0,0,"40 26:19.370","79 56:47.173",40.43870163,-79.9464035,NA,0,NA,"N",NA,NA,0,"","N",NA,NA,NA,"","","","","","","","",2008109807,0,0,1,1,0,0,0,0,0,0,0,0,0,0,0,0,0,1,0,0,1,0,0,1,0,0,0,0,0,0,0,0,0,0,0,0,1,0,0,0,0,0,0,0,0,0,0,0,0,0,0,0,0,0,0,0,0,0,0,0,0,0,0,0,0,0,0,1,0,0,0,0,0,1,0,0,0,0,0,0,0,1,0,0,0,0,0,0,0,2008109807,3,4,NA,2,2,"",4,NA,25,NA,NA,"PANTHER HOLLOW RD"
"424",2008110179,11,2,2301,2301,2008,9,2,915,9,1,1,0,2,1,1,2,3,0,"N","N",2,2,1,1,0,0,0,0,0,0,1,0,1,0,0,0,1,0,0,0,0,0,0,0,0,0,0,0,0,0,0,8,0,0,0,0,0,0,0,0,"40 27:41.752","79 54:28.591",40.46160126,-79.90789795,NA,0,NA,"N",NA,NA,3,"","N",NA,NA,NA,"","","","","","","","",2008110179,0,0,1,1,0,0,0,0,0,0,0,1,0,0,0,0,0,1,0,0,1,1,0,0,0,0,0,0,0,0,0,0,0,0,0,0,1,0,0,0,0,0,0,0,0,0,0,1,0,0,0,0,0,0,1,0,0,0,0,0,0,0,0,0,0,0,0,0,0,0,0,0,0,1,0,0,0,0,0,0,0,0,0,0,0,0,0,0,0,2008110179,3,4,NA,2,2,"S",4,NA,25,NA,NA,"SHETLAND ST"
"429",2008112791,11,2,2301,2301,2008,10,4,2138,21,3,1,0,1,1,10,0,3,3,"N","N",2,2,1,1,0,0,0,0,0,0,1,0,1,0,1,0,0,0,0,0,0,0,0,0,0,0,0,0,0,0,0,3,0,0,0,0,0,1,0,0,"40 26:52.641","80 00:07.495",40.44800186,-80.00209808,1,1,1,"N",NA,NA,0,"N","N",NA,NA,NA,"","","","","","","","",2008112791,0,0,1,1,0,0,0,0,0,0,1,0,0,0,0,0,0,1,0,0,1,0,0,1,0,0,0,0,0,0,0,0,0,0,0,0,1,0,0,0,0,0,0,0,0,0,0,0,0,0,0,0,0,0,1,0,0,0,0,0,0,0,0,0,0,0,0,1,0,0,0,0,0,1,0,0,0,0,0,0,1,0,1,0,0,0,0,0,0,2008112791,3,4,NA,2,2,"E",4,NA,35,NA,NA,"ISABELLA ST"
"430",2008114057,11,2,2301,2301,2008,10,1,325,3,3,1,0,4,1,0,0,3,0,"N","N",3,1,2,1,0,0,0,0,0,0,1,0,0,0,0,0,0,0,0,0,0,0,0,0,0,0,0,0,0,0,0,0,0,0,0,0,0,0,0,0,"40 27:31.741","79 57:52.286",40.45880127,-79.96450043,NA,0,NA,"N",NA,NA,0,"","N",NA,NA,NA,"","","","","","","","",2008114057,0,0,1,1,0,0,0,0,0,0,0,0,0,0,0,1,0,0,0,1,0,0,0,0,0,0,0,0,0,0,0,0,0,0,0,0,1,0,0,0,0,1,1,0,0,0,0,0,0,1,0,0,0,0,0,0,0,0,0,0,0,0,0,1,0,0,0,0,1,0,1,0,0,0,0,1,0,0,0,0,1,0,0,0,0,0,0,0,0,2008114057,3,3,NA,2,2,"",4,NA,25,NA,NA,"HERRON AV"
"431",2008114058,11,2,2301,2301,2008,10,3,1725,17,1,1,0,5,1,0,0,3,0,"N","N",2,2,1,1,0,0,0,0,0,0,1,0,1,0,0,1,0,0,0,0,0,0,0,0,0,0,0,0,0,0,0,4,0,0,0,0,0,0,0,0,"40 26:47.447","79 59:34.250",40.44649887,-79.99279785,NA,0,NA,"N",NA,NA,0,"","N",NA,NA,NA,"","","","","","","","",2008114058,0,0,1,1,0,0,0,0,0,0,0,0,0,0,0,0,0,1,0,1,0,0,0,0,0,0,0,0,0,0,0,0,0,0,0,0,1,0,0,0,0,0,0,0,0,0,0,0,0,0,0,0,0,0,1,0,0,0,0,0,0,0,0,0,0,0,0,0,0,0,0,0,0,1,0,0,0,0,0,0,0,1,0,0,0,0,0,0,0,2008114058,3,3,NA,2,3,"E",4,NA,25,NA,NA,"SMALLMAN ST"
"432",2008114059,11,2,2301,2301,2008,10,3,1735,17,1,1,0,4,1,1,2,3,0,"N","N",2,2,1,1,0,0,0,0,0,0,1,0,1,0,0,1,0,0,0,0,0,0,0,0,0,0,0,0,0,0,0,4,0,0,0,0,0,1,0,0,"40 26:16.965","79 55:39.648",40.43799973,-79.92769623,NA,0,NA,"N",NA,NA,3,"","N",NA,NA,NA,"","","","","","","","",2008114059,0,0,1,1,0,0,0,0,0,0,0,0,0,0,0,0,0,1,0,0,1,1,0,0,0,0,0,0,0,0,0,0,0,0,0,0,1,0,0,0,0,0,0,0,0,0,0,0,0,0,0,0,0,0,0,0,0,0,0,0,0,0,0,0,0,0,0,1,0,0,0,0,0,1,0,0,0,0,0,0,0,1,0,0,0,0,0,0,0,2008114059,3,4,NA,2,2,"",4,NA,25,NA,NA,"FORBES AV"
"433",2008114546,11,2,2301,2301,2008,10,5,2230,22,3,1,0,4,1,2,0,3,0,"N","N",2,2,1,1,0,0,0,0,0,0,1,0,1,0,1,0,0,0,0,0,0,0,0,0,0,0,0,0,0,0,0,3,0,0,0,0,0,0,0,0,"40 26:56.544","79 56:04.488",40.44900131,-79.93460083,NA,0,NA,"N",NA,NA,0,"","N",NA,NA,NA,"","","","","","","","",2008114546,0,0,1,1,0,0,0,0,0,0,0,0,0,0,0,0,0,1,0,0,1,0,0,1,0,0,0,0,0,0,0,0,0,0,0,0,1,0,0,0,0,0,0,0,0,0,0,0,0,0,0,0,0,0,1,0,0,0,0,0,0,0,0,0,0,0,0,0,0,0,0,0,0,1,0,0,0,0,0,0,1,0,1,0,0,0,0,0,0,2008114546,3,4,NA,2,1,"E",4,NA,25,NA,NA,"KENTUCKY AV"
"434",2008114555,11,2,2301,2301,2008,10,3,835,8,1,1,0,5,1,0,0,3,0,"N","N",2,2,1,1,0,0,0,0,0,0,1,0,1,0,0,1,0,0,0,0,0,0,0,0,0,0,0,0,0,0,0,4,0,0,0,0,0,0,0,0,"40 26:58.560","79 54:09.360",40.44960022,-79.90260315,NA,0,NA,"N",NA,NA,0,"","N",NA,NA,NA,"","","","","","","","",2008114555,0,1,0,0,0,0,0,0,0,0,0,0,0,0,0,0,0,1,0,1,0,0,0,0,0,0,0,0,0,0,0,0,0,0,0,0,1,0,0,0,0,0,0,0,0,0,0,0,0,0,0,0,0,0,0,0,0,0,0,0,0,0,0,0,0,0,0,0,0,0,0,0,0,1,0,0,0,0,0,0,0,1,0,0,0,0,0,0,0,2008114555,3,3,3,2,4,"N",2,8,35,64,385,"PENN AV"
"435",2008114571,11,2,2301,2301,2008,10,4,1841,18,4,1,0,4,1,2,3,3,0,"N","N",2,3,1,0,0,0,0,0,1,0,1,0,2,0,0,0,2,0,0,0,0,0,0,0,0,0,0,0,0,0,0,8,0,0,0,0,0,1,0,0,"40 26:46.694","79 58:33.420",40.44630051,-79.97599792,NA,0,NA,"N",NA,NA,3,"","N",NA,NA,NA,"","","","","","","","",2008114571,0,0,1,1,0,0,0,0,0,0,0,0,0,0,0,0,0,1,0,0,1,0,1,1,0,0,0,0,0,0,0,0,0,0,0,0,1,0,0,0,0,0,0,0,0,0,0,0,0,0,0,0,0,0,0,0,0,0,0,0,0,0,0,0,0,0,0,1,0,0,0,0,0,1,0,0,0,0,0,0,0,0,0,0,0,0,0,0,0,2008114571,3,4,NA,2,2,"N",4,NA,25,NA,NA,"WYLIE AV"
"437",2008117042,11,2,2301,2301,2008,10,4,810,8,1,1,0,4,1,0,0,3,0,"N","N",2,2,1,0,0,0,0,0,1,0,1,0,1,0,0,1,0,0,0,0,0,0,0,0,0,0,0,0,0,0,0,4,0,0,0,0,0,1,0,0,"40 26:49.657","79 59:19.514",40.44710159,-79.98880005,NA,0,NA,"N",NA,NA,0,"","N",NA,NA,NA,"","","","","","","","",2008117042,0,0,1,1,0,0,0,0,0,0,0,0,0,0,0,0,0,1,0,1,0,0,0,0,0,0,0,0,0,0,0,0,0,0,0,0,1,0,0,0,0,0,0,0,0,0,0,0,0,0,0,0,0,0,0,0,0,0,0,0,0,0,0,0,0,0,0,1,0,0,0,0,0,1,0,0,0,0,0,0,0,1,0,0,0,0,0,0,0,2008117042,3,3,NA,2,4,"W",4,NA,25,NA,NA,"LIBERTY AV"
"438",2008117060,11,2,2301,2301,2008,10,4,1930,19,3,1,0,4,1,1,3,3,0,"N","N",2,2,1,0,0,0,1,0,0,0,1,0,1,0,0,0,1,1,0,0,0,0,0,0,0,0,0,0,0,0,0,8,0,0,0,0,0,0,0,0,"40 27:48.967","80 03:11.548",40.46360016,-80.05319977,NA,0,NA,"N",NA,NA,3,"","N",NA,NA,NA,"","","","","","","","",2008117060,0,0,1,1,0,0,0,0,0,0,0,0,0,0,0,0,0,1,0,0,1,0,1,1,0,0,0,0,0,0,0,0,0,0,0,0,1,0,0,0,0,0,0,0,0,0,0,0,0,0,0,0,0,0,0,0,0,0,0,0,0,0,0,0,0,0,0,0,0,0,0,0,0,1,0,0,0,0,0,0,1,0,0,0,0,0,0,0,0,2008117060,3,4,NA,2,2,"N",4,NA,25,NA,NA,"SAGAMORE ST"