"","CRASH_CRN","DISTRICT","CRASH_COUNTY","MUNICIPALITY","POLICE_AGCY","CRASH_YEAR","CRASH_MONTH","DAY_OF_WEEK","TIME_OF_DAY","HOUR_OF_DAY","ILLUMINATION","WEATHER","ROAD_CONDITION","COLLISION_TYPE","RELATION_TO_ROAD","INTERSECT_TYPE","TCD_TYPE","URBAN_RURAL","LOCATION_TYPE","SCH_BUS_IND","SCH_ZONE_IND","TOTAL_UNITS","PERSON_COUNT","VEHICLE_COUNT","AUTOMOBILE_COUNT","MOTORCYCLE_COUNT","BUS_COUNT","SMALL_TRUCK_COUNT","HEAVY_TRUCK_COUNT","SUV_COUNT","VAN_COUNT","BICYCLE_COUNT","FATAL_COUNT","INJURY_COUNT","MAJ_INJ_COUNT","MOD_INJ_COUNT","MIN_INJ_COUNT","UNK_INJ_DEG_COUNT","UNK_INJ_PER_COUNT","UNBELTED_OCC_COUNT","UNB_DEATH_COUNT","UNB_MAJ_INJ_COUNT","BELTED_DEATH_COUNT","BELTED_MAJ_INJ_COUNT","MCYCLE_DEATH_COUNT","MCYCLE_MAJ_INJ_COUNT","BICYCLE_DEATH_COUNT","BICYCLE_MAJ_INJ_COUNT","PED_COUNT","PED_DEATH_COUNT","PED_MAJ_INJ_COUNT","COMM_VEH_COUNT","MAX_SEVERITY_LEVEL","DRIVER_COUNT_16YR","DRIVER_COUNT_17YR","DRIVER_COUNT_18YR","DRIVER_COUNT_19YR","DRIVER_COUNT_20YR","DRIVER_COUNT_50_64YR","DRIVER_COUNT_65_74YR","DRIVER_COUNT_75PLUS","LATITUDE","LONGITUDE","DEC_LAT","DEC_LONG","EST_HRS_CLOSED","LANE_CLOSED","LN_CLOSE_DIR","NTFY_HIWY_MAINT","RDWY_SURF_TYPE_CD","SPEC_JURIS_CD","TCD_FUNC_CD","TFC_DETOUR_IND","WORK_ZONE_IND","WORK_ZONE_TYPE","WORK_ZONE_LOC","CONS_ZONE_SPD_LIM","WORKERS_PRES","WZ_CLOSE_DETOUR","WZ_FLAGGER","WZ_LAW_OFFCR_IND","WZ_LN_CLOSURE","WZ_MOVING","WZ_OTHER","WZ_SHLDER_MDN","FLAG_CRN","INTERSTATE","STATE_ROAD","LOCAL_ROAD","LOCAL_ROAD_ONLY","TURNPIKE","WET_ROAD","SNOW_SLUSH_ROAD","ICY_ROAD","SUDDEN_DEER","SHLDR_RELATED","REAR_END","HO_OPPDIR_SDSWP","HIT_FIXED_OBJECT","SV_RUN_OFF_RD","WORK_ZONE","PROPERTY_DAMAGE_ONLY","FATAL_OR_MAJ_INJ","INJURY","FATAL","NON_INTERSECTION","INTERSECTION","SIGNALIZED_INT","STOP_CONTROLLED_INT","UNSIGNALIZED_INT","SCHOOL_BUS","SCHOOL_ZONE","HIT_DEER","HIT_TREE_SHRUB","HIT_EMBANKMENT","HIT_POLE","HIT_GDRAIL","HIT_GDRAIL_END","HIT_BARRIER","HIT_BRIDGE","OVERTURNED","MOTORCYCLE","BICYCLE","HVY_TRUCK_RELATED","VEHICLE_FAILURE","TRAIN_TROLLEY","PHANTOM_VEHICLE","ALCOHOL_RELATED","DRINKING_DRIVER","UNDERAGE_DRNK_DRV","UNLICENSED","CELL_PHONE","NO_CLEARANCE","RUNNING_RED_LT","TAILGATING","CROSS_MEDIAN","CURVE_DVR_ERROR","LIMIT_65MPH","SPEEDING","SPEEDING_RELATED","AGGRESSIVE_DRIVING","FATIGUE_ASLEEP","DRIVER_16YR","DRIVER_17YR","DRIVER_65_74YR","DRIVER_75PLUS","UNBELTED","PEDESTRIAN","DISTRACTED","CURVED_ROAD","DRIVER_18YR","DRIVER_19YR","DRIVER_20YR","DRIVER_50_64YR","VEHICLE_TOWED","FIRE_IN_VEHICLE","HIT_PARKED_VEHICLE","MC_DRINKING_DRIVER","DRUGGED_DRIVER","INJURY_OR_FATAL","COMM_VEHICLE","IMPAIRED_DRIVER","DEER_RELATED","DRUG_RELATED","HAZARDOUS_TRUCK","ILLEGAL_DRUG_RELATED","ILLUMINATION_DARK","MINOR_INJURY","MODERATE_INJURY","MAJOR_INJURY","NHTSA_AGG_DRIVING","PSP_REPORTED","RUNNING_STOP_SIGN","TRAIN","TROLLEY","ROADWAY_CRN","RDWY_SEQ_NUM","ADJ_RDWY_SEQ","ACCESS_CTRL","ROADWAY_COUNTY","LANE_COUNT","RDWY_ORIENT","ROAD_OWNER","ROUTE","SPEED_LIMIT","SEGMENT","OFFSET","STREET_NAME"
"439",2008119330,11,2,2301,0,2008,7,4,710,7,1,1,0,4,1,1,9,3,0,"N","N",2,2,1,1,0,0,0,0,0,0,1,0,1,0,0,0,1,1,0,0,0,0,0,0,0,0,0,0,0,0,0,8,0,0,0,0,0,0,0,0,"40 26:42.720","79 55:49.080",40.44520187,-79.93029785,NA,0,NA,"N",NA,NA,9,"","N",NA,NA,NA,"","","","","","","","",2008119330,0,1,1,0,0,0,0,0,0,0,0,0,0,0,0,0,0,1,0,0,1,0,0,1,0,0,0,0,0,0,0,0,0,0,0,0,1,0,0,0,0,0,0,0,0,0,0,0,0,0,0,0,0,0,0,0,0,0,0,0,0,0,0,1,0,0,0,0,0,0,0,0,0,1,0,0,0,0,0,0,0,0,0,0,0,0,0,0,0,2008119330,3,3,3,2,2,"E",2,2108,NA,120,295,""
"441",2008119436,11,2,2301,0,2008,8,3,545,5,5,1,0,1,1,0,0,3,0,"N","N",3,2,2,0,0,0,0,0,0,1,1,0,1,0,0,0,1,1,0,0,0,0,0,0,0,0,0,0,0,0,0,8,0,0,0,0,0,0,0,0,"40 26:20.900","79 56:00.045",40.43909836,-79.9332962,NA,0,NA,"N",NA,NA,0,"","N",NA,NA,NA,"","","","","","","","",2008119436,0,0,1,1,0,0,0,0,0,0,1,0,0,0,0,0,0,1,0,1,0,0,0,0,0,0,0,0,0,0,0,0,0,0,0,0,1,0,0,0,0,0,0,0,0,0,0,0,0,0,0,0,0,0,0,0,0,0,0,0,0,0,0,0,0,0,0,0,0,0,1,0,0,1,0,0,0,0,0,0,0,0,0,0,0,0,0,0,0,2008119436,3,3,NA,2,2,"N",4,NA,25,NA,NA,"NORTHUMBERLAND ST"
"443",2008126684,11,2,2301,2301,2008,11,6,1700,17,1,1,0,4,1,1,3,3,0,"N","N",2,2,1,0,0,0,0,0,1,0,1,0,1,0,0,1,0,0,0,0,0,0,0,0,0,0,0,0,0,0,0,4,0,0,0,0,0,0,0,0,"40 26:48.742","79 57:17.341",40.44689941,-79.95480347,NA,0,NA,"N",NA,NA,3,"","N",NA,NA,NA,"","","","","","","","",2008126684,0,0,1,1,0,0,0,0,0,0,0,0,0,0,0,0,0,1,0,0,1,0,1,1,0,0,0,0,0,0,0,0,0,0,0,0,1,0,0,0,0,0,0,0,0,0,0,0,0,0,0,0,0,0,0,0,0,0,0,0,0,0,0,0,0,0,0,0,0,0,0,0,0,1,0,0,0,0,0,0,0,1,0,0,0,0,0,0,0,2008126684,3,4,NA,2,2,"",4,NA,25,NA,NA,"BIGELOW BL"
"444",2008128934,11,2,2301,2301,2008,11,4,1615,16,1,1,0,4,1,0,0,3,0,"N","N",2,2,1,1,0,0,0,0,0,0,1,0,1,0,0,1,0,0,0,0,0,0,0,0,0,0,0,0,0,0,0,4,0,0,0,0,0,1,0,0,"40 26:23.265","79 55:10.351",40.43980026,-79.91950226,NA,0,NA,"N",NA,NA,0,"","N",NA,NA,NA,"","","","","","","","",2008128934,0,0,1,1,0,0,0,0,0,0,0,0,0,0,0,0,0,1,0,1,0,0,0,0,0,0,0,0,0,0,0,0,0,0,0,0,1,0,0,0,0,0,0,0,0,0,0,0,0,0,0,0,0,0,1,0,0,0,0,0,0,0,0,0,0,0,0,1,0,0,0,0,0,1,0,0,0,0,0,0,0,1,0,0,0,0,0,0,0,2008128934,3,3,NA,2,2,"",4,NA,25,NA,NA,"SHADY AV"
"446",2008131625,11,2,2301,2301,2008,12,2,1717,17,3,1,0,4,1,2,0,3,0,"N","N",2,2,1,1,0,0,0,0,0,0,1,0,1,0,0,1,0,0,0,0,0,0,0,0,0,0,0,0,0,0,0,4,0,0,0,0,0,0,0,0,"40 27:04.654","79 57:14.666",40.45130157,-79.95410156,NA,0,NA,"",NA,NA,0,"","N",NA,NA,NA,"","","","","","","","",2008131625,0,0,1,1,0,0,0,0,0,0,0,0,0,0,0,0,0,1,0,0,1,0,0,1,0,0,0,0,0,0,0,0,0,0,0,0,1,0,0,0,0,0,0,0,0,0,0,0,0,0,0,0,0,0,1,0,0,0,0,0,0,0,0,0,0,0,0,0,0,0,0,0,0,1,0,0,0,0,0,0,1,1,0,0,0,0,0,0,0,2008131625,3,4,NA,2,2,"W",4,NA,25,NA,NA,"CENTRE AV"
"448",2008134046,11,2,2301,2301,2008,2,7,154,1,3,1,1,1,1,1,2,3,0,"N","N",2,2,1,0,0,0,0,1,0,0,1,0,1,0,0,0,1,1,0,0,0,0,0,0,0,0,0,0,0,0,1,8,0,0,0,0,0,0,0,0,"40 26:37.114","79 59:42.858",40.4435997,-79.99520111,NA,0,NA,"N",NA,NA,3,"","N",NA,NA,NA,"","","","","","","","",2008134046,0,0,1,1,0,1,0,0,0,0,1,0,0,0,0,0,0,1,0,0,1,1,0,0,0,0,0,0,0,0,0,0,0,0,0,0,1,1,0,0,0,1,0,0,0,0,0,0,0,0,0,0,0,0,0,0,0,0,0,0,0,0,0,0,0,0,0,0,0,0,0,0,0,1,1,1,0,0,0,0,1,0,0,0,0,0,0,0,0,2008134046,3,4,NA,2,4,"U",4,NA,25,NA,NA,"LIBERTY AV"
"449",2008136303,11,2,2301,2301,2008,12,7,1507,15,1,4,5,7,5,0,0,3,0,"N","N",2,2,1,0,0,0,0,0,1,0,1,0,0,0,0,0,0,0,0,0,0,0,0,0,0,0,0,0,0,0,0,0,0,0,0,0,0,0,0,0,"40 23:47.581","79 59:54.161",40.39659882,-79.99839783,NA,0,NA,"N",NA,NA,0,"","N",NA,NA,NA,"","","","","","","","",2008136303,0,1,0,0,0,0,0,1,0,0,0,0,1,1,0,1,0,0,0,1,0,0,0,0,0,0,0,1,0,0,0,0,0,0,0,0,1,0,0,0,0,0,0,0,0,0,0,0,0,0,0,0,0,0,0,0,0,0,0,0,0,0,0,0,0,0,0,0,1,0,0,0,0,0,0,0,0,0,0,0,0,0,0,0,0,0,0,0,0,2008136303,3,3,3,2,2,"N",2,51,NA,370,NA,"SAW MILL RUN BL"
"452",2009009511,11,2,2301,2301,2008,12,3,1539,15,1,1,0,6,1,1,2,3,0,"N","N",2,3,1,0,0,0,0,0,0,1,1,0,1,0,0,1,0,0,0,0,0,0,0,0,0,0,0,0,0,0,0,4,0,0,0,0,0,0,0,0,"40 26:39.900","79 57:17.187",40.44440079,-79.95480347,NA,0,NA,"N",NA,NA,3,"","N",NA,NA,NA,"","","","","","","","",2009009511,0,0,1,1,0,0,0,0,0,0,0,1,0,0,0,0,0,1,0,0,1,1,0,0,0,0,0,0,0,0,0,0,0,0,0,0,1,0,0,0,0,0,0,0,0,0,0,0,0,0,0,0,0,0,0,0,0,0,0,0,0,0,1,0,0,0,0,0,0,0,0,0,0,1,0,0,0,0,0,0,0,1,0,0,0,0,0,0,0,2009009511,3,4,NA,2,2,"S",4,NA,NA,NA,NA,"BIGELOW BL"
"453",2009009519,11,2,2301,2301,2009,1,5,820,8,1,1,1,7,1,3,3,3,0,"N","N",5,5,1,0,0,0,0,0,1,0,4,0,5,0,0,0,3,0,1,0,0,0,0,0,0,0,0,0,0,0,0,8,0,0,0,0,0,0,0,0,"40 24:56.966","80 00:46.774",40.41579819,-80.01300049,NA,0,NA,"N",NA,NA,3,"","N",NA,NA,NA,"","","","","","","","",2009009519,0,0,1,1,0,1,0,0,0,0,0,0,1,1,0,0,0,1,0,0,1,0,1,1,0,0,0,0,0,0,0,0,1,0,0,0,1,0,0,0,0,1,1,0,0,0,0,0,0,0,0,0,0,0,0,0,0,0,0,0,1,0,0,0,0,0,0,0,1,0,0,0,0,1,0,1,0,0,0,0,0,0,0,0,0,0,0,0,0,2009009519,3,4,NA,2,2,"S",4,NA,25,NA,NA,"BOGGS AV"
"456",2009030316,11,2,2301,2301,2009,3,1,1800,18,1,1,0,4,1,1,2,3,0,"N","N",2,2,1,1,0,0,0,0,0,0,1,0,1,0,0,0,1,0,0,0,0,0,0,0,0,0,0,0,0,0,0,8,0,0,0,0,0,0,0,0,"40 26:55.712","79 59:15.122",40.44879913,-79.98750305,1,2,4,"N",NA,NA,3,"N","N",NA,NA,NA,"","","","","","","","",2009030316,0,0,1,1,0,0,0,0,0,0,0,0,0,0,0,0,0,1,0,0,1,1,0,0,0,0,0,0,0,0,0,0,0,0,0,0,1,0,0,0,0,0,0,0,0,0,0,0,0,0,0,0,0,0,0,0,0,0,0,0,0,0,0,0,0,0,0,0,0,0,0,0,0,1,0,0,0,1,0,1,0,0,0,0,0,0,0,0,0,2009030316,3,4,NA,2,4,"N",4,NA,25,NA,NA,"16TH ST"
"458",2009036532,11,2,2301,2301,2009,4,5,1123,11,1,1,0,4,1,1,2,3,0,"N","N",2,2,1,1,0,0,0,0,0,0,1,0,1,0,0,0,1,0,0,0,0,0,0,0,0,0,0,0,0,0,0,8,0,0,0,0,1,0,0,0,"40 26:55.712","79 59:15.122",40.44879913,-79.98750305,NA,0,NA,"N",NA,NA,3,"","N",NA,NA,NA,"","","","","","","","",2009036532,0,0,1,1,0,0,0,0,0,0,0,0,0,0,0,0,0,1,0,0,1,1,0,0,0,0,0,0,0,0,0,0,0,0,0,0,1,0,0,0,0,0,0,0,0,0,0,0,0,0,0,0,0,0,0,0,0,0,0,0,0,0,0,0,0,0,1,0,0,0,0,0,0,1,0,0,0,0,0,0,0,0,0,0,0,0,0,0,0,2009036532,3,4,NA,2,4,"W",4,NA,25,NA,NA,"PENN AV"
"460",2009039326,11,2,2301,2301,2009,3,3,1530,15,1,1,0,4,1,1,0,3,0,"N","N",2,2,1,1,0,0,0,0,0,0,1,0,1,0,0,0,1,0,0,0,0,0,0,0,0,0,0,0,0,0,0,8,0,0,0,0,0,0,0,0,"40 23:21.404","79 59:37.071",40.3893013,-79.99359894,NA,0,NA,"N",NA,NA,0,"","N",NA,NA,NA,"","","","","","","","",2009039326,0,0,1,1,0,0,0,0,0,0,0,0,0,0,0,0,0,1,0,0,1,0,0,1,0,0,0,0,0,0,0,0,0,0,0,0,1,0,0,0,0,0,0,0,0,0,0,0,0,0,0,0,0,0,0,0,0,0,0,0,0,0,0,0,0,0,0,0,0,0,0,0,0,1,0,0,0,0,0,0,0,0,0,0,0,0,0,0,0,2009039326,3,4,NA,2,2,"N",4,NA,25,NA,NA,"QUEENSTON ST"
"461",2009041758,11,2,2301,2301,2009,4,3,740,7,1,1,0,4,1,0,0,3,7,"N","N",2,2,1,1,0,0,0,0,0,0,1,0,1,0,0,0,1,0,0,0,0,0,0,0,0,0,0,0,0,0,0,8,0,0,0,0,0,0,0,0,"40 28:51.030","79 57:16.990",40.48080063,-79.95469666,NA,0,NA,"N",NA,NA,0,"","N",NA,NA,NA,"","","","","","","","",2009041758,0,0,1,1,0,0,0,0,0,0,0,0,0,0,0,0,0,1,0,1,0,0,0,0,0,0,0,0,0,0,0,0,0,0,0,0,1,0,0,0,0,0,0,0,0,0,0,0,0,0,0,0,0,0,0,0,0,0,0,0,0,0,0,0,0,0,0,0,0,0,0,0,0,1,0,0,0,0,0,0,0,0,0,0,0,0,0,0,0,2009041758,3,3,NA,2,1,"E",4,NA,15,NA,NA,"BERLIN WY"
"463",2009045049,11,2,2301,2301,2009,5,6,2215,22,3,2,1,2,1,2,0,3,0,"N","N",2,2,1,1,0,0,0,0,0,0,1,0,1,0,0,1,0,0,0,0,0,0,0,0,0,0,0,0,0,0,0,4,0,0,0,0,0,0,0,0,"40 29:17.951","79 56:14.656",40.48830032,-79.93740082,NA,0,NA,"N",NA,NA,0,"","N",NA,NA,NA,"","","","","","","","",2009045049,0,0,1,1,0,1,0,0,0,0,0,1,0,0,0,0,0,1,0,0,1,0,0,1,0,0,0,0,0,0,0,0,0,0,0,0,1,0,0,0,0,0,0,0,0,0,0,0,0,0,0,0,0,0,1,0,0,0,0,0,0,0,0,0,0,0,0,0,0,0,0,0,0,1,0,0,0,0,0,0,1,1,0,0,0,0,0,0,0,2009045049,3,4,NA,2,2,"W",4,NA,25,NA,NA,"SECOND AV"
"464",2009045591,11,2,2301,2503,2009,5,2,1720,17,1,1,0,4,1,1,2,3,0,"N","N",2,11,1,0,0,1,0,0,0,0,1,0,1,0,1,0,0,0,0,0,0,0,0,0,0,0,0,0,0,0,1,3,0,0,0,0,0,1,0,0,"40 26:53.775","80 00:15.436",40.44829941,-80.00430298,NA,0,NA,"N",NA,NA,3,"","N",NA,NA,NA,"","","","","","","","",2009045591,0,0,1,1,0,0,0,0,0,0,0,0,0,0,0,0,0,1,0,0,1,1,0,0,0,0,0,0,0,0,0,0,0,0,0,0,1,0,0,0,0,1,0,0,0,0,0,0,0,0,0,0,0,0,0,0,0,0,0,0,0,0,0,0,0,0,0,1,0,0,0,0,0,1,1,0,0,0,0,0,0,0,1,0,0,0,0,0,0,2009045591,3,4,NA,2,3,"E",4,NA,25,NA,NA,"GENERAL ROBINSON ST"
"465",2009047274,11,2,2301,2301,2009,5,6,1524,15,1,1,0,4,1,1,3,3,0,"N","N",2,3,1,0,0,0,0,0,1,0,1,0,1,0,1,0,0,0,0,0,0,0,0,0,0,0,0,0,0,0,0,3,0,0,0,0,0,0,0,0,"40 25:36.951","79 56:58.293",40.42689896,-79.94950104,1,1,3,"N",NA,NA,3,"N","N",NA,NA,NA,"","","","","","","","",2009047274,0,0,1,1,0,0,0,0,0,0,0,0,0,0,0,0,0,1,0,0,1,0,1,1,0,0,0,0,0,0,0,0,0,0,0,0,1,0,0,0,0,0,0,0,0,0,1,0,0,0,0,0,0,0,1,0,0,0,0,0,0,0,0,0,0,0,0,0,0,0,0,0,0,1,0,0,0,0,0,0,0,0,1,0,0,0,0,0,0,2009047274,3,4,NA,2,2,"",4,NA,25,NA,NA,"SALINE ST"
"467",2009049731,11,2,2301,2301,2009,5,6,1600,16,1,1,0,6,1,0,0,3,0,"N","N",2,3,1,0,0,0,1,0,0,0,1,0,1,1,0,0,0,0,0,0,0,0,0,0,0,0,1,0,0,0,0,2,0,0,0,0,0,0,1,0,"40 25:30.736","79 58:51.196",40.42520142,-79.98090363,2,2,1,"N",NA,NA,0,"Y","N",NA,NA,NA,"","","","","","","","",2009049731,0,0,1,1,0,0,0,0,0,0,0,1,0,0,0,0,1,1,0,1,0,0,0,0,0,0,0,0,0,0,0,0,0,0,0,0,1,0,0,0,0,0,0,0,0,0,0,0,0,0,0,0,0,0,0,0,0,0,1,0,0,0,0,1,0,0,0,0,0,0,0,0,0,1,0,0,0,0,0,0,0,0,0,1,0,0,0,0,0,2009049731,3,3,NA,2,2,"N",4,NA,25,NA,NA,"EIGHTEENTH ST"
"468",2009049804,11,2,2301,2301,2009,5,6,1805,18,1,1,0,4,1,0,0,3,7,"N","N",2,2,1,0,0,0,0,0,1,0,1,0,1,1,0,0,0,0,0,0,0,0,0,0,0,0,1,0,0,0,0,2,0,0,0,0,0,1,0,0,"40 27:48.596","79 56:29.302",40.46350098,-79.9414978,4,2,1,"N",NA,NA,0,"Y","N",NA,NA,NA,"","","","","","","","",2009049804,0,0,1,1,0,0,0,0,0,0,0,0,0,0,0,0,1,1,0,1,0,0,0,0,0,0,0,0,0,0,0,0,0,0,0,0,1,0,0,0,0,0,0,0,0,0,0,0,0,0,0,0,0,0,0,0,0,0,0,0,0,0,0,0,0,0,0,1,1,0,0,0,0,1,0,0,0,0,0,0,0,0,0,1,0,0,0,0,0,2009049804,3,3,NA,2,1,"N",4,NA,NA,NA,NA,"S EVALINE ST"
"470",2009051266,11,2,2301,2301,2009,5,4,1756,17,1,1,0,4,1,2,3,3,0,"N","N",2,2,1,1,0,0,0,0,0,0,1,0,1,0,0,1,0,0,0,0,0,0,0,0,0,0,0,0,0,0,0,4,0,0,0,0,0,0,0,0,"40 24:47.430","80 01:09.544",40.41320038,-80.01930237,NA,0,NA,"N",NA,NA,3,"","N",NA,NA,NA,"","","","","","","","",2009051266,0,0,1,1,0,0,0,0,0,0,0,0,0,0,0,0,0,1,0,0,1,0,1,1,0,0,0,0,0,0,0,0,0,0,0,0,1,0,0,0,0,0,0,0,0,0,0,0,0,0,0,0,0,0,0,0,0,0,0,0,0,0,0,1,0,0,0,0,0,0,0,0,0,1,0,0,0,0,0,0,0,1,0,0,0,0,0,0,0,2009051266,3,4,NA,2,2,"N",4,NA,25,NA,NA,"WESTFIELD ST"
"471",2009051903,11,2,2301,2301,2009,5,6,6,0,3,1,0,4,1,1,2,3,0,"N","N",2,4,1,0,0,0,0,0,1,0,1,0,1,0,0,1,0,0,0,0,0,0,0,0,0,0,0,0,0,0,0,4,0,0,0,0,0,0,0,0,"40 25:42.300","79 58:28.634",40.42839813,-79.97460175,NA,0,NA,"N",NA,NA,3,"","N",NA,NA,NA,"","","","","","","","",2009051903,0,1,1,0,0,0,0,0,0,0,0,0,0,0,0,0,0,1,0,0,1,1,0,0,0,0,0,0,0,0,0,0,0,0,0,0,1,0,0,0,0,0,0,0,0,0,0,0,0,0,0,0,0,0,0,0,0,0,0,0,0,0,0,0,0,0,0,0,0,0,0,0,0,1,0,0,0,0,0,0,1,1,0,0,0,0,0,0,0,2009051903,3,3,3,2,2,"W",2,837,25,530,0,"CARSON ST"
"474",2009053004,11,2,2301,2301,2009,5,3,1731,17,1,1,0,5,1,2,3,3,0,"N","N",2,2,1,0,0,0,0,0,1,0,1,0,1,0,1,0,0,0,0,0,0,0,0,0,0,0,0,0,0,0,0,3,0,0,0,0,0,1,0,0,"40 26:39.529","79 55:04.182",40.44430161,-79.9178009,1,1,4,"N",NA,NA,3,"N","N",NA,NA,NA,"","","","","","","","",2009053004,0,1,1,0,0,0,0,0,0,0,0,0,0,0,0,0,0,1,0,0,1,0,1,1,0,0,0,0,0,0,0,0,0,0,0,0,1,0,0,0,0,0,0,0,0,0,0,0,0,0,0,0,0,0,1,0,0,0,0,0,0,0,0,0,0,0,0,1,0,0,0,0,0,1,0,0,0,0,0,0,0,0,1,0,0,0,0,0,0,2009053004,3,3,3,2,2,"S",2,2108,25,130,0,"WILKINS AV"
"475",2009053391,11,2,2301,2503,2009,5,5,2151,21,3,1,0,2,1,1,2,3,0,"N","N",2,2,1,0,0,1,0,0,0,0,1,0,1,0,1,0,0,0,0,0,0,0,0,0,0,0,0,0,0,0,1,3,0,0,0,0,0,1,0,0,"40 26:17.041","79 55:22.774",40.43809891,-79.92299652,2,2,7,"N",NA,NA,3,"N","N",NA,NA,NA,"","","","","","","","",2009053391,0,0,1,1,0,0,0,0,0,0,0,1,0,0,0,0,0,1,0,0,1,1,0,0,0,0,0,0,0,0,0,0,0,0,0,0,1,0,0,0,0,0,0,0,0,0,0,0,0,0,0,0,0,0,0,0,0,0,0,0,0,0,0,0,0,0,0,1,1,0,0,0,0,1,1,0,0,0,0,0,1,0,1,0,0,0,0,0,0,2009053391,3,4,NA,2,2,"S",4,NA,35,NA,NA,"MURRAY AV"
"476",2009055836,11,2,2301,2301,2009,6,2,2000,20,1,1,0,1,1,1,2,3,2,"N","N",2,2,1,1,0,0,0,0,0,0,1,0,1,0,0,0,1,0,0,0,0,0,0,0,0,0,0,0,0,0,0,8,0,0,0,0,0,0,0,0,"40 26:12.120","80 00:03.240",40.43669891,-80.00090027,NA,0,NA,"N",NA,NA,3,"","N",NA,NA,NA,"","","","","","","","",2009055836,0,1,1,0,0,0,0,0,0,0,1,0,0,0,0,0,0,1,0,0,1,1,0,0,0,0,0,0,0,0,0,0,0,0,0,0,1,0,0,0,0,0,0,0,0,0,0,0,0,0,0,0,0,0,1,0,0,0,0,0,0,0,0,0,0,0,0,0,0,0,0,0,0,1,0,0,0,0,0,0,0,0,0,0,0,0,0,0,0,2009055836,3,3,3,2,4,"N",2,3027,25,30,170,"SMITHFIELD ST"
"479",2009058191,11,2,2301,2301,2009,6,3,2300,23,3,1,0,4,9,0,0,3,0,"N","N",2,2,1,1,0,0,0,0,0,0,1,0,1,0,0,1,0,0,0,0,0,0,0,0,0,0,0,0,0,0,0,4,0,0,0,0,0,0,0,0,"40 28:04.676","79 57:18.238",40.4679985,-79.95510101,NA,0,NA,"N",NA,NA,0,"","N",NA,NA,NA,"","","","","","","","",2009058191,0,0,1,1,0,0,0,0,0,0,0,0,0,0,0,0,0,1,0,1,0,0,0,0,0,0,0,0,0,0,0,0,0,0,0,0,1,0,0,0,0,0,0,0,0,0,0,0,0,0,0,0,0,0,0,0,0,0,0,0,0,0,0,0,0,0,0,0,0,0,0,0,0,1,0,0,0,0,0,0,1,1,0,0,0,0,0,0,0,2009058191,3,3,NA,2,2,"N",4,NA,NA,NA,NA,"44TH ST"
"480",2009058392,11,2,2301,2301,2009,6,4,1728,17,1,1,0,1,1,1,0,3,0,"N","N",2,2,1,1,0,0,0,0,0,0,1,0,1,0,0,0,1,0,0,0,0,0,0,0,0,0,0,0,0,0,0,8,0,0,0,0,0,0,0,0,"40 27:04.064","79 58:56.888",40.4510994,-79.98249817,NA,0,NA,"N",NA,NA,0,"","N",NA,NA,NA,"","","","","","","","",2009058392,0,0,1,1,0,0,0,0,0,0,1,0,0,0,0,0,0,1,0,0,1,0,0,1,0,0,0,0,0,0,0,0,0,0,0,0,1,0,0,0,0,0,0,0,0,0,0,0,0,0,0,0,0,0,0,0,0,0,0,0,0,0,0,0,0,0,0,0,1,0,0,0,0,1,0,0,0,0,0,0,0,0,0,0,0,0,0,0,0,2009058392,3,4,NA,2,4,"E",4,NA,25,NA,NA,"LIBERTY AV"
"481",2009059167,11,2,2301,2301,2009,6,6,700,7,1,1,0,1,1,0,0,3,0,"N","N",2,1,1,0,0,0,0,0,0,0,1,0,1,0,0,1,0,0,0,0,0,0,0,0,0,0,0,0,0,0,0,4,0,0,0,0,0,0,0,0,"40 28:09.901","79 55:45.890",40.4693985,-79.92939758,NA,0,NA,"N",NA,NA,0,"","N",NA,NA,NA,"","","","","","","","",2009059167,0,0,1,1,0,0,0,0,0,0,1,0,0,0,0,0,0,1,0,1,0,0,0,0,0,0,0,0,0,0,0,0,0,0,0,0,1,0,0,0,0,0,0,0,0,0,0,0,0,0,0,0,0,0,0,0,0,0,0,0,0,0,1,0,0,0,0,0,0,0,1,0,0,1,0,0,0,0,0,0,0,1,0,0,0,0,0,0,0,2009059167,3,3,NA,2,2,"E",4,NA,25,NA,NA,"BLACK ST"
"483",2009059944,11,2,2301,2301,2009,6,1,1215,12,1,1,0,5,1,1,2,3,0,"N","N",2,2,1,1,0,0,0,0,0,0,1,0,1,0,0,1,0,0,0,0,0,0,0,0,0,0,0,0,0,0,0,4,0,0,0,0,0,1,0,0,"40 27:07.488","79 55:51.535",40.45209885,-79.93099976,NA,0,NA,"N",NA,NA,3,"","N",NA,NA,NA,"","","","","","","","",2009059944,0,0,1,1,0,0,0,0,0,0,0,0,0,0,0,0,0,1,0,0,1,1,0,0,0,0,0,0,0,0,0,0,0,0,0,0,1,0,0,0,0,0,0,0,0,0,0,0,0,0,0,0,0,0,1,0,0,0,0,0,0,0,0,0,0,0,0,1,0,0,0,0,0,1,0,0,0,0,0,0,0,1,0,0,0,0,0,0,0,2009059944,3,4,NA,2,2,"E",4,NA,25,NA,NA,"NEGLEY AV"