"","CRASH_CRN","DISTRICT","CRASH_COUNTY","MUNICIPALITY","POLICE_AGCY","CRASH_YEAR","CRASH_MONTH","DAY_OF_WEEK","TIME_OF_DAY","HOUR_OF_DAY","ILLUMINATION","WEATHER","ROAD_CONDITION","COLLISION_TYPE","RELATION_TO_ROAD","INTERSECT_TYPE","TCD_TYPE","URBAN_RURAL","LOCATION_TYPE","SCH_BUS_IND","SCH_ZONE_IND","TOTAL_UNITS","PERSON_COUNT","VEHICLE_COUNT","AUTOMOBILE_COUNT","MOTORCYCLE_COUNT","BUS_COUNT","SMALL_TRUCK_COUNT","HEAVY_TRUCK_COUNT","SUV_COUNT","VAN_COUNT","BICYCLE_COUNT","FATAL_COUNT","INJURY_COUNT","MAJ_INJ_COUNT","MOD_INJ_COUNT","MIN_INJ_COUNT","UNK_INJ_DEG_COUNT","UNK_INJ_PER_COUNT","UNBELTED_OCC_COUNT","UNB_DEATH_COUNT","UNB_MAJ_INJ_COUNT","BELTED_DEATH_COUNT","BELTED_MAJ_INJ_COUNT","MCYCLE_DEATH_COUNT","MCYCLE_MAJ_INJ_COUNT","BICYCLE_DEATH_COUNT","BICYCLE_MAJ_INJ_COUNT","PED_COUNT","PED_DEATH_COUNT","PED_MAJ_INJ_COUNT","COMM_VEH_COUNT","MAX_SEVERITY_LEVEL","DRIVER_COUNT_16YR","DRIVER_COUNT_17YR","DRIVER_COUNT_18YR","DRIVER_COUNT_19YR","DRIVER_COUNT_20YR","DRIVER_COUNT_50_64YR","DRIVER_COUNT_65_74YR","DRIVER_COUNT_75PLUS","LATITUDE","LONGITUDE","DEC_LAT","DEC_LONG","EST_HRS_CLOSED","LANE_CLOSED","LN_CLOSE_DIR","NTFY_HIWY_MAINT","RDWY_SURF_TYPE_CD","SPEC_JURIS_CD","TCD_FUNC_CD","TFC_DETOUR_IND","WORK_ZONE_IND","WORK_ZONE_TYPE","WORK_ZONE_LOC","CONS_ZONE_SPD_LIM","WORKERS_PRES","WZ_CLOSE_DETOUR","WZ_FLAGGER","WZ_LAW_OFFCR_IND","WZ_LN_CLOSURE","WZ_MOVING","WZ_OTHER","WZ_SHLDER_MDN","FLAG_CRN","INTERSTATE","STATE_ROAD","LOCAL_ROAD","LOCAL_ROAD_ONLY","TURNPIKE","WET_ROAD","SNOW_SLUSH_ROAD","ICY_ROAD","SUDDEN_DEER","SHLDR_RELATED","REAR_END","HO_OPPDIR_SDSWP","HIT_FIXED_OBJECT","SV_RUN_OFF_RD","WORK_ZONE","PROPERTY_DAMAGE_ONLY","FATAL_OR_MAJ_INJ","INJURY","FATAL","NON_INTERSECTION","INTERSECTION","SIGNALIZED_INT","STOP_CONTROLLED_INT","UNSIGNALIZED_INT","SCHOOL_BUS","SCHOOL_ZONE","HIT_DEER","HIT_TREE_SHRUB","HIT_EMBANKMENT","HIT_POLE","HIT_GDRAIL","HIT_GDRAIL_END","HIT_BARRIER","HIT_BRIDGE","OVERTURNED","MOTORCYCLE","BICYCLE","HVY_TRUCK_RELATED","VEHICLE_FAILURE","TRAIN_TROLLEY","PHANTOM_VEHICLE","ALCOHOL_RELATED","DRINKING_DRIVER","UNDERAGE_DRNK_DRV","UNLICENSED","CELL_PHONE","NO_CLEARANCE","RUNNING_RED_LT","TAILGATING","CROSS_MEDIAN","CURVE_DVR_ERROR","LIMIT_65MPH","SPEEDING","SPEEDING_RELATED","AGGRESSIVE_DRIVING","FATIGUE_ASLEEP","DRIVER_16YR","DRIVER_17YR","DRIVER_65_74YR","DRIVER_75PLUS","UNBELTED","PEDESTRIAN","DISTRACTED","CURVED_ROAD","DRIVER_18YR","DRIVER_19YR","DRIVER_20YR","DRIVER_50_64YR","VEHICLE_TOWED","FIRE_IN_VEHICLE","HIT_PARKED_VEHICLE","MC_DRINKING_DRIVER","DRUGGED_DRIVER","INJURY_OR_FATAL","COMM_VEHICLE","IMPAIRED_DRIVER","DEER_RELATED","DRUG_RELATED","HAZARDOUS_TRUCK","ILLEGAL_DRUG_RELATED","ILLUMINATION_DARK","MINOR_INJURY","MODERATE_INJURY","MAJOR_INJURY","NHTSA_AGG_DRIVING","PSP_REPORTED","RUNNING_STOP_SIGN","TRAIN","TROLLEY","ROADWAY_CRN","RDWY_SEQ_NUM","ADJ_RDWY_SEQ","ACCESS_CTRL","ROADWAY_COUNTY","LANE_COUNT","RDWY_ORIENT","ROAD_OWNER","ROUTE","SPEED_LIMIT","SEGMENT","OFFSET","STREET_NAME"
"484",2009059948,11,2,2301,2301,2009,6,1,1229,12,1,1,0,4,1,1,2,3,0,"N","N",2,2,1,1,0,0,0,0,0,0,1,0,1,0,0,0,1,0,0,0,0,0,0,0,0,0,0,0,0,0,0,8,0,0,0,0,0,0,0,0,"40 28:07.320","79 57:44.398",40.47040176,-79.96050262,NA,0,NA,"N",NA,NA,3,"","N",NA,NA,NA,"","","","","","","","",2009059948,0,1,1,0,0,0,0,0,0,0,0,0,0,0,0,0,0,1,0,0,1,1,0,0,0,0,0,0,0,0,0,0,0,0,0,0,1,0,0,0,0,0,0,0,0,0,0,0,0,0,0,0,0,0,1,0,0,0,0,0,0,0,0,0,0,0,0,0,0,0,0,0,0,1,0,0,0,0,0,0,0,0,0,0,0,0,0,0,0,2009059948,3,3,3,2,2,"E",2,2122,25,40,580,"BUTLER ST"
"485",2009060275,11,2,2301,2301,2009,5,4,2358,23,6,1,0,4,1,1,2,3,0,"N","N",2,2,1,1,0,0,0,0,0,0,1,0,1,0,0,0,1,1,0,0,0,0,0,0,0,0,0,0,0,0,0,8,0,0,0,0,0,0,0,0,"40 28:03.903","79 55:41.131",40.46780014,-79.92810059,9,1,7,"N",NA,NA,2,"N","N",NA,NA,NA,"","","","","","","","",2009060275,0,0,1,1,0,0,0,0,0,0,0,0,0,0,0,0,0,1,0,0,1,1,0,0,0,0,0,0,0,0,0,0,0,0,0,0,1,0,0,0,0,0,0,0,0,0,0,0,0,0,0,0,0,0,1,0,0,0,0,0,0,0,0,0,0,0,0,0,0,0,0,0,0,1,0,0,0,0,0,0,1,0,0,0,0,0,0,0,0,2009060275,3,4,NA,2,4,"E",4,NA,35,NA,NA,"LIBERTY BL"
"488",2009062122,11,2,2301,2301,2009,6,7,1950,19,1,1,0,8,1,0,0,3,0,"N","N",2,6,1,1,0,0,0,0,0,0,1,0,1,0,0,1,0,0,0,0,0,0,0,0,0,0,0,0,0,0,0,4,0,0,0,0,0,0,0,0,"40 25:26.551","79 58:11.454",40.42399979,-79.96980286,NA,0,NA,"N",NA,NA,0,"","N",NA,NA,NA,"","","","","","","","",2009062122,0,0,1,1,0,0,0,0,0,0,0,0,0,0,0,0,0,1,0,1,0,0,0,0,0,0,0,0,0,0,0,0,0,0,0,0,1,0,0,0,0,0,0,0,0,0,0,0,0,0,0,0,0,0,0,0,0,0,0,0,0,0,1,0,0,0,0,0,0,0,0,0,0,1,0,0,0,0,0,0,0,1,0,0,0,0,0,0,0,2009062122,3,3,NA,2,2,"E",4,NA,25,NA,NA,"JOSEPHINE ST"
"490",2009063016,11,2,2301,2301,2009,6,4,800,8,1,1,0,4,1,1,3,3,0,"N","N",2,3,1,0,0,0,0,0,1,0,1,0,1,0,0,1,0,0,0,0,0,0,0,0,0,0,0,0,0,0,0,4,0,0,0,0,0,0,0,0,"40 27:22.671","80 00:47.544",40.45629883,-80.01319885,NA,0,NA,"N",NA,NA,2,"","N",NA,NA,NA,"","","","","","","","",2009063016,0,0,1,1,0,0,0,0,0,0,0,0,0,0,0,0,0,1,0,0,1,0,1,1,0,0,0,0,0,0,0,0,0,0,0,0,1,0,0,0,0,0,0,0,0,0,0,0,0,0,0,0,0,0,1,0,0,0,0,0,0,0,0,0,0,0,0,0,0,0,0,0,0,1,0,0,0,0,0,0,0,1,0,0,0,0,1,0,0,2009063016,3,4,NA,2,1,"S",4,NA,15,NA,NA,"MONTEREY ST"
"491",2009063568,11,2,2301,2301,2009,6,5,1720,17,1,1,0,6,1,1,0,3,0,"N","N",2,2,1,1,0,0,0,0,0,0,1,0,1,0,0,1,0,0,0,0,0,0,0,0,0,0,0,0,0,0,0,4,0,0,0,0,0,1,0,0,"40 28:52.824","79 57:11.106",40.48130035,-79.95310211,NA,0,NA,"N",NA,NA,0,"","N",NA,NA,NA,"","","","","","","","",2009063568,0,0,1,1,0,0,0,0,0,0,0,1,0,0,0,0,0,1,0,0,1,0,0,1,0,0,0,0,0,0,0,0,0,0,0,0,1,0,0,0,0,0,0,0,0,0,0,0,0,0,0,0,0,0,0,0,0,0,0,0,0,0,0,0,0,0,0,1,0,0,0,0,0,1,0,0,0,0,0,0,0,1,0,0,0,0,0,0,0,2009063568,3,4,NA,2,2,"E",4,NA,25,NA,NA,"DRESDEN WY"
"492",2009064908,11,2,2445,2445,2009,5,1,1410,14,1,1,0,5,4,1,3,3,0,"N","N",2,2,1,1,0,0,0,0,0,0,1,0,1,0,1,0,0,0,0,0,0,0,0,0,0,0,0,0,0,0,0,3,0,0,0,0,0,1,0,0,"40 28:08.587","79 55:07.456",40.46910095,-79.91870117,NA,0,NA,"N",NA,NA,3,"","N",NA,NA,NA,"","","","","","","","",2009064908,0,0,1,1,0,0,0,0,0,0,0,0,0,1,0,0,0,1,0,0,1,0,1,1,0,0,0,0,0,0,0,0,0,0,0,0,1,0,0,0,0,0,0,0,0,0,0,0,0,0,0,0,0,0,0,0,0,0,0,0,0,0,0,0,0,0,0,1,0,0,0,0,0,1,0,0,0,0,0,0,0,0,1,0,0,0,0,0,0,2009064908,3,4,NA,2,2,"N",4,NA,25,NA,NA,"SHERIDAN ST"
"494",2009069123,11,2,2301,2301,2009,7,4,1715,17,1,1,0,4,5,1,2,3,0,"N","N",2,2,1,1,0,0,0,0,0,0,1,0,1,0,0,0,1,0,0,0,0,0,0,0,0,0,0,0,0,0,0,8,0,0,0,0,0,1,0,0,"40 26:16.216","79 57:50.504",40.43780136,-79.96399689,NA,0,NA,"N",NA,NA,3,"","N",NA,NA,NA,"","","","","","","","",2009069123,0,0,1,1,0,0,0,0,0,0,0,0,0,1,0,0,0,1,0,0,1,1,0,0,0,0,0,0,0,0,0,0,0,0,0,0,1,0,0,0,0,0,0,0,0,0,0,0,0,0,0,0,0,0,0,0,0,0,0,0,0,0,0,0,0,0,0,1,0,0,0,0,0,1,0,0,0,0,0,0,0,0,0,0,0,0,0,0,0,2009069123,3,4,NA,2,3,"E",4,NA,25,NA,NA,"CRAFT AV"
"495",2009069136,11,2,2301,2301,2009,7,4,2020,20,1,1,0,9,1,2,3,3,0,"N","N",2,2,1,0,0,0,1,0,0,0,1,0,1,0,0,0,1,0,0,0,0,0,0,0,0,0,0,0,0,0,0,8,0,0,0,0,0,1,0,0,"40 28:04.720","80 01:18.961",40.4679985,-80.02189636,NA,0,NA,"N",NA,NA,3,"","N",NA,NA,NA,"","","","","","","","",2009069136,0,1,1,0,0,0,0,0,0,0,0,0,0,0,0,0,0,1,0,0,1,0,1,1,0,0,0,0,0,0,0,0,0,0,0,0,1,0,0,0,0,0,0,0,0,0,0,0,0,0,0,0,0,0,0,0,0,0,0,0,0,0,0,0,0,0,0,1,0,0,0,0,0,1,0,0,0,0,0,0,0,0,0,0,0,0,0,0,0,2009069136,3,3,3,2,2,"E",2,19,30,350,920,"MARSHALL AV"
"498",2009070182,11,2,2301,2301,2009,7,7,1740,17,1,1,0,4,1,2,3,3,0,"N","N",2,2,1,1,0,0,0,0,0,0,1,0,1,0,1,0,0,0,0,0,0,0,0,0,0,0,0,0,0,0,0,3,0,0,0,0,0,0,0,0,"40 27:33.768","80 01:21.990",40.45940018,-80.02279663,NA,0,NA,"N",NA,NA,2,"","N",NA,NA,NA,"","","","","","","","",2009070182,0,0,1,1,0,0,0,0,0,0,0,0,0,0,0,0,0,1,0,0,1,0,1,1,0,0,0,0,0,0,0,0,0,0,0,0,1,0,0,0,0,0,0,0,0,0,0,0,0,0,0,0,0,0,0,0,0,0,0,0,0,0,0,0,0,0,0,0,0,0,0,0,0,1,0,0,0,0,0,0,0,0,1,0,0,0,0,0,0,2009070182,3,4,NA,2,2,"S",4,NA,25,NA,NA,"ST IVES ST"
"500",2009071062,11,2,2301,2301,2009,7,4,850,8,1,1,0,4,1,2,2,3,0,"N","N",2,2,1,1,0,0,0,0,0,0,1,0,1,0,0,1,0,0,0,0,0,0,0,0,0,0,0,0,0,0,0,4,0,0,0,0,0,0,0,0,"40 26:32.449","79 57:05.702",40.44229889,-79.95159912,1,2,1,"N",NA,NA,3,"Y","N",NA,NA,NA,"","","","","","","","",2009071062,0,0,1,1,0,0,0,0,0,0,0,0,0,0,0,0,0,1,0,0,1,1,0,0,0,0,0,0,0,0,0,0,0,0,0,0,1,0,0,0,0,0,0,0,0,0,0,0,0,0,0,0,0,0,1,0,0,0,0,0,0,0,0,0,0,0,0,0,0,0,0,0,0,1,0,0,0,0,0,0,0,1,0,0,0,0,0,0,0,2009071062,3,4,NA,2,3,"",4,NA,25,NA,NA,"SCHENLEY DR"
"501",2009071634,11,2,2301,2503,2009,7,4,2127,21,3,1,0,1,1,2,0,3,0,"N","N",2,2,1,0,0,1,0,0,0,0,1,0,1,0,1,0,0,0,0,0,0,0,0,0,0,0,0,0,0,0,1,3,0,0,0,0,0,0,0,0,"40 26:38.262","79 55:25.887",40.44400024,-79.92389679,NA,0,NA,"N",NA,NA,0,"","N",NA,NA,NA,"","","","","","","","",2009071634,0,1,1,0,0,0,0,0,0,0,1,0,0,0,0,0,0,1,0,0,1,0,0,1,0,0,0,0,0,0,0,0,0,0,0,0,1,0,0,0,0,0,0,0,0,0,0,0,0,0,0,0,0,0,1,0,0,0,0,0,0,0,0,0,0,0,0,0,0,0,0,0,0,1,1,0,0,0,0,0,1,0,1,0,0,0,0,0,0,2009071634,3,3,3,2,2,"E",2,2108,25,120,2212,"WILKINS AV"
"503",2009072866,11,2,2301,2301,2009,7,5,1300,13,1,1,0,4,1,2,0,3,0,"N","N",2,2,1,0,0,0,1,0,0,0,1,0,1,0,0,1,0,0,0,0,0,0,0,0,0,0,0,0,0,0,0,4,0,0,0,0,0,0,0,0,"40 27:44.020","79 57:39.045",40.46220016,-79.96080017,NA,0,NA,"N",NA,NA,0,"","N",NA,NA,NA,"","","","","","","","",2009072866,0,0,1,1,0,0,0,0,0,0,0,0,0,0,0,0,0,1,0,0,1,0,0,1,0,0,0,0,0,0,0,0,0,0,0,0,1,0,0,0,0,0,0,0,0,0,0,0,0,0,0,0,0,0,1,0,0,0,0,0,0,0,0,0,0,0,0,0,0,0,0,0,0,1,0,0,0,0,0,0,0,1,0,0,0,0,0,0,0,2009072866,3,4,NA,2,2,"W",4,NA,25,NA,NA,"LIBERTY AV"
"505",2009073714,11,2,2301,2301,2009,7,4,2007,20,4,1,0,4,1,1,3,3,0,"N","N",2,2,1,0,0,0,0,0,1,0,1,0,1,0,0,0,1,0,0,0,0,0,0,0,0,0,0,0,0,0,0,8,0,0,0,0,0,1,0,0,"40 28:56.344","79 57:01.753",40.4822998,-79.95050049,NA,0,NA,"Y",NA,NA,3,"","N",NA,NA,NA,"","","","","","","","",2009073714,0,0,1,1,0,0,0,0,0,0,0,0,0,0,0,0,0,1,0,0,1,0,1,1,0,0,0,0,0,0,0,0,0,0,0,0,1,0,0,0,0,0,0,0,0,1,0,0,0,0,0,0,0,0,0,0,0,0,0,0,0,0,1,0,0,0,0,1,0,0,0,0,0,1,0,0,0,0,0,0,0,0,0,0,0,0,0,0,0,2009073714,3,4,NA,2,2,"W",4,NA,25,NA,NA,"CARNEGIE ST"
"508",2009075468,11,2,2301,2301,2009,7,2,1909,19,1,1,0,4,1,1,0,3,0,"N","N",2,3,1,1,0,0,0,0,0,0,1,0,1,0,0,1,0,0,0,0,0,0,0,0,0,0,0,0,0,0,0,4,0,0,0,0,0,0,0,0,"40 24:33.951","79 59:43.526",40.40940094,-79.99539948,NA,0,NA,"N",NA,NA,0,"","N",NA,NA,NA,"","","","","","","","",2009075468,0,0,1,1,0,0,0,0,0,0,0,0,0,0,0,0,0,1,0,0,1,0,0,1,0,0,0,0,0,0,0,0,0,0,0,0,1,0,0,0,0,0,0,0,0,0,0,0,0,0,0,0,0,0,0,0,0,0,0,0,0,0,0,0,0,0,0,0,0,0,0,0,0,1,0,0,0,0,0,0,0,1,0,0,0,0,0,0,0,2009075468,3,4,NA,2,2,"",4,NA,25,NA,NA,"REIFERT ST"
"511",2009077228,11,2,2301,2301,2009,8,7,1920,19,1,1,0,4,1,2,0,3,0,"N","N",2,6,1,1,0,0,0,0,0,0,1,0,1,0,0,0,1,0,0,0,0,0,0,0,0,0,0,0,0,0,0,8,0,0,0,0,0,0,0,0,"40 25:14.631","79 59:56.068",40.42070007,-79.99890137,1,2,2,"N",NA,NA,0,"Y","N",NA,NA,NA,"","","","","","","","",2009077228,0,0,1,1,0,0,0,0,0,0,0,0,0,0,0,0,0,1,0,0,1,0,0,1,0,0,0,0,0,0,0,0,0,0,0,0,1,0,0,0,0,0,0,0,0,0,0,0,0,0,0,0,0,0,0,0,0,0,0,0,0,0,0,0,0,0,0,0,0,0,0,0,0,1,0,0,0,0,0,0,0,0,0,0,0,0,0,0,0,2009077228,3,4,NA,2,2,"W",4,NA,25,NA,NA,"INDUSTRY ST"
"513",2009077877,11,2,2301,2301,2009,8,2,1350,13,1,1,0,1,1,1,3,3,0,"N","N",2,2,1,0,0,0,0,1,0,0,1,1,0,0,0,0,0,1,0,0,0,0,0,0,0,1,0,0,0,0,1,1,0,0,0,0,0,0,0,0,"40 26:21.120","79 57:23.904",40.43920135,-79.95659637,4,2,4,"N",NA,NA,3,"Y","N",NA,NA,NA,"","","","","","","","",2009077877,0,0,1,1,0,0,0,0,0,0,1,0,0,0,0,0,1,0,1,0,1,0,1,1,0,0,0,0,0,0,0,0,0,0,0,0,1,1,0,0,0,0,0,0,0,0,0,0,0,0,0,0,0,0,0,0,0,0,0,0,0,0,0,0,0,0,0,0,0,0,0,0,0,1,1,0,0,0,0,0,0,0,0,0,0,0,0,0,0,2009077877,3,4,NA,2,2,"N",4,NA,25,NA,NA,"LOUISA ST"
"514",2009078585,11,2,2301,2301,2009,8,2,640,6,1,1,0,2,2,2,0,3,0,"N","N",2,2,1,1,0,0,0,0,0,0,1,0,1,0,0,1,0,0,0,0,0,0,0,0,0,0,0,0,0,0,0,4,0,0,0,0,0,1,0,0,"40 25:50.302","80 00:02.366",40.43069839,-80.00080109,NA,0,NA,"N",NA,NA,0,"","N",NA,NA,NA,"","","","","","","","",2009078585,0,1,1,0,0,0,0,0,0,0,0,1,0,1,0,0,0,1,0,0,1,0,0,1,0,0,0,0,0,0,0,0,0,0,0,0,1,0,0,0,0,0,0,0,0,0,0,0,0,0,0,0,0,0,0,0,0,0,0,0,0,0,0,0,0,0,0,1,0,0,0,0,0,1,0,0,0,0,0,0,0,1,0,0,0,0,0,0,0,2009078585,3,3,3,2,2,"N",2,837,25,550,2435,"EAST CARSON ST"
"515",2009082016,11,2,2301,2301,2009,8,7,1457,14,1,1,0,4,1,1,0,3,0,"N","N",2,2,1,1,0,0,0,0,0,0,1,0,1,0,0,1,0,0,0,0,0,0,0,0,0,0,0,0,0,0,0,4,0,0,0,0,0,1,0,0,"40 27:50.443","79 54:35.233",40.4640007,-79.90979767,1,1,3,"N",NA,NA,0,"Y","N",NA,NA,NA,"","","","","","","","",2009082016,0,0,1,1,0,0,0,0,0,0,0,0,0,0,0,0,0,1,0,0,1,0,0,1,0,0,0,0,0,0,0,0,0,0,0,0,1,0,0,0,0,0,0,0,0,0,0,0,0,0,0,0,0,0,0,0,0,0,0,0,0,0,0,0,0,0,0,1,0,0,0,0,0,1,0,0,0,0,0,0,0,1,0,0,0,0,0,0,0,2009082016,3,4,NA,2,2,"N",4,NA,25,NA,NA,"SHETLAND ST"
"518",2009083024,11,2,2301,2301,2009,8,3,1030,10,1,1,0,2,1,2,3,3,0,"N","N",2,2,1,0,0,0,1,0,0,0,1,0,1,0,0,1,0,0,0,0,0,0,0,0,0,0,0,0,0,0,0,4,0,0,0,0,0,0,0,0,"40 23:59.398","79 59:20.832",40.39979935,-79.9890976,NA,0,NA,"N",NA,NA,3,"","N",NA,NA,NA,"","","","","","","","",2009083024,0,0,1,1,0,0,0,0,0,0,0,1,0,0,0,0,0,1,0,0,1,0,1,1,0,0,0,0,0,0,0,0,0,0,0,0,1,0,0,0,0,0,0,0,0,0,0,0,0,0,0,0,0,0,0,0,0,0,0,0,0,0,0,0,0,0,0,0,0,0,0,0,0,1,0,0,0,0,0,0,0,1,0,0,0,0,0,0,0,2009083024,3,4,NA,2,2,"E",3,NA,25,NA,NA,"MEYERS SQ"
"519",2009084748,11,2,2301,2301,2009,8,1,1200,12,1,2,1,4,1,1,3,3,0,"N","N",2,3,1,1,0,0,0,0,0,0,1,0,2,0,0,2,0,0,0,0,0,0,0,0,0,0,0,0,0,0,0,4,0,0,0,0,0,0,0,0,"40 25:14.880","79 59:46.658",40.42079926,-79.99629974,NA,0,NA,"N",NA,NA,1,"","N",NA,NA,NA,"","","","","","","","",2009084748,0,0,1,1,0,1,0,0,0,0,0,0,0,0,0,0,0,1,0,0,1,0,1,1,0,0,0,0,0,0,0,0,0,0,0,0,1,0,0,0,0,0,0,0,0,0,0,0,0,0,0,0,0,0,0,0,0,0,0,0,0,0,0,0,0,0,0,0,0,0,0,0,0,1,0,0,0,0,0,0,0,1,0,0,0,0,0,0,0,2009084748,3,4,NA,2,2,"E",4,NA,25,NA,NA,"FERN WY"
"520",2009086731,11,2,2301,2301,2009,8,6,1030,10,1,1,0,1,1,0,0,3,0,"N","N",2,1,1,1,0,0,0,0,0,0,1,0,1,0,0,0,1,0,0,0,0,0,0,0,0,0,0,0,0,0,0,8,0,0,0,0,0,0,0,0,"40 29:16.987","80 02:29.050",40.48809814,-80.04139709,NA,0,NA,"N",NA,NA,0,"","N",NA,NA,NA,"","","","","","","","",2009086731,0,0,1,1,0,0,0,0,0,0,1,0,0,0,0,0,0,1,0,1,0,0,0,0,0,0,0,0,0,0,0,0,0,0,0,0,1,0,0,0,0,0,0,0,0,0,0,0,0,0,0,0,0,0,0,0,0,0,0,0,0,0,0,0,0,0,0,0,0,0,0,0,0,1,0,0,0,0,0,0,0,0,0,0,0,0,0,0,0,2009086731,3,3,NA,2,2,"N",4,NA,25,NA,NA,"BRIGHTON RD"
"521",2009086881,11,2,2301,2301,2009,8,5,2035,20,2,1,0,4,1,1,3,3,0,"N","N",2,2,1,0,0,0,0,0,1,0,1,0,1,0,1,0,0,0,0,0,0,0,0,0,0,0,0,0,0,0,0,3,0,0,1,0,0,0,0,0,"40 26:23.888","79 57:27.403",40.43999863,-79.95760345,NA,0,NA,"N",NA,NA,3,"","N",NA,NA,NA,"","","","","","","","",2009086881,0,0,1,1,0,0,0,0,0,0,0,0,0,0,0,0,0,1,0,0,1,0,1,1,0,0,0,0,0,0,0,0,0,0,0,0,1,0,0,0,0,0,0,0,0,0,0,0,0,0,0,0,0,0,0,0,0,0,0,0,0,0,1,0,1,0,0,0,0,0,0,0,0,1,0,0,0,0,0,0,1,0,1,0,0,0,0,0,0,2009086881,3,4,NA,2,2,"S",4,NA,25,NA,NA,"MEYRAN AV"
"523",2009088966,11,2,2301,2301,2009,8,6,1,0,3,1,0,5,2,0,2,3,0,"N","N",2,4,1,0,0,0,0,0,0,1,1,0,1,0,0,0,1,0,2,0,0,0,0,0,0,0,0,0,0,0,0,8,0,0,0,0,0,0,0,0,"40 27:35.794","79 58:16.068",40.4598999,-79.97109985,1,1,4,"N",NA,NA,3,"N","N",NA,NA,NA,"","","","","","","","",2009088966,0,1,0,0,0,0,0,0,0,0,0,0,0,1,0,0,0,1,0,1,0,0,0,0,0,0,0,0,0,0,0,0,0,0,0,0,1,0,0,0,0,0,0,0,0,0,0,0,0,0,0,0,0,0,0,0,0,0,0,0,1,0,0,0,0,0,0,0,1,0,0,0,0,1,0,0,0,0,0,0,1,0,0,0,0,0,0,0,0,2009088966,3,3,3,2,1,"W",2,2122,25,16,30,"PENN AV"
"526",2009089967,11,2,2301,2301,2009,9,3,1926,19,1,1,0,4,1,0,0,3,0,"N","N",2,3,1,0,0,0,0,0,1,0,1,0,1,0,1,0,0,0,0,0,0,0,0,0,0,0,0,0,0,0,0,3,0,0,0,0,0,0,0,0,"40 25:41.774","79 58:19.626",40.42829895,-79.97190094,NA,0,NA,"N",NA,NA,0,"","N",NA,NA,NA,"","","","","","","","",2009089967,0,1,0,0,0,0,0,0,0,0,0,0,0,0,0,0,0,1,0,1,0,0,0,0,0,0,0,0,0,0,0,0,0,0,0,0,1,0,0,0,0,0,0,0,0,0,0,0,0,0,0,0,0,0,1,0,0,0,0,0,0,0,0,0,0,0,0,0,0,0,0,0,0,1,0,0,0,0,0,0,0,0,1,0,0,0,0,0,0,2009089967,3,3,3,2,2,"E",2,837,25,520,1615,"CARSON ST"
"528",2009092789,11,2,2301,2301,2009,9,5,1744,17,1,1,0,4,1,2,0,3,0,"N","N",2,2,1,1,0,0,0,0,0,0,1,0,1,0,1,0,0,0,0,0,0,0,0,0,0,0,0,0,0,0,0,3,0,0,0,0,0,0,0,0,"40 29:02.191","80 02:26.577",40.48389816,-80.04070282,NA,0,NA,"N",NA,NA,0,"","N",NA,NA,NA,"","","","","","","","",2009092789,0,0,1,1,0,0,0,0,0,0,0,0,0,0,0,0,0,1,0,0,1,0,0,1,0,0,0,0,0,0,0,0,0,0,0,0,1,0,0,0,0,0,0,0,0,0,0,0,0,0,0,1,0,0,0,0,0,0,0,0,0,0,0,0,0,0,0,0,0,0,0,0,0,1,0,0,0,0,0,0,0,0,1,0,0,0,0,0,0,2009092789,3,4,NA,2,2,"S",4,NA,65,NA,NA,"BONAVENTURE WY"
"530",2009094121,11,2,2301,2301,2009,9,2,1307,13,1,1,0,2,1,2,3,3,0,"N","N",2,2,1,1,0,0,0,0,0,0,1,0,1,0,1,0,0,0,0,0,0,0,0,0,0,0,0,0,0,0,0,3,0,0,0,0,0,0,0,0,"40 25:29.298","79 58:46.408",40.42480087,-79.979599,NA,0,NA,"N",NA,NA,3,"","N",NA,NA,NA,"","","","","","","","",2009094121,0,0,1,1,0,0,0,0,0,0,0,1,0,0,0,0,0,1,0,0,1,0,1,1,0,0,0,0,0,0,0,0,0,0,0,0,1,0,0,0,0,0,0,0,0,0,0,0,0,0,0,0,0,0,0,0,0,0,0,0,0,0,0,0,0,0,0,0,0,0,0,0,0,1,0,0,0,0,0,0,0,0,1,0,0,0,0,0,0,2009094121,3,4,NA,2,2,"W",4,NA,25,NA,NA,"JOSEPHINE ST"
"531",2009094880,11,2,2301,2301,2009,9,4,2253,22,3,1,0,4,1,1,2,3,0,"N","N",2,2,1,1,0,0,0,0,0,0,1,0,1,0,0,0,1,0,0,0,0,0,0,0,0,0,0,0,0,0,0,8,0,0,0,0,0,0,0,0,"40 26:25.602","79 57:37.155",40.44039917,-79.96029663,1,1,6,"N",NA,NA,3,"N","N",NA,NA,NA,"","","","","","","","",2009094880,0,0,1,1,0,0,0,0,0,0,0,0,0,0,0,0,0,1,0,0,1,1,0,0,0,0,0,0,0,0,0,0,0,0,0,0,1,0,0,0,0,0,0,0,0,0,0,0,0,0,0,0,0,0,0,0,0,0,0,0,0,0,0,0,0,0,0,0,0,0,0,0,0,1,0,0,0,0,0,0,1,0,0,0,0,0,0,0,0,2009094880,3,4,NA,2,3,"",4,NA,25,NA,NA,"MCKEE PL"