"","CRASH_CRN","DISTRICT","CRASH_COUNTY","MUNICIPALITY","POLICE_AGCY","CRASH_YEAR","CRASH_MONTH","DAY_OF_WEEK","TIME_OF_DAY","HOUR_OF_DAY","ILLUMINATION","WEATHER","ROAD_CONDITION","COLLISION_TYPE","RELATION_TO_ROAD","INTERSECT_TYPE","TCD_TYPE","URBAN_RURAL","LOCATION_TYPE","SCH_BUS_IND","SCH_ZONE_IND","TOTAL_UNITS","PERSON_COUNT","VEHICLE_COUNT","AUTOMOBILE_COUNT","MOTORCYCLE_COUNT","BUS_COUNT","SMALL_TRUCK_COUNT","HEAVY_TRUCK_COUNT","SUV_COUNT","VAN_COUNT","BICYCLE_COUNT","FATAL_COUNT","INJURY_COUNT","MAJ_INJ_COUNT","MOD_INJ_COUNT","MIN_INJ_COUNT","UNK_INJ_DEG_COUNT","UNK_INJ_PER_COUNT","UNBELTED_OCC_COUNT","UNB_DEATH_COUNT","UNB_MAJ_INJ_COUNT","BELTED_DEATH_COUNT","BELTED_MAJ_INJ_COUNT","MCYCLE_DEATH_COUNT","MCYCLE_MAJ_INJ_COUNT","BICYCLE_DEATH_COUNT","BICYCLE_MAJ_INJ_COUNT","PED_COUNT","PED_DEATH_COUNT","PED_MAJ_INJ_COUNT","COMM_VEH_COUNT","MAX_SEVERITY_LEVEL","DRIVER_COUNT_16YR","DRIVER_COUNT_17YR","DRIVER_COUNT_18YR","DRIVER_COUNT_19YR","DRIVER_COUNT_20YR","DRIVER_COUNT_50_64YR","DRIVER_COUNT_65_74YR","DRIVER_COUNT_75PLUS","LATITUDE","LONGITUDE","DEC_LAT","DEC_LONG","EST_HRS_CLOSED","LANE_CLOSED","LN_CLOSE_DIR","NTFY_HIWY_MAINT","RDWY_SURF_TYPE_CD","SPEC_JURIS_CD","TCD_FUNC_CD","TFC_DETOUR_IND","WORK_ZONE_IND","WORK_ZONE_TYPE","WORK_ZONE_LOC","CONS_ZONE_SPD_LIM","WORKERS_PRES","WZ_CLOSE_DETOUR","WZ_FLAGGER","WZ_LAW_OFFCR_IND","WZ_LN_CLOSURE","WZ_MOVING","WZ_OTHER","WZ_SHLDER_MDN","FLAG_CRN","INTERSTATE","STATE_ROAD","LOCAL_ROAD","LOCAL_ROAD_ONLY","TURNPIKE","WET_ROAD","SNOW_SLUSH_ROAD","ICY_ROAD","SUDDEN_DEER","SHLDR_RELATED","REAR_END","HO_OPPDIR_SDSWP","HIT_FIXED_OBJECT","SV_RUN_OFF_RD","WORK_ZONE","PROPERTY_DAMAGE_ONLY","FATAL_OR_MAJ_INJ","INJURY","FATAL","NON_INTERSECTION","INTERSECTION","SIGNALIZED_INT","STOP_CONTROLLED_INT","UNSIGNALIZED_INT","SCHOOL_BUS","SCHOOL_ZONE","HIT_DEER","HIT_TREE_SHRUB","HIT_EMBANKMENT","HIT_POLE","HIT_GDRAIL","HIT_GDRAIL_END","HIT_BARRIER","HIT_BRIDGE","OVERTURNED","MOTORCYCLE","BICYCLE","HVY_TRUCK_RELATED","VEHICLE_FAILURE","TRAIN_TROLLEY","PHANTOM_VEHICLE","ALCOHOL_RELATED","DRINKING_DRIVER","UNDERAGE_DRNK_DRV","UNLICENSED","CELL_PHONE","NO_CLEARANCE","RUNNING_RED_LT","TAILGATING","CROSS_MEDIAN","CURVE_DVR_ERROR","LIMIT_65MPH","SPEEDING","SPEEDING_RELATED","AGGRESSIVE_DRIVING","FATIGUE_ASLEEP","DRIVER_16YR","DRIVER_17YR","DRIVER_65_74YR","DRIVER_75PLUS","UNBELTED","PEDESTRIAN","DISTRACTED","CURVED_ROAD","DRIVER_18YR","DRIVER_19YR","DRIVER_20YR","DRIVER_50_64YR","VEHICLE_TOWED","FIRE_IN_VEHICLE","HIT_PARKED_VEHICLE","MC_DRINKING_DRIVER","DRUGGED_DRIVER","INJURY_OR_FATAL","COMM_VEHICLE","IMPAIRED_DRIVER","DEER_RELATED","DRUG_RELATED","HAZARDOUS_TRUCK","ILLEGAL_DRUG_RELATED","ILLUMINATION_DARK","MINOR_INJURY","MODERATE_INJURY","MAJOR_INJURY","NHTSA_AGG_DRIVING","PSP_REPORTED","RUNNING_STOP_SIGN","TRAIN","TROLLEY","ROADWAY_CRN","RDWY_SEQ_NUM","ADJ_RDWY_SEQ","ACCESS_CTRL","ROADWAY_COUNTY","LANE_COUNT","RDWY_ORIENT","ROAD_OWNER","ROUTE","SPEED_LIMIT","SEGMENT","OFFSET","STREET_NAME"
"623",2011007049,11,2,2301,2301,2011,1,7,2200,22,3,4,1,5,1,1,2,3,0,"N","N",2,5,1,1,0,0,0,0,0,0,1,0,1,0,0,0,1,0,0,0,0,0,0,0,0,0,0,0,0,0,0,8,0,0,0,0,0,0,0,0,"40 27:45.450","79 57:02.988",40.46260071,-79.95079803,NA,0,NA,"N",NA,NA,3,"","N",NA,NA,NA,"","","","","","","","",2011007049,0,0,1,1,0,1,0,0,0,0,0,0,0,0,0,0,0,1,0,0,1,1,0,0,0,0,0,0,0,0,0,0,0,0,0,0,1,0,0,0,0,0,0,0,0,0,0,0,0,0,0,0,0,0,0,0,0,0,0,0,0,0,0,0,0,0,0,0,0,0,0,0,0,1,0,0,0,0,0,0,1,0,0,0,0,0,0,0,0,2011007049,3,4,NA,2,2,"W",4,NA,25,NA,NA,"LIBERTY AV"
"624",2011007171,11,2,2301,2301,2011,1,2,900,9,1,1,0,4,1,1,3,3,0,"N","N",2,3,1,1,0,0,0,0,0,0,1,0,1,0,0,1,0,0,0,0,0,0,0,0,0,0,0,0,0,0,0,4,0,0,0,0,0,1,0,0,"40 25:43.212","79 59:23.356",40.42869949,-79.98970032,NA,0,NA,"N",NA,NA,3,"","N",NA,NA,NA,"","","","","","","","",2011007171,0,1,1,0,0,0,0,0,0,0,0,0,0,0,0,0,0,1,0,0,1,0,1,1,0,0,0,0,0,0,0,0,0,0,0,0,1,0,0,0,0,0,0,0,0,0,1,0,0,0,0,0,0,0,1,0,0,0,0,0,0,0,0,0,0,0,0,1,0,0,0,0,0,1,0,0,0,0,0,0,0,1,0,0,0,0,0,0,0,2011007171,3,3,3,2,2,"B",2,837,25,540,2155,"EAST CARSON ST"
"625",2011011834,11,2,2301,2301,2011,1,3,1455,14,1,1,1,4,1,1,2,3,0,"N","N",2,2,1,0,0,0,0,0,1,0,1,0,1,0,0,1,0,0,1,0,0,0,0,0,0,0,0,0,0,0,0,4,0,0,0,0,0,0,0,0,"40 27:52.430","79 56:18.956",40.46459961,-79.93859863,NA,0,NA,"N",NA,NA,3,"","N",NA,NA,NA,"","","","","","","","",2011011834,0,0,1,1,0,1,0,0,0,0,0,0,0,0,0,0,0,1,0,0,1,1,0,0,0,0,0,0,0,0,0,0,0,0,0,0,1,0,0,0,0,0,0,0,0,0,0,0,0,0,0,0,0,0,1,0,0,0,0,0,1,0,0,0,0,0,0,0,0,0,0,0,0,1,0,0,0,0,0,0,0,1,0,0,0,0,0,0,0,2011011834,3,4,NA,2,2,"W",4,NA,25,NA,NA,"PENN AV"
"626",2011019879,11,2,2301,2301,2011,2,4,1640,16,1,1,0,2,1,1,3,3,0,"N","N",4,3,3,1,0,0,0,0,1,0,1,0,1,0,0,1,0,0,0,0,0,0,0,0,0,0,0,0,0,0,0,4,0,0,0,0,0,0,0,0,"40 27:53.632","79 56:42.997",40.46490097,-79.94529724,1,2,2,"N",NA,NA,3,"N","N",NA,NA,NA,"","","","","","","","",2011019879,0,0,1,1,0,0,0,0,0,0,0,1,0,0,0,0,0,1,0,0,1,0,1,1,0,0,0,0,0,0,0,0,0,0,0,0,1,0,0,0,0,0,0,0,0,0,1,0,0,0,0,0,0,0,1,0,0,0,0,0,0,0,0,0,0,0,0,0,1,0,1,0,0,1,0,0,0,0,0,0,0,1,0,0,0,0,0,0,0,2011019879,3,4,NA,2,2,"W",4,NA,25,NA,NA,"COMRIE WY"
"627",2011021775,11,2,2301,2503,2011,2,3,1705,17,1,4,1,6,1,2,0,3,0,"N","N",2,2,1,0,0,1,0,0,0,0,1,0,1,0,0,1,0,0,0,0,0,0,0,0,0,0,0,0,0,0,1,4,0,0,0,0,0,0,0,0,"40 26:10.887","79 59:47.375",40.43640137,-79.99649811,1,1,3,"N",NA,NA,0,"N","N",NA,NA,NA,"","","","","","","","",2011021775,0,1,1,0,0,1,0,0,0,0,0,1,0,0,0,0,0,1,0,0,1,0,0,1,0,0,0,0,0,0,0,0,0,0,0,0,1,0,0,0,0,0,0,0,0,0,0,0,0,0,0,0,0,0,0,0,0,0,0,0,0,0,0,0,0,0,0,0,0,0,0,0,0,1,1,0,0,0,0,0,0,1,0,0,0,0,0,0,0,2011021775,3,3,3,2,2,"B",2,2208,35,20,570,"BL OF THE ALLIES RD"
"628",2011025810,11,2,2301,0,2010,6,2,1600,16,1,1,0,4,1,1,0,3,0,"","",2,2,1,0,0,0,0,0,0,1,1,0,1,0,0,0,1,1,0,0,0,0,0,0,0,0,0,0,0,0,0,8,0,0,0,0,0,0,0,0,"40 26:18.222","80 00:07.153",40.43840027,-80.0019989,NA,0,NA,"",NA,NA,0,"","N",NA,NA,NA,"","","","","","","","",2011025810,0,1,1,0,0,0,0,0,0,0,0,0,0,0,0,0,0,1,0,0,1,0,0,1,0,0,0,0,0,0,0,0,0,0,0,0,1,0,0,0,0,0,0,0,0,0,0,0,0,0,0,0,0,0,0,0,0,0,0,0,0,0,0,0,0,0,0,0,0,0,0,0,0,1,0,0,0,0,0,0,0,0,0,0,0,0,0,0,0,2011025810,3,3,3,2,2,"E",2,2208,25,10,1560,"BL OF THE ALLIES RD"
"629",2011032426,11,2,2301,2301,2011,3,7,1326,13,1,1,0,1,1,1,2,3,0,"N","N",2,2,1,1,0,0,0,0,0,0,1,0,1,0,1,0,0,0,0,0,0,0,0,0,0,0,0,0,0,0,0,3,0,0,0,0,0,0,0,0,"40 27:50.810","79 55:30.245",40.46409988,-79.92510223,NA,0,NA,"N",NA,NA,3,"","N",NA,NA,NA,"","","","","","","","",2011032426,0,1,1,0,0,0,0,0,0,0,1,0,0,0,0,0,0,1,0,0,1,1,0,0,0,0,0,0,0,0,0,0,0,0,0,0,1,0,0,0,0,0,0,0,0,0,0,0,0,0,0,0,0,0,0,0,0,0,0,0,0,0,0,0,0,0,0,0,0,0,0,0,0,1,0,0,0,0,0,0,0,0,1,0,0,0,0,0,0,2011032426,3,3,3,2,2,"W",2,2380,55,21,369,"PENN CR"
"630",2011038090,11,2,2301,2301,2011,4,5,1215,12,1,1,0,5,1,1,2,3,0,"N","N",2,2,1,0,0,0,0,1,0,0,1,0,1,0,0,0,1,0,0,0,0,0,0,0,0,0,0,0,0,0,1,8,0,0,0,0,0,0,0,0,"40 27:14.504","79 54:44.638",40.45399857,-79.91239929,NA,0,NA,"N",NA,NA,3,"","N",NA,NA,NA,"","","","","","","","",2011038090,0,1,1,0,0,0,0,0,0,0,0,0,0,0,0,0,0,1,0,0,1,1,0,0,0,0,0,0,0,0,0,0,0,0,0,0,1,1,0,0,0,0,0,0,0,0,0,0,0,0,0,0,0,0,1,0,0,0,0,0,0,0,0,0,0,0,0,0,0,0,0,0,0,1,1,0,0,0,0,0,0,0,0,0,0,0,0,0,0,2011038090,3,3,3,2,2,"N",2,8,35,80,0,"FIFTH AV"
"631",2011039340,11,2,2301,2301,2011,4,2,1605,16,1,1,0,4,4,0,0,3,7,"N","N",2,2,1,0,0,0,0,0,1,0,1,0,1,0,0,1,0,0,0,0,0,0,0,0,0,0,0,0,0,0,0,4,0,0,0,0,0,0,0,0,"40 23:32.643","80 00:27.403",40.39239883,-80.00759888,NA,0,NA,"N",NA,NA,0,"","N",NA,NA,NA,"","","","","","","","",2011039340,0,0,1,1,0,0,0,0,0,0,0,0,0,1,0,0,0,1,0,1,0,0,0,0,0,0,0,0,0,0,0,0,0,0,0,0,1,0,0,0,0,0,0,0,0,0,0,0,0,0,0,0,0,0,0,0,0,0,0,0,0,0,0,0,0,0,0,0,0,0,0,0,0,1,0,0,0,0,0,0,0,1,0,0,0,0,0,0,0,2011039340,3,3,NA,2,2,"U",4,NA,25,NA,NA,"BROOKLINE BL"
"632",2011039455,11,2,2301,2301,2011,4,2,1648,16,1,1,0,4,1,5,3,3,0,"N","N",2,2,1,0,0,0,1,0,0,0,1,0,1,1,0,0,0,1,0,0,0,0,0,0,0,0,1,0,0,0,0,2,0,0,0,0,0,0,0,0,"40 28:02.199","79 58:58.577",40.46730042,-79.98290253,1,1,7,"N",NA,NA,3,"N","N",NA,NA,NA,"","","","","","","","",2011039455,0,1,1,0,0,0,0,0,0,0,0,0,0,0,0,0,1,1,0,0,1,0,1,1,0,0,0,0,0,0,0,0,0,0,0,0,1,0,0,0,0,0,0,0,0,0,0,0,0,0,0,0,0,0,0,0,0,0,0,0,0,0,0,0,0,0,0,0,0,0,0,0,0,1,0,0,0,0,0,0,0,0,0,1,0,0,0,0,0,2011039455,3,3,3,2,2,"N",2,4007,25,30,0,"WICKLINES LN"
"635",2011041498,11,2,2301,2301,2011,4,2,1045,10,1,1,0,4,1,1,2,3,0,"N","N",2,2,1,1,0,0,0,0,0,0,1,0,1,0,0,0,1,1,0,0,0,0,0,0,0,0,0,0,0,0,0,8,0,0,0,0,0,0,0,0,"40 26:29.770","79 57:24.832",40.4416008,-79.95690155,NA,0,NA,"N",NA,NA,3,"","N",NA,NA,NA,"","","","","","","","",2011041498,0,1,1,0,0,0,0,0,0,0,0,0,0,0,0,0,0,1,0,0,1,1,0,0,0,0,0,0,0,0,0,0,0,0,0,0,1,0,0,0,0,0,0,0,0,0,0,0,0,0,0,0,0,0,0,0,0,0,0,0,0,0,0,0,0,0,0,0,0,0,0,0,0,1,0,0,0,0,0,0,0,0,0,0,0,0,0,0,0,2011041498,3,3,3,2,4,"E",2,2108,25,80,1290,"FORBES AV"
"638",2011045271,11,2,2301,2301,2011,4,7,1423,14,1,1,0,4,1,0,0,3,0,"N","N",2,3,1,1,0,0,0,0,0,0,1,0,1,0,0,1,0,0,0,0,0,0,0,0,0,0,0,0,0,0,0,4,0,0,0,0,0,0,0,0,"40 27:51.722","79 54:23.788",40.46440125,-79.90660095,1,2,1,"N",NA,NA,0,"Y","N",NA,NA,NA,"","","","","","","","",2011045271,0,1,0,0,0,0,0,0,0,0,0,0,0,0,0,0,0,1,0,1,0,0,0,0,0,0,0,0,0,0,0,0,0,0,0,0,1,0,0,0,0,0,0,0,0,0,0,0,0,0,0,0,0,0,1,0,0,0,0,0,0,0,0,0,0,0,0,0,0,0,0,0,0,1,0,0,0,0,0,0,0,1,0,0,0,0,0,0,0,2011045271,3,3,3,2,2,"N",2,8,35,90,2326,"WASHINGTON BL"
"640",2011047197,11,2,2301,2301,2011,5,6,1505,15,1,1,0,4,1,1,0,3,0,"N","N",2,2,1,1,0,0,0,0,0,0,1,0,1,0,0,1,0,0,0,0,0,0,0,0,0,0,0,0,0,0,0,4,0,0,0,0,0,0,0,0,"40 25:44.670","79 58:39.334",40.42910004,-79.9776001,NA,0,NA,"N",NA,NA,0,"","N",NA,NA,NA,"","","","","","","","",2011047197,0,0,1,1,0,0,0,0,0,0,0,0,0,0,0,0,0,1,0,0,1,0,0,1,0,0,0,0,0,0,0,0,0,0,0,0,1,0,0,0,0,0,0,0,0,0,0,0,0,0,0,0,0,0,0,0,0,0,0,0,0,0,0,0,0,0,0,0,0,0,0,0,0,1,0,0,0,0,0,0,0,1,0,0,0,0,0,0,0,2011047197,3,4,NA,2,1,"W",4,NA,25,NA,NA,"WRIGHTS WY"
"641",2011048284,11,2,2301,2301,2011,5,3,855,8,1,1,0,4,1,0,0,3,0,"N","N",2,2,1,1,0,0,0,0,0,0,1,0,1,0,1,0,0,0,0,0,0,0,0,0,0,0,0,0,0,0,0,3,0,0,0,0,0,1,0,0,"40 26:31.929","79 56:13.863",40.44219971,-79.93720245,2,1,4,"N",NA,NA,0,"N","N",NA,NA,NA,"","","","","","","","",2011048284,0,0,1,1,0,0,0,0,0,0,0,0,0,0,0,0,0,1,0,1,0,0,0,0,0,0,0,0,0,0,0,0,0,0,0,0,1,0,0,0,0,0,0,0,0,0,0,0,0,0,0,0,0,0,1,0,0,0,0,0,0,0,0,0,0,0,0,1,0,0,0,0,0,1,0,0,0,0,0,0,0,0,1,0,0,0,0,0,0,2011048284,3,3,NA,2,3,"W",4,NA,25,NA,NA,"FORBES AV"
"642",2011049046,11,2,2301,2301,2011,5,2,1258,12,1,1,0,4,1,1,2,3,0,"N","N",2,2,1,0,0,0,0,0,0,1,1,0,1,0,0,0,1,0,0,0,0,0,0,0,0,0,0,0,0,0,0,8,0,0,0,0,0,1,0,0,"40 25:45.750","79 59:19.057",40.4294014,-79.98860168,1,1,2,"N",NA,NA,3,"N","N",NA,NA,NA,"","","","","","","","",2011049046,0,0,1,1,0,0,0,0,0,0,0,0,0,0,0,0,0,1,0,0,1,1,0,0,0,0,0,0,0,0,0,0,0,0,0,0,1,0,0,0,0,0,0,0,0,0,0,0,0,0,0,0,0,0,0,0,0,0,0,0,0,0,0,0,0,0,0,1,0,0,0,0,0,1,0,0,0,0,0,0,0,0,0,0,0,0,0,0,0,2011049046,3,4,NA,2,2,"W",4,NA,25,NA,NA,"BINGHAM ST"
"644",2011050769,11,2,2301,2301,2011,5,5,1940,19,1,1,0,5,1,2,0,3,0,"N","N",2,2,1,0,0,0,0,0,0,0,1,0,1,0,1,0,0,0,0,0,0,0,0,0,0,0,0,0,0,0,0,3,0,0,0,0,0,0,0,0,"40 27:18.565","79 56:51.824",40.4552002,-79.9477005,NA,0,NA,"N",NA,NA,0,"","N",NA,NA,NA,"","","","","","","","",2011050769,0,0,1,1,0,0,0,0,0,0,0,0,0,0,0,0,0,1,0,0,1,0,0,1,0,0,0,0,0,0,0,0,0,0,0,0,1,0,0,0,0,0,0,0,0,0,0,0,0,0,0,0,0,0,0,0,0,0,0,0,0,0,0,0,0,0,0,0,0,0,1,0,0,1,0,0,0,0,0,0,0,0,1,0,0,0,0,0,0,2011050769,3,4,NA,2,1,"E",4,NA,15,NA,NA,"MARIPOE ST"
"645",2011054938,11,2,2447,2447,2011,5,1,1610,16,1,1,0,2,1,1,3,3,0,"N","N",2,3,1,1,0,0,0,0,0,0,1,0,1,0,1,0,0,0,1,0,0,0,0,0,0,0,0,0,0,0,0,3,0,0,0,0,0,0,0,0,"40 24:50.364","79 59:14.240",40.41400146,-79.98729706,NA,0,NA,"N",NA,NA,3,"","N",NA,NA,NA,"","","","","","","","",2011054938,0,0,1,1,0,0,0,0,0,0,0,1,0,0,0,0,0,1,0,0,1,0,1,1,0,0,0,0,0,0,0,0,0,0,0,0,1,0,0,0,0,0,0,0,0,0,0,0,0,0,0,0,0,0,0,0,0,0,0,0,1,0,0,0,0,0,0,0,0,0,0,0,0,1,0,0,0,0,0,0,0,0,1,0,0,0,0,0,0,2011054938,3,4,NA,2,1,"N",4,NA,NA,NA,NA,"SCHOOL WY"
"646",2011055022,11,2,2301,2301,2011,5,2,729,7,1,1,0,4,1,1,2,3,0,"N","N",3,3,1,1,0,0,0,0,0,0,2,0,2,0,2,0,0,1,0,0,0,0,0,0,0,0,0,0,0,0,0,3,0,0,0,0,0,0,0,0,"40 29:03.206","79 54:28.391",40.48429871,-79.90779877,1,1,3,"N",NA,NA,3,"N","N",NA,NA,NA,"","","","","","","","",2011055022,0,1,0,0,0,0,0,0,0,0,0,0,0,0,0,0,0,1,0,0,1,1,0,0,0,0,0,0,0,0,0,0,0,0,0,0,1,0,0,0,0,0,0,0,0,0,0,0,0,0,0,0,1,1,1,0,0,0,0,0,0,0,0,1,0,0,0,0,0,0,0,0,0,1,0,0,0,0,0,0,0,0,1,0,1,0,0,0,0,2011055022,3,3,3,2,2,"N",2,8,35,130,0,"ALLEGHENY RIVER BL"
"647",2011057607,11,2,2301,2301,2011,6,7,2258,22,3,1,0,1,1,2,0,3,3,"N","N",2,4,1,1,0,0,0,0,0,0,1,0,1,0,1,0,0,1,0,0,0,0,0,0,0,0,0,0,0,0,0,3,0,0,0,0,0,0,0,0,"40 25:55.645","80 00:14.378",40.43220139,-80.00389862,1,2,2,"N",NA,NA,0,"N","N",NA,NA,NA,"","","","","","","","",2011057607,0,1,0,0,0,0,0,0,0,0,1,0,0,0,0,0,0,1,0,0,1,0,0,1,0,0,0,0,0,0,0,0,0,0,0,0,1,0,0,0,0,0,0,0,0,0,0,0,0,0,0,0,0,0,0,0,0,0,0,0,0,0,0,0,0,0,0,0,0,0,0,0,0,1,0,0,0,0,0,0,1,0,1,0,0,0,0,0,0,2011057607,3,3,3,2,2,"E",2,837,25,560,937,"EAST CARSON ST"
"650",2011058798,11,2,2301,2301,2011,6,4,1002,10,1,1,0,2,1,2,3,3,0,"N","N",2,2,1,1,0,0,0,0,0,0,1,0,1,0,0,1,0,0,0,0,0,0,0,0,0,0,0,0,0,0,0,4,0,0,0,0,0,0,0,1,"40 25:45.534","79 55:38.798",40.4292984,-79.92739868,NA,0,NA,"N",NA,NA,3,"","N",NA,NA,NA,"","","","","","","","",2011058798,0,0,1,1,0,0,0,0,0,0,0,1,0,0,0,0,0,1,0,0,1,0,1,1,0,0,0,0,0,0,0,0,0,0,0,0,1,0,0,0,0,0,0,0,0,0,0,0,0,0,0,0,0,0,1,0,0,0,0,1,0,0,0,0,0,0,0,0,0,0,0,0,0,1,0,0,0,0,0,0,0,1,0,0,0,0,1,0,0,2011058798,3,4,NA,2,2,"S",4,NA,25,NA,NA,"WIGHTMAN ST"
"651",2011060526,11,2,2301,2301,2011,6,2,1722,17,1,1,0,4,1,1,2,3,0,"N","N",2,2,1,1,0,0,0,0,0,0,1,0,1,0,0,0,1,0,0,0,0,0,0,0,0,0,0,0,0,0,0,8,0,0,0,0,0,0,0,0,"40 26:22.786","79 53:51.601",40.43970108,-79.89769745,NA,0,NA,"N",NA,NA,3,"","N",NA,NA,NA,"","","","","","","","",2011060526,0,0,1,1,0,0,0,0,0,0,0,0,0,0,0,0,0,1,0,0,1,1,0,0,0,0,0,0,0,0,0,0,0,0,0,0,1,0,0,0,0,0,0,0,0,0,0,0,0,0,0,0,0,0,0,0,0,0,0,0,0,0,0,0,0,0,0,0,0,0,0,0,0,1,0,0,0,0,0,0,0,0,0,0,0,0,0,0,0,2011060526,3,4,NA,2,4,"W",4,NA,35,NA,NA,"FORBES AV"
"652",2011063301,11,2,2301,2301,2011,6,2,1350,13,1,1,0,4,1,1,3,3,0,"N","N",2,3,1,1,0,0,0,0,0,0,1,0,1,0,0,1,0,0,0,0,0,0,0,0,0,0,0,0,0,0,0,4,0,0,0,0,0,0,0,0,"40 25:22.029","79 59:45.078",40.42279816,-79.99590302,NA,0,NA,"N",NA,NA,3,"","N",NA,NA,NA,"","","","","","","","",2011063301,0,0,1,1,0,0,0,0,0,0,0,0,0,0,0,0,0,1,0,0,1,0,1,1,0,0,0,0,0,0,0,0,0,0,0,0,1,0,0,0,0,0,0,0,0,0,0,0,0,0,0,0,0,0,0,0,0,0,0,0,0,0,0,0,0,0,0,0,0,0,0,0,0,1,0,0,0,0,0,0,0,1,0,0,0,0,0,0,0,2011063301,3,4,NA,2,1,"E",4,NA,25,NA,NA,"EXCELSIOR ST"
"654",2011064673,11,2,2301,2301,2011,6,1,1430,14,1,1,0,9,1,0,0,3,0,"N","N",2,3,1,1,0,0,0,0,0,0,1,0,2,0,0,0,2,0,0,0,0,0,0,0,0,0,0,0,0,0,0,8,0,0,0,0,0,0,0,0,"40 27:52.678","79 55:24.157",40.46459961,-79.92340088,NA,0,NA,"N",NA,NA,0,"","N",NA,NA,NA,"","","","","","","","",2011064673,0,0,1,1,0,0,0,0,0,0,0,0,0,0,0,0,0,1,0,1,0,0,0,0,0,0,0,0,0,0,0,0,0,0,0,0,1,0,0,0,0,0,0,0,0,0,0,0,0,0,0,0,0,0,0,0,0,0,0,0,0,0,0,0,0,0,0,0,0,0,0,0,0,1,0,0,0,0,0,0,0,0,0,0,0,0,0,0,0,2011064673,3,3,NA,2,3,"S",4,NA,25,NA,NA,"HIGHLAND AV"
"657",2011067980,11,2,2301,2301,2011,7,4,755,7,1,1,0,1,1,1,2,3,0,"N","N",2,3,1,1,0,0,0,0,0,0,1,0,1,0,0,0,1,0,0,0,0,0,0,0,0,0,0,0,0,0,0,8,0,0,0,0,0,0,0,1,"40 27:29.215","79 56:04.877",40.45809937,-79.93460083,NA,0,NA,"N",NA,NA,3,"","N",NA,NA,NA,"","","","","","","","",2011067980,0,1,1,0,0,0,0,0,0,0,1,0,0,0,0,0,0,1,0,0,1,1,0,0,0,0,0,0,0,0,0,0,0,0,0,0,1,0,0,0,0,0,0,0,0,0,0,0,0,0,0,0,0,0,0,0,0,0,0,1,0,0,0,0,0,0,0,0,0,0,0,0,0,1,0,0,0,0,0,0,0,0,0,0,0,0,0,0,0,2011067980,3,3,3,2,2,"E",2,400,25,70,0,"BAUM BL"
"658",2011067993,11,2,2301,2301,2011,7,4,830,8,1,1,0,4,1,1,2,3,0,"N","N",2,2,1,1,0,0,0,0,0,0,1,0,1,0,0,1,0,0,0,0,0,0,0,0,0,0,0,0,0,0,0,4,0,0,0,0,0,0,0,0,"40 27:05.226","80 00:39.901",40.45140076,-80.01129913,1,1,1,"N",NA,NA,3,"N","N",NA,NA,NA,"","","","","","","","",2011067993,0,1,1,0,0,0,0,0,0,0,0,0,0,0,0,0,0,1,0,0,1,1,0,0,0,0,0,0,0,0,0,0,0,0,0,0,1,0,0,0,0,0,0,0,0,0,0,0,0,0,0,0,0,0,1,0,0,0,0,0,0,0,0,0,0,0,0,0,0,0,0,0,0,1,0,0,0,0,0,0,0,1,0,0,0,0,0,0,0,2011067993,3,3,3,2,2,"N",2,4084,30,30,0,"RIDGE AV"
"659",2011068201,11,2,2301,2301,2011,7,4,1827,18,1,1,0,5,6,0,0,3,0,"N","N",2,2,1,0,0,0,0,0,0,0,1,0,1,0,0,0,1,0,0,0,0,0,0,0,0,0,0,0,0,0,0,8,0,0,0,0,0,0,0,0,"40 27:19.908","80 00:23.335",40.45550156,-80.00650024,NA,0,NA,"N",NA,NA,0,"","N",NA,NA,NA,"","","","","","","","",2011068201,0,0,1,1,0,0,0,0,0,0,0,0,0,0,0,0,0,1,0,1,0,0,0,0,0,0,0,0,0,0,0,0,0,0,0,0,1,0,0,0,0,0,0,0,0,0,0,0,0,0,0,0,0,0,0,0,0,0,0,0,0,0,0,0,0,0,0,0,0,0,1,0,0,1,0,0,0,0,0,0,0,0,0,0,0,0,0,0,0,2011068201,3,3,NA,2,4,"W",4,NA,35,NA,NA,"E NORTH AV"
"660",2011068577,11,2,2301,2301,2011,7,5,1135,11,1,1,0,4,1,1,2,3,0,"N","N",2,2,1,1,0,0,0,0,0,0,1,0,1,0,1,0,0,0,0,0,0,0,0,0,0,0,0,0,0,0,0,3,0,0,0,0,0,0,0,0,"40 27:33.120","79 55:19.398",40.45920181,-79.92209625,NA,0,NA,"N",NA,NA,3,"","N",NA,NA,NA,"","","","","","","","",2011068577,0,0,1,1,0,0,0,0,0,0,0,0,0,0,0,0,0,1,0,0,1,1,0,0,0,0,0,0,0,0,0,0,0,0,0,0,1,0,0,0,0,0,0,0,0,0,0,0,0,0,0,0,0,0,1,0,0,0,0,0,0,0,0,0,0,0,0,0,0,0,0,0,0,1,0,0,0,0,0,0,0,0,1,0,0,0,0,0,0,2011068577,3,4,NA,2,2,"N",4,NA,25,NA,NA,"SHADY AV"