"","CRASH_CRN","DISTRICT","CRASH_COUNTY","MUNICIPALITY","POLICE_AGCY","CRASH_YEAR","CRASH_MONTH","DAY_OF_WEEK","TIME_OF_DAY","HOUR_OF_DAY","ILLUMINATION","WEATHER","ROAD_CONDITION","COLLISION_TYPE","RELATION_TO_ROAD","INTERSECT_TYPE","TCD_TYPE","URBAN_RURAL","LOCATION_TYPE","SCH_BUS_IND","SCH_ZONE_IND","TOTAL_UNITS","PERSON_COUNT","VEHICLE_COUNT","AUTOMOBILE_COUNT","MOTORCYCLE_COUNT","BUS_COUNT","SMALL_TRUCK_COUNT","HEAVY_TRUCK_COUNT","SUV_COUNT","VAN_COUNT","BICYCLE_COUNT","FATAL_COUNT","INJURY_COUNT","MAJ_INJ_COUNT","MOD_INJ_COUNT","MIN_INJ_COUNT","UNK_INJ_DEG_COUNT","UNK_INJ_PER_COUNT","UNBELTED_OCC_COUNT","UNB_DEATH_COUNT","UNB_MAJ_INJ_COUNT","BELTED_DEATH_COUNT","BELTED_MAJ_INJ_COUNT","MCYCLE_DEATH_COUNT","MCYCLE_MAJ_INJ_COUNT","BICYCLE_DEATH_COUNT","BICYCLE_MAJ_INJ_COUNT","PED_COUNT","PED_DEATH_COUNT","PED_MAJ_INJ_COUNT","COMM_VEH_COUNT","MAX_SEVERITY_LEVEL","DRIVER_COUNT_16YR","DRIVER_COUNT_17YR","DRIVER_COUNT_18YR","DRIVER_COUNT_19YR","DRIVER_COUNT_20YR","DRIVER_COUNT_50_64YR","DRIVER_COUNT_65_74YR","DRIVER_COUNT_75PLUS","LATITUDE","LONGITUDE","DEC_LAT","DEC_LONG","EST_HRS_CLOSED","LANE_CLOSED","LN_CLOSE_DIR","NTFY_HIWY_MAINT","RDWY_SURF_TYPE_CD","SPEC_JURIS_CD","TCD_FUNC_CD","TFC_DETOUR_IND","WORK_ZONE_IND","WORK_ZONE_TYPE","WORK_ZONE_LOC","CONS_ZONE_SPD_LIM","WORKERS_PRES","WZ_CLOSE_DETOUR","WZ_FLAGGER","WZ_LAW_OFFCR_IND","WZ_LN_CLOSURE","WZ_MOVING","WZ_OTHER","WZ_SHLDER_MDN","FLAG_CRN","INTERSTATE","STATE_ROAD","LOCAL_ROAD","LOCAL_ROAD_ONLY","TURNPIKE","WET_ROAD","SNOW_SLUSH_ROAD","ICY_ROAD","SUDDEN_DEER","SHLDR_RELATED","REAR_END","HO_OPPDIR_SDSWP","HIT_FIXED_OBJECT","SV_RUN_OFF_RD","WORK_ZONE","PROPERTY_DAMAGE_ONLY","FATAL_OR_MAJ_INJ","INJURY","FATAL","NON_INTERSECTION","INTERSECTION","SIGNALIZED_INT","STOP_CONTROLLED_INT","UNSIGNALIZED_INT","SCHOOL_BUS","SCHOOL_ZONE","HIT_DEER","HIT_TREE_SHRUB","HIT_EMBANKMENT","HIT_POLE","HIT_GDRAIL","HIT_GDRAIL_END","HIT_BARRIER","HIT_BRIDGE","OVERTURNED","MOTORCYCLE","BICYCLE","HVY_TRUCK_RELATED","VEHICLE_FAILURE","TRAIN_TROLLEY","PHANTOM_VEHICLE","ALCOHOL_RELATED","DRINKING_DRIVER","UNDERAGE_DRNK_DRV","UNLICENSED","CELL_PHONE","NO_CLEARANCE","RUNNING_RED_LT","TAILGATING","CROSS_MEDIAN","CURVE_DVR_ERROR","LIMIT_65MPH","SPEEDING","SPEEDING_RELATED","AGGRESSIVE_DRIVING","FATIGUE_ASLEEP","DRIVER_16YR","DRIVER_17YR","DRIVER_65_74YR","DRIVER_75PLUS","UNBELTED","PEDESTRIAN","DISTRACTED","CURVED_ROAD","DRIVER_18YR","DRIVER_19YR","DRIVER_20YR","DRIVER_50_64YR","VEHICLE_TOWED","FIRE_IN_VEHICLE","HIT_PARKED_VEHICLE","MC_DRINKING_DRIVER","DRUGGED_DRIVER","INJURY_OR_FATAL","COMM_VEHICLE","IMPAIRED_DRIVER","DEER_RELATED","DRUG_RELATED","HAZARDOUS_TRUCK","ILLEGAL_DRUG_RELATED","ILLUMINATION_DARK","MINOR_INJURY","MODERATE_INJURY","MAJOR_INJURY","NHTSA_AGG_DRIVING","PSP_REPORTED","RUNNING_STOP_SIGN","TRAIN","TROLLEY","ROADWAY_CRN","RDWY_SEQ_NUM","ADJ_RDWY_SEQ","ACCESS_CTRL","ROADWAY_COUNTY","LANE_COUNT","RDWY_ORIENT","ROAD_OWNER","ROUTE","SPEED_LIMIT","SEGMENT","OFFSET","STREET_NAME"
"663",2011072823,11,2,2301,2301,2011,7,6,1348,13,1,1,0,4,1,1,0,3,0,"N","N",2,4,1,1,0,0,0,0,0,0,1,0,1,0,0,0,1,0,0,0,0,0,0,0,0,0,0,0,0,0,0,8,0,0,0,0,0,0,0,0,"40 27:31.777","79 58:22.209",40.45880127,-79.97280121,NA,0,NA,"N",NA,NA,0,"","N",NA,NA,NA,"","","","","","","","",2011072823,0,0,1,1,0,0,0,0,0,0,0,0,0,0,0,0,0,1,0,0,1,0,0,1,0,0,0,0,0,0,0,0,0,0,0,0,1,0,0,0,0,0,0,0,0,0,0,0,0,0,0,0,0,0,1,0,0,0,0,0,0,0,0,0,0,0,0,0,0,0,0,0,0,1,0,0,0,0,0,0,0,0,0,0,0,0,0,0,0,2011072823,3,4,NA,2,2,"N",4,NA,25,NA,NA,"THIRTIETH ST"
"664",2011074186,11,2,2301,2301,2011,7,1,1337,13,1,1,0,0,1,3,3,3,0,"N","N",2,2,1,0,0,0,0,0,1,0,1,0,1,0,0,1,0,0,0,0,0,0,0,0,0,0,0,0,0,0,0,4,0,0,0,0,0,1,0,0,"40 27:49.896","79 53:56.511",40.46390152,-79.89900208,1,2,6,"N",NA,NA,3,"Y","N",NA,NA,NA,"","","","","","","","",2011074186,0,0,1,1,0,0,0,0,0,0,0,0,0,1,0,0,0,1,0,0,1,0,1,1,0,0,0,0,0,0,0,0,0,0,0,0,1,0,0,0,0,0,0,0,0,0,0,0,0,0,0,0,0,0,0,0,0,0,0,0,0,0,0,0,0,0,0,1,0,0,0,0,0,1,0,0,0,0,0,0,0,1,0,0,0,0,0,0,0,2011074186,3,4,NA,2,2,"N",4,NA,25,NA,NA,"MURTLAND AV"
"665",2011075195,11,2,2301,2301,2011,7,4,1155,11,1,1,0,4,1,1,2,3,0,"N","N",2,2,1,1,0,0,0,0,0,0,1,0,1,0,0,0,1,0,0,0,0,0,0,0,0,0,0,0,0,0,0,8,0,0,0,0,0,1,0,0,"40 26:32.197","79 55:01.837",40.44229889,-79.91719818,NA,0,NA,"N",NA,NA,3,"","N",NA,NA,NA,"","","","","","","","",2011075195,0,0,1,1,0,0,0,0,0,0,0,0,0,0,0,0,0,1,0,0,1,1,0,0,0,0,0,0,0,0,0,0,0,0,0,0,1,0,0,0,0,0,0,0,0,0,0,0,0,0,0,0,0,0,1,0,0,0,0,0,0,0,0,0,0,0,0,1,0,0,0,0,0,1,0,0,0,0,0,0,0,0,0,0,0,0,0,0,0,2011075195,3,4,NA,2,2,"N",4,NA,25,NA,NA,"NORTHUMBERLAND ST"
"667",2011077593,11,2,2301,2301,2011,8,3,647,6,1,1,0,4,1,2,3,3,0,"N","N",2,2,1,1,0,0,0,0,0,0,1,0,1,0,0,1,0,0,0,0,0,0,0,0,0,0,0,0,0,0,0,4,0,0,0,0,0,0,0,0,"40 27:27.376","79 59:52.825",40.45759964,-79.9980011,NA,0,NA,"N",NA,NA,3,"","N",NA,NA,NA,"","","","","","","","",2011077593,0,0,1,1,0,0,0,0,0,0,0,0,0,0,0,0,0,1,0,0,1,0,1,1,0,0,0,0,0,0,0,0,0,0,0,0,1,0,0,0,0,0,0,0,0,0,0,0,0,0,0,0,0,0,0,0,0,0,0,0,0,0,0,0,0,0,0,0,0,0,0,0,0,1,0,0,0,0,0,0,0,1,0,0,0,0,0,0,0,2011077593,3,4,NA,2,1,"E",4,NA,25,NA,NA,"CONCORD ST"
"668",2011078347,11,2,2301,2301,2011,8,5,1846,18,1,1,0,8,1,1,0,3,0,"N","N",2,2,1,1,0,0,0,0,0,0,1,0,1,0,1,0,0,0,0,0,0,0,0,0,0,0,0,0,0,0,0,3,0,0,0,0,0,0,0,0,"40 27:26.128","79 58:24.880",40.45729828,-79.97360229,NA,0,NA,"N",NA,NA,0,"","N",NA,NA,NA,"","","","","","","","",2011078347,0,0,1,1,0,0,0,0,0,0,0,0,0,0,0,0,0,1,0,0,1,0,0,1,0,0,0,0,0,0,0,0,0,0,0,0,1,0,0,0,0,0,0,0,0,0,0,0,0,0,0,0,0,0,1,0,0,0,0,0,0,0,0,0,0,0,0,0,0,0,0,0,0,1,0,0,0,0,0,0,0,0,1,0,0,0,0,0,0,2011078347,3,4,NA,2,4,"E",4,NA,30,NA,NA,"LIBERTY AV"
"669",2011079569,11,2,2301,2301,2011,8,3,600,6,1,1,0,4,1,1,2,3,0,"N","N",2,2,1,1,0,0,0,0,0,0,1,0,1,0,1,0,0,0,0,0,0,0,0,0,0,0,0,0,0,0,0,3,0,0,0,0,0,0,0,0,"40 26:50.179","80 00:37.011",40.44729996,-80.01029968,NA,0,NA,"N",NA,NA,3,"","N",NA,NA,NA,"","","","","","","","",2011079569,0,0,1,1,0,0,0,0,0,0,0,0,0,0,0,0,0,1,0,0,1,1,0,0,0,0,0,0,0,0,0,0,0,0,0,0,1,0,0,0,0,0,0,0,0,0,0,0,0,0,0,0,0,0,0,0,0,0,0,0,0,0,0,0,0,0,0,0,0,0,0,0,0,1,0,0,0,0,0,0,0,0,1,0,0,0,0,0,0,2011079569,3,4,NA,2,2,"E",4,NA,25,NA,NA,"TONY DORSETT DR"
"670",2011079874,11,2,2301,2301,2011,8,3,1623,16,1,1,0,4,1,1,2,3,0,"N","N",2,2,1,0,0,0,0,0,0,1,1,0,1,0,1,0,0,0,0,0,0,0,0,0,0,0,0,0,0,0,0,3,0,0,0,0,0,0,1,0,"40 27:58.242","79 57:52.999",40.46820068,-79.96299744,NA,0,NA,"N",NA,NA,3,"","N",NA,NA,NA,"","","","","","","","",2011079874,0,1,1,0,0,0,0,0,0,0,0,0,0,0,0,0,0,1,0,0,1,1,0,0,0,0,0,0,0,0,0,0,0,0,0,0,1,0,0,0,0,0,0,0,0,0,0,0,0,0,0,0,0,0,0,0,0,0,1,0,0,0,0,0,0,0,0,0,0,0,0,0,0,1,0,0,0,0,0,0,0,0,1,0,0,0,0,0,0,2011079874,3,3,3,2,2,"E",2,2122,25,30,1460,"BUTLER ST"
"672",2011080778,11,2,2301,2301,2011,8,6,1240,12,1,1,0,4,1,1,2,3,0,"N","N",2,2,1,1,0,0,0,0,0,0,1,0,1,0,0,1,0,0,0,0,0,0,0,0,0,0,0,0,0,0,0,4,0,0,0,0,0,0,0,0,"40 27:43.506","79 56:59.514",40.46210098,-79.94989777,NA,0,NA,"N",NA,NA,3,"","N",NA,NA,NA,"","","","","","","","",2011080778,0,0,1,1,0,0,0,0,0,0,0,0,0,0,0,0,0,1,0,0,1,1,0,0,0,0,0,0,0,0,0,0,0,0,0,0,1,0,0,0,0,0,0,0,0,0,0,0,0,0,0,0,0,0,1,0,0,0,0,0,0,0,0,0,0,0,0,0,0,0,0,0,0,1,0,0,0,0,0,0,0,1,0,0,0,0,0,0,0,2011080778,3,4,NA,2,2,"E",4,NA,25,NA,NA,"LIBERTY AV"
"673",2011081608,11,2,2301,2301,2011,8,1,1850,18,1,1,0,4,1,2,0,3,0,"N","N",2,2,1,1,0,0,0,0,0,0,1,0,1,0,0,1,0,0,0,0,0,0,0,0,0,0,0,0,0,0,0,4,0,0,0,0,0,0,0,1,"40 27:47.430","79 54:16.207",40.46319962,-79.90450287,NA,0,NA,"N",NA,NA,0,"","N",NA,NA,NA,"","","","","","","","",2011081608,0,0,1,1,0,0,0,0,0,0,0,0,0,0,0,0,0,1,0,0,1,0,0,1,0,0,0,0,0,0,0,0,0,0,0,0,1,0,0,0,0,0,0,0,0,0,0,0,0,0,0,0,0,0,0,0,0,0,0,1,0,0,0,0,0,0,0,0,0,0,0,0,0,1,0,0,0,0,0,0,0,1,0,0,0,0,0,0,0,2011081608,3,4,NA,2,1,"U",4,NA,25,NA,NA,"ATWELL ST"
"674",2011082367,11,2,2301,2301,2011,8,4,1241,12,1,1,0,8,1,1,3,3,0,"N","N",2,2,1,1,0,0,0,0,0,0,1,0,1,0,0,1,0,0,0,0,0,0,0,0,0,0,0,0,0,0,0,4,0,0,0,0,0,0,0,0,"40 28:38.024","79 55:49.573",40.47719955,-79.93039703,NA,0,NA,"N",NA,NA,3,"","N",NA,NA,NA,"","","","","","","","",2011082367,0,0,1,1,0,0,0,0,0,0,0,0,0,0,0,0,0,1,0,0,1,0,1,1,0,0,0,0,0,0,0,0,0,0,0,0,1,0,0,0,0,0,0,0,0,0,0,0,0,0,0,0,0,0,0,0,0,0,0,0,0,0,0,0,0,0,0,0,0,0,0,0,0,1,0,0,0,0,0,0,0,1,0,0,0,0,0,0,0,2011082367,3,4,NA,2,2,"E",4,NA,25,NA,NA,"HAMPTON ST"
"676",2011086256,11,2,2301,2301,2011,8,6,1604,16,1,1,0,4,1,0,0,3,0,"N","N",2,2,1,0,0,0,0,0,1,0,1,0,1,0,1,0,0,0,0,0,0,0,0,0,0,0,0,0,0,0,0,3,0,0,0,0,0,0,0,0,"40 27:31.320","79 54:28.890",40.45869827,-79.90799713,NA,0,NA,"N",NA,NA,0,"","N",NA,NA,NA,"","","","","","","","",2011086256,0,0,1,1,0,0,0,0,0,0,0,0,0,0,0,0,0,1,0,1,0,0,0,0,0,0,0,0,0,0,0,0,0,0,0,0,1,0,0,0,0,0,0,0,0,0,0,0,0,0,0,0,0,0,0,0,0,0,0,0,0,0,0,0,0,0,0,0,1,0,0,0,0,1,0,0,0,0,0,0,0,0,1,0,0,0,0,0,0,2011086256,3,3,NA,2,2,"W",4,NA,25,NA,NA,"FRANKSTOWN AV"
"677",2011086630,11,2,2301,2301,2011,8,1,1040,10,1,1,0,4,1,1,0,3,0,"N","N",2,2,1,0,0,0,0,0,1,0,1,0,1,0,0,1,0,0,0,0,0,0,0,0,0,0,0,0,0,0,0,4,0,0,0,0,0,1,0,0,"40 27:29.685","80 00:49.878",40.45819855,-80.01390076,NA,0,NA,"N",NA,NA,0,"","N",NA,NA,NA,"","","","","","","","",2011086630,0,0,1,1,0,0,0,0,0,0,0,0,0,0,0,0,0,1,0,0,1,0,0,1,0,0,0,0,0,0,0,0,0,0,0,0,1,0,0,0,0,0,0,0,0,0,0,0,0,0,0,0,0,0,0,0,0,0,0,0,0,0,0,0,0,0,0,1,0,0,0,0,0,1,0,0,0,0,0,0,0,1,0,0,0,0,0,0,0,2011086630,3,4,NA,2,1,"E",4,NA,25,NA,NA,"ARMANDALE ST"
"679",2011087220,11,2,2301,2301,2011,8,7,2329,23,3,1,0,6,1,1,2,3,6,"N","N",2,2,1,0,0,0,0,0,0,1,1,0,1,0,0,1,0,0,0,0,0,0,0,0,0,0,0,0,0,0,0,4,0,0,0,0,0,0,0,0,"40 25:26.083","79 58:39.720",40.4239006,-79.97769928,NA,0,NA,"N",NA,NA,3,"","N",NA,NA,NA,"","","","","","","","",2011087220,0,0,1,1,0,0,0,0,0,0,0,1,0,0,0,0,0,1,0,0,1,1,0,0,0,0,0,0,0,0,0,0,0,0,0,0,1,0,0,0,0,0,0,0,0,0,0,0,0,0,0,0,0,0,0,0,0,0,0,0,0,0,0,0,0,0,0,0,0,0,0,0,0,1,0,0,0,0,0,0,1,1,0,0,0,0,0,0,0,2011087220,3,4,NA,2,2,"E",4,NA,25,NA,NA,"PIUS ST"
"682",2011090450,11,2,2301,2301,2011,9,4,1705,17,1,1,0,1,1,2,3,3,0,"N","N",2,2,1,0,0,0,0,0,1,0,1,0,1,0,1,0,0,0,0,0,0,0,0,0,0,0,0,0,0,0,0,3,0,0,0,0,0,0,0,0,"40 26:26.923","79 57:15.724",40.44079971,-79.95439911,1,1,2,"N",NA,NA,3,"N","N",NA,NA,NA,"","","","","","","","",2011090450,0,0,1,1,0,0,0,0,0,0,1,0,0,0,0,0,0,1,0,0,1,0,1,1,0,0,0,0,0,0,0,0,0,0,0,0,1,0,0,0,0,0,0,0,0,0,0,0,0,0,0,0,0,0,0,0,0,0,0,0,0,0,1,0,0,0,0,0,0,0,0,0,0,1,0,0,0,0,0,0,0,0,1,0,0,0,0,0,0,2011090450,3,4,NA,2,2,"E",4,NA,15,NA,NA,"ROBERTO CLEMENTE DR"
"683",2011093562,11,2,2301,2301,2011,9,2,1815,18,1,1,0,8,1,0,0,3,0,"N","N",2,2,1,1,0,0,0,0,0,0,1,0,1,0,0,1,0,0,0,0,0,0,0,0,0,0,0,0,0,0,0,4,0,0,0,1,0,0,0,0,"40 27:00.464","79 56:58.556",40.45009995,-79.94960022,NA,0,NA,"N",NA,NA,0,"","N",NA,NA,NA,"","","","","","","","",2011093562,0,0,1,1,0,0,0,0,0,0,0,0,0,0,0,0,0,1,0,1,0,0,0,0,0,0,0,0,0,0,0,0,0,0,0,0,1,0,0,0,0,0,0,0,0,0,0,0,0,0,0,0,0,0,1,0,0,0,0,0,0,0,0,0,0,1,0,0,0,0,0,0,0,1,0,0,0,0,0,0,0,1,0,0,0,0,0,0,0,2011093562,3,3,NA,2,4,"N",4,NA,25,NA,NA,"BAYARD ST"
"684",2011098351,11,2,2301,2301,2011,9,5,251,2,3,2,1,1,1,2,0,3,0,"N","N",2,2,1,1,0,0,0,0,0,0,1,0,1,0,0,0,1,1,0,0,0,0,0,0,0,0,0,0,0,0,0,8,0,0,0,0,0,0,0,0,"40 27:24.184","79 54:24.033",40.45669937,-79.90670013,NA,0,NA,"N",NA,NA,0,"","N",NA,NA,NA,"","","","","","","","",2011098351,0,0,1,1,0,1,0,0,0,0,1,0,0,0,0,0,0,1,0,0,1,0,0,1,0,0,0,0,0,0,0,0,0,0,0,0,1,0,0,0,0,0,0,0,0,0,0,0,0,0,0,0,0,0,0,0,0,0,0,0,0,0,0,0,0,0,0,0,0,0,0,0,0,1,0,0,0,0,0,0,1,0,0,0,0,0,0,0,0,2011098351,3,4,NA,2,2,"E",4,NA,25,NA,NA,"LA SCHALL ST"
"685",2011098676,11,2,2301,2301,2011,9,5,1840,18,1,1,0,8,1,1,2,3,0,"N","N",2,3,1,1,0,0,0,0,0,0,1,0,1,0,1,0,0,0,0,0,0,0,0,0,0,0,0,0,0,0,0,3,0,0,0,0,0,0,0,0,"40 26:11.457","79 59:49.959",40.43650055,-79.99720001,NA,0,NA,"N",NA,NA,3,"","N",NA,NA,NA,"","","","","","","","",2011098676,0,0,1,1,0,0,0,0,0,0,0,0,0,0,0,0,0,1,0,0,1,1,0,0,0,0,0,0,0,0,0,0,0,0,0,0,1,0,0,0,0,0,0,0,0,0,0,0,0,0,0,0,0,0,0,0,0,0,0,0,0,0,0,0,0,0,0,0,0,0,0,0,0,1,0,0,0,0,0,0,0,0,1,0,0,0,0,0,0,2011098676,3,4,NA,2,2,"E",4,NA,25,NA,NA,"ROSS ST"
"687",2011101304,11,2,2301,2301,2011,10,5,1642,16,1,1,0,2,1,1,2,3,0,"N","N",2,2,1,1,0,0,0,0,0,0,1,0,1,0,1,0,0,0,0,0,0,0,0,0,0,0,0,0,0,0,0,3,0,0,0,0,0,0,0,0,"40 27:23.763","80 01:00.300",40.45660019,-80.01679993,1,1,2,"N",NA,NA,3,"N","N",NA,NA,NA,"","","","","","","","",2011101304,0,0,1,1,0,0,0,0,0,0,0,1,0,0,0,0,0,1,0,0,1,1,0,0,0,0,0,0,0,0,0,0,0,0,0,0,1,0,0,0,0,0,0,0,0,0,0,0,0,0,0,0,0,0,0,0,0,0,0,0,0,0,0,0,0,0,0,0,0,0,0,0,0,1,0,0,0,0,0,0,0,0,1,0,0,0,0,0,0,2011101304,3,4,NA,2,1,"E",4,NA,25,NA,NA,"JACKSONIA ST"
"688",2011101944,11,2,2301,2301,2011,10,7,1500,15,1,1,0,6,1,1,2,3,0,"N","N",2,3,1,1,0,0,0,0,0,0,1,0,1,0,0,1,0,0,0,0,0,0,0,0,0,0,0,0,0,0,0,4,0,0,0,0,0,0,0,0,"40 27:07.488","79 55:51.535",40.45209885,-79.93099976,NA,0,NA,"N",NA,NA,3,"","N",NA,NA,NA,"","","","","","","","",2011101944,0,0,1,1,0,0,0,0,0,0,0,1,0,0,0,0,0,1,0,0,1,1,0,0,0,0,0,0,0,0,0,0,0,0,0,0,1,0,0,0,0,0,0,0,0,0,0,0,0,0,0,0,0,0,1,0,0,0,0,0,0,0,0,0,0,0,0,0,0,0,0,0,0,1,0,0,0,0,0,0,0,1,0,0,0,0,0,0,0,2011101944,3,4,NA,2,2,"S",4,NA,25,NA,NA,"NEGLEY AV"
"689",2011101975,11,2,2301,2301,2011,10,7,1723,17,1,1,0,4,1,0,0,3,0,"","N",2,4,1,1,0,0,0,0,0,0,1,0,1,0,1,0,0,0,0,0,0,0,0,0,0,0,0,0,0,0,0,3,0,0,0,0,0,0,0,0,"40 23:46.251","80 01:25.143",40.39619827,-80.0236969,1,1,2,"N",NA,NA,0,"Y","N",NA,NA,NA,"","","","","","","","",2011101975,0,0,1,1,0,0,0,0,0,0,0,0,0,0,0,0,0,1,0,1,0,0,0,0,0,0,0,0,0,0,0,0,0,0,0,0,1,0,0,0,0,0,0,0,0,0,0,0,0,0,0,0,0,0,0,0,0,0,0,0,0,0,0,0,0,0,0,0,0,0,0,0,0,1,0,0,0,0,0,0,0,0,1,0,0,0,0,0,0,2011101975,3,3,NA,2,4,"N",4,NA,25,NA,NA,"BROOKLINE BL"
"690",2011103515,11,2,2301,2301,2011,10,4,1945,19,3,2,1,4,1,0,0,3,0,"N","N",2,3,1,1,0,0,0,0,0,0,1,0,1,0,1,0,0,0,0,0,0,0,0,0,0,0,0,0,0,0,0,3,0,0,0,0,0,0,0,0,"40 27:26.812","79 55:43.906",40.45740128,-79.92890167,NA,0,NA,"N",NA,NA,0,"","N",NA,NA,NA,"","","","","","","","",2011103515,0,0,1,1,0,1,0,0,0,0,0,0,0,0,0,0,0,1,0,1,0,0,0,0,0,0,0,0,0,0,0,0,0,0,0,0,1,0,0,0,0,0,0,0,0,0,0,0,0,0,0,0,0,0,0,0,0,0,0,0,0,0,0,0,0,0,0,0,0,0,0,0,0,1,0,0,0,0,0,0,1,0,1,0,0,0,0,0,0,2011103515,3,3,NA,2,2,"E",4,NA,25,NA,NA,"ELLSWORTH AV"
"691",2011104383,11,2,2301,2301,2011,10,6,1855,18,3,1,0,4,1,2,3,3,0,"N","N",2,2,1,1,0,0,0,0,0,0,1,0,1,0,0,1,0,0,0,0,0,0,0,0,0,0,0,0,0,0,0,4,0,0,0,0,0,1,0,0,"40 26:52.656","79 56:51.702",40.44800186,-79.9477005,NA,0,NA,"N",NA,NA,3,"","N",NA,NA,NA,"","","","","","","","",2011104383,0,0,1,1,0,0,0,0,0,0,0,0,0,0,0,0,0,1,0,0,1,0,1,1,0,0,0,0,0,0,0,0,0,0,0,0,1,0,0,0,0,0,0,0,0,0,0,0,0,0,0,0,0,0,0,0,0,0,0,0,0,0,0,0,0,0,0,1,0,0,0,0,0,1,0,0,0,0,0,0,1,1,0,0,0,0,0,0,0,2011104383,3,4,NA,2,2,"W",4,NA,25,NA,NA,"ELLSWORTH AV"
"692",2011105441,11,2,2301,2301,2011,10,3,945,9,1,1,0,4,1,0,0,3,7,"N","N",2,2,1,0,0,0,1,0,0,0,1,0,1,0,1,0,0,0,0,0,0,0,0,0,0,0,0,0,0,0,0,3,0,0,0,0,0,0,0,0,"40 27:40.755","79 58:03.525",40.4612999,-79.96759796,NA,0,NA,"N",NA,NA,0,"","N",NA,NA,NA,"","","","","","","","",2011105441,0,0,1,1,0,0,0,0,0,0,0,0,0,0,0,0,0,1,0,1,0,0,0,0,0,0,0,0,0,0,0,0,0,0,0,0,1,0,0,0,0,0,0,0,0,0,0,0,0,0,0,0,0,0,0,0,0,0,0,0,0,0,0,0,0,0,0,0,0,0,0,0,0,1,0,0,0,0,0,0,0,0,1,0,0,0,0,0,0,2011105441,3,3,NA,2,4,"W",4,NA,25,NA,NA,"LIBERTY AV"
"694",2011108856,11,2,2301,2301,2011,10,4,1625,16,1,1,0,4,2,2,3,3,0,"N","N",2,3,1,1,0,0,0,0,0,0,1,0,1,0,1,0,0,0,0,0,0,0,0,0,0,0,0,0,0,0,0,3,0,0,0,0,0,1,0,0,"40 26:50.233","79 56:39.080",40.44729996,-79.94419861,NA,0,NA,"N",NA,NA,3,"","N",NA,NA,NA,"","","","","","","","",2011108856,0,0,1,1,0,0,0,0,0,0,0,0,0,1,0,0,0,1,0,0,1,0,1,1,0,0,0,0,0,0,0,0,0,0,0,0,1,0,0,0,0,0,0,0,0,0,1,0,0,0,0,0,0,0,1,0,0,0,0,0,0,0,0,0,0,0,0,1,0,0,0,0,0,1,0,0,0,0,0,0,0,0,1,0,0,0,0,0,0,2011108856,3,4,NA,2,2,"U",4,NA,15,NA,NA,"DEVONSHIRE RD"
"696",2011109983,11,2,2301,2301,2011,10,6,2140,21,3,1,0,4,4,2,0,3,0,"N","N",2,2,1,0,0,0,0,0,1,0,1,0,1,0,0,0,1,0,0,0,0,0,0,0,0,0,0,0,0,0,0,8,0,0,0,0,0,0,0,0,"40 27:40.860","79 56:54.495",40.46139908,-79.94850159,NA,0,NA,"N",NA,NA,0,"","N",NA,NA,NA,"","","","","","","","",2011109983,0,0,1,1,0,0,0,0,0,0,0,0,0,1,0,0,0,1,0,0,1,0,0,1,0,0,0,0,0,0,0,0,0,0,0,0,1,0,0,0,0,0,0,0,0,0,0,0,0,0,0,0,0,0,0,0,0,0,0,0,0,0,0,0,0,0,0,0,0,0,0,0,0,1,0,0,0,0,0,0,1,0,0,0,0,0,0,0,0,2011109983,3,4,NA,2,2,"W",4,NA,25,NA,NA,"LIBERTY AV"
"697",2011111621,11,2,2301,2301,2011,11,3,1545,15,1,1,0,4,1,0,0,3,7,"N","N",2,2,1,1,0,0,0,0,0,0,1,0,1,0,0,1,0,0,0,0,0,0,0,0,0,0,0,0,0,0,0,4,0,0,0,0,0,0,0,0,"40 27:25.038","79 56:06.068",40.45700073,-79.93499756,NA,0,NA,"N",NA,NA,0,"","N",NA,NA,NA,"","","","","","","","",2011111621,0,0,1,1,0,0,0,0,0,0,0,0,0,0,0,0,0,1,0,1,0,0,0,0,0,0,0,0,0,0,0,0,0,0,0,0,1,0,0,0,0,0,0,0,0,0,0,0,0,0,0,0,0,0,0,0,0,0,0,0,0,0,0,0,0,0,0,0,0,0,0,0,0,1,0,0,0,0,0,0,0,1,0,0,0,0,0,0,0,2011111621,3,3,NA,2,2,"E",4,NA,25,NA,NA,"CENTRE AV"
"698",2011116621,11,2,2301,2301,2011,11,7,545,5,3,1,0,5,1,1,2,3,0,"N","N",2,2,1,1,0,0,0,0,0,0,1,0,1,0,0,0,1,0,0,0,0,0,0,0,0,0,0,0,0,0,0,8,0,0,0,0,0,0,0,0,"40 27:06.984","79 55:26.274",40.45190048,-79.9240036,1,1,4,"N",NA,NA,3,"N","N",NA,NA,NA,"","","","","","","","",2011116621,0,0,1,1,0,0,0,0,0,0,0,0,0,0,0,0,0,1,0,0,1,1,0,0,0,0,0,0,0,0,0,0,0,0,0,0,1,0,0,0,0,0,0,0,0,0,0,0,0,0,0,0,0,0,0,0,0,0,0,0,0,0,0,0,0,0,0,0,0,0,0,0,0,1,0,0,0,0,0,0,1,0,0,0,0,0,0,0,0,2011116621,3,4,NA,2,2,"S",4,NA,25,NA,NA,"S HIGHLAND AV"