"","CRASH_CRN","DISTRICT","CRASH_COUNTY","MUNICIPALITY","POLICE_AGCY","CRASH_YEAR","CRASH_MONTH","DAY_OF_WEEK","TIME_OF_DAY","HOUR_OF_DAY","ILLUMINATION","WEATHER","ROAD_CONDITION","COLLISION_TYPE","RELATION_TO_ROAD","INTERSECT_TYPE","TCD_TYPE","URBAN_RURAL","LOCATION_TYPE","SCH_BUS_IND","SCH_ZONE_IND","TOTAL_UNITS","PERSON_COUNT","VEHICLE_COUNT","AUTOMOBILE_COUNT","MOTORCYCLE_COUNT","BUS_COUNT","SMALL_TRUCK_COUNT","HEAVY_TRUCK_COUNT","SUV_COUNT","VAN_COUNT","BICYCLE_COUNT","FATAL_COUNT","INJURY_COUNT","MAJ_INJ_COUNT","MOD_INJ_COUNT","MIN_INJ_COUNT","UNK_INJ_DEG_COUNT","UNK_INJ_PER_COUNT","UNBELTED_OCC_COUNT","UNB_DEATH_COUNT","UNB_MAJ_INJ_COUNT","BELTED_DEATH_COUNT","BELTED_MAJ_INJ_COUNT","MCYCLE_DEATH_COUNT","MCYCLE_MAJ_INJ_COUNT","BICYCLE_DEATH_COUNT","BICYCLE_MAJ_INJ_COUNT","PED_COUNT","PED_DEATH_COUNT","PED_MAJ_INJ_COUNT","COMM_VEH_COUNT","MAX_SEVERITY_LEVEL","DRIVER_COUNT_16YR","DRIVER_COUNT_17YR","DRIVER_COUNT_18YR","DRIVER_COUNT_19YR","DRIVER_COUNT_20YR","DRIVER_COUNT_50_64YR","DRIVER_COUNT_65_74YR","DRIVER_COUNT_75PLUS","LATITUDE","LONGITUDE","DEC_LAT","DEC_LONG","EST_HRS_CLOSED","LANE_CLOSED","LN_CLOSE_DIR","NTFY_HIWY_MAINT","RDWY_SURF_TYPE_CD","SPEC_JURIS_CD","TCD_FUNC_CD","TFC_DETOUR_IND","WORK_ZONE_IND","WORK_ZONE_TYPE","WORK_ZONE_LOC","CONS_ZONE_SPD_LIM","WORKERS_PRES","WZ_CLOSE_DETOUR","WZ_FLAGGER","WZ_LAW_OFFCR_IND","WZ_LN_CLOSURE","WZ_MOVING","WZ_OTHER","WZ_SHLDER_MDN","FLAG_CRN","INTERSTATE","STATE_ROAD","LOCAL_ROAD","LOCAL_ROAD_ONLY","TURNPIKE","WET_ROAD","SNOW_SLUSH_ROAD","ICY_ROAD","SUDDEN_DEER","SHLDR_RELATED","REAR_END","HO_OPPDIR_SDSWP","HIT_FIXED_OBJECT","SV_RUN_OFF_RD","WORK_ZONE","PROPERTY_DAMAGE_ONLY","FATAL_OR_MAJ_INJ","INJURY","FATAL","NON_INTERSECTION","INTERSECTION","SIGNALIZED_INT","STOP_CONTROLLED_INT","UNSIGNALIZED_INT","SCHOOL_BUS","SCHOOL_ZONE","HIT_DEER","HIT_TREE_SHRUB","HIT_EMBANKMENT","HIT_POLE","HIT_GDRAIL","HIT_GDRAIL_END","HIT_BARRIER","HIT_BRIDGE","OVERTURNED","MOTORCYCLE","BICYCLE","HVY_TRUCK_RELATED","VEHICLE_FAILURE","TRAIN_TROLLEY","PHANTOM_VEHICLE","ALCOHOL_RELATED","DRINKING_DRIVER","UNDERAGE_DRNK_DRV","UNLICENSED","CELL_PHONE","NO_CLEARANCE","RUNNING_RED_LT","TAILGATING","CROSS_MEDIAN","CURVE_DVR_ERROR","LIMIT_65MPH","SPEEDING","SPEEDING_RELATED","AGGRESSIVE_DRIVING","FATIGUE_ASLEEP","DRIVER_16YR","DRIVER_17YR","DRIVER_65_74YR","DRIVER_75PLUS","UNBELTED","PEDESTRIAN","DISTRACTED","CURVED_ROAD","DRIVER_18YR","DRIVER_19YR","DRIVER_20YR","DRIVER_50_64YR","VEHICLE_TOWED","FIRE_IN_VEHICLE","HIT_PARKED_VEHICLE","MC_DRINKING_DRIVER","DRUGGED_DRIVER","INJURY_OR_FATAL","COMM_VEHICLE","IMPAIRED_DRIVER","DEER_RELATED","DRUG_RELATED","HAZARDOUS_TRUCK","ILLEGAL_DRUG_RELATED","ILLUMINATION_DARK","MINOR_INJURY","MODERATE_INJURY","MAJOR_INJURY","NHTSA_AGG_DRIVING","PSP_REPORTED","RUNNING_STOP_SIGN","TRAIN","TROLLEY","ROADWAY_CRN","RDWY_SEQ_NUM","ADJ_RDWY_SEQ","ACCESS_CTRL","ROADWAY_COUNTY","LANE_COUNT","RDWY_ORIENT","ROAD_OWNER","ROUTE","SPEED_LIMIT","SEGMENT","OFFSET","STREET_NAME"
"699",2011116899,11,2,2301,2301,2011,11,1,1100,11,1,1,0,4,1,1,3,3,0,"N","N",2,2,1,0,0,0,0,0,0,1,1,0,1,0,0,1,0,0,0,0,0,0,0,0,0,0,0,0,0,0,0,4,0,0,0,0,0,1,0,0,"40 27:19.638","79 53:32.046",40.4552002,-79.89099884,NA,0,NA,"N",NA,NA,3,"","N",NA,NA,NA,"","","","","","","","",2011116899,0,1,1,0,0,0,0,0,0,0,0,0,0,0,0,0,0,1,0,0,1,0,1,1,0,0,0,0,0,0,0,0,0,0,0,0,1,0,0,0,0,0,0,0,0,0,0,0,0,0,0,0,0,0,0,0,0,0,0,0,0,0,0,0,0,0,0,1,0,0,0,0,0,1,0,0,0,0,0,0,0,1,0,0,0,0,0,0,0,2011116899,3,3,3,2,2,"W",2,400,25,130,3420,"BENNETT ST"
"700",2011118967,11,2,2301,2301,2011,11,6,1053,10,1,1,0,5,1,1,2,3,3,"N","N",2,3,1,0,0,0,0,0,0,1,1,0,1,0,0,0,1,0,0,0,0,0,0,0,0,0,0,0,0,0,0,8,0,0,0,0,0,1,0,0,"40 27:41.680","79 58:01.653",40.46160126,-79.96710205,1,1,3,"N",NA,NA,3,"N","N",NA,NA,NA,"","","","","","","","",2011118967,0,0,1,1,0,0,0,0,0,0,0,0,0,0,0,0,0,1,0,0,1,1,0,0,0,0,0,0,0,0,0,0,0,0,0,0,1,0,0,0,0,0,0,0,0,0,0,0,0,0,0,0,0,0,0,0,0,0,0,0,0,0,0,0,0,0,0,1,0,0,0,0,0,1,0,0,0,0,0,0,0,0,0,0,0,0,0,0,0,2011118967,3,4,NA,2,2,"N",4,NA,35,NA,NA,"HERRON AV"
"702",2011121493,11,2,2301,2301,2011,11,4,1543,15,1,1,0,4,1,2,0,3,0,"N","N",2,2,1,0,0,0,1,0,0,0,1,0,1,0,0,0,1,0,0,0,0,0,0,0,0,0,0,0,0,0,0,8,0,0,0,0,0,0,0,0,"40 27:27.727","79 59:51.118",40.45769882,-79.99749756,NA,0,NA,"N",NA,NA,0,"","N",NA,NA,NA,"","","","","","","","",2011121493,0,0,1,1,0,0,0,0,0,0,0,0,0,0,0,0,0,1,0,0,1,0,0,1,0,0,0,0,0,0,0,0,0,0,0,0,1,0,0,0,0,0,0,0,0,0,0,0,0,0,0,0,0,0,0,0,0,0,0,0,0,0,0,0,0,0,0,0,0,0,0,0,0,1,0,0,0,0,0,0,0,0,0,0,0,0,0,0,0,2011121493,3,4,NA,2,2,"N",4,NA,25,NA,NA,"TURTLE WY"
"703",2011128506,11,2,2301,2301,2011,12,2,1735,17,3,1,0,4,1,1,3,3,0,"N","N",2,2,1,1,0,0,0,0,0,0,1,0,1,0,1,0,0,0,0,0,0,0,0,0,0,0,0,0,0,0,0,3,0,0,0,0,0,1,0,0,"40 25:11.989","79 59:56.011",40.41999817,-79.99890137,NA,0,NA,"N",NA,NA,3,"","N",NA,NA,NA,"","","","","","","","",2011128506,0,0,1,1,0,0,0,0,0,0,0,0,0,0,0,0,0,1,0,0,1,0,1,1,0,0,0,0,0,0,0,0,0,0,0,0,1,0,0,0,0,0,0,0,0,0,0,0,0,0,0,0,0,0,0,0,0,0,0,0,0,0,0,0,0,0,0,1,0,0,0,0,0,1,0,0,0,0,0,0,1,0,1,0,0,0,0,0,0,2011128506,3,4,NA,2,2,"N",4,NA,25,NA,NA,"CURTIN AV"
"704",2011128700,11,2,2301,2301,2011,12,3,1555,15,1,1,0,4,1,1,3,3,0,"N","N",2,2,1,0,0,0,0,0,1,0,1,0,1,0,1,0,0,0,0,0,0,0,0,0,0,0,0,0,0,0,0,3,0,0,0,0,0,1,0,0,"40 26:20.011","79 56:02.713",40.43889999,-79.93409729,NA,0,NA,"N",NA,NA,3,"","N",NA,NA,NA,"","","","","","","","",2011128700,0,0,1,1,0,0,0,0,0,0,0,0,0,0,0,0,0,1,0,0,1,0,1,1,0,0,0,0,0,0,0,0,0,0,0,0,1,0,0,0,0,0,0,0,0,0,1,0,0,0,0,0,0,0,1,0,0,0,0,0,0,0,0,0,0,0,0,1,0,0,0,0,0,1,0,0,0,0,0,0,0,0,1,0,0,0,0,0,0,2011128700,3,4,NA,2,2,"E",4,NA,25,NA,NA,"NORTHUMBERLAND ST"
"707",2011131264,11,2,2301,2301,2011,12,3,640,6,3,2,1,4,1,10,0,3,0,"N","N",2,2,1,1,0,0,0,0,0,0,1,0,1,0,1,0,0,1,0,0,0,0,0,0,0,0,0,0,0,0,0,3,0,0,0,0,0,0,0,0,"40 27:28.249","80 00:57.308",40.45780182,-80.01589966,1,1,1,"N",NA,NA,0,"Y","N",NA,NA,NA,"","","","","","","","",2011131264,0,0,1,1,0,1,0,0,0,0,0,0,0,0,0,0,0,1,0,0,1,0,0,1,0,0,0,0,0,0,0,0,0,0,0,0,1,0,0,0,0,0,0,0,0,0,0,0,0,0,0,0,0,0,0,0,0,0,0,0,0,0,0,0,0,0,0,0,0,0,0,0,0,1,0,0,0,0,0,0,1,0,1,0,0,0,0,0,0,2011131264,3,4,NA,2,1,"E",4,NA,25,NA,NA,"ARMANDALE ST"
"708",2011131323,11,2,2301,2301,2011,12,3,1020,10,1,2,1,4,1,1,2,3,0,"N","N",2,2,1,0,0,0,0,0,1,0,1,0,1,0,1,0,0,0,0,0,0,0,0,0,0,0,0,0,0,0,0,3,0,0,0,0,0,0,0,0,"40 27:09.932","79 56:12.267",40.45280075,-79.93669891,NA,0,NA,"N",NA,NA,3,"","N",NA,NA,NA,"","","","","","","","",2011131323,0,0,1,1,0,1,0,0,0,0,0,0,0,0,0,0,0,1,0,0,1,1,0,0,0,0,0,0,0,0,0,0,0,0,0,0,1,0,0,0,0,0,0,0,0,0,0,0,0,0,0,0,0,0,1,0,0,0,0,0,0,0,0,0,0,0,0,0,0,0,0,0,0,1,0,0,0,0,0,0,0,0,1,0,0,0,0,0,0,2011131323,3,4,NA,2,2,"S",4,NA,25,NA,NA,"AIKEN AV"
"709",2012003063,11,2,2301,2301,2012,1,1,1517,15,1,1,0,8,1,0,0,3,0,"N","N",2,4,1,1,0,0,0,0,0,0,1,0,1,0,0,0,1,0,0,0,0,0,0,0,0,0,0,0,0,0,0,8,0,0,0,0,0,0,0,0,"40 27:14.931","79 56:15.147",40.45410156,-79.9375,NA,0,NA,"N",NA,NA,0,"","N",NA,NA,NA,"","","","","","","","",2012003063,0,0,1,1,0,0,0,0,0,0,0,0,0,0,0,0,0,1,0,1,0,0,0,0,0,0,0,0,0,0,0,0,0,0,0,0,1,0,0,0,0,0,0,0,0,0,0,0,0,0,0,0,0,0,1,0,0,0,0,0,0,0,0,0,0,0,0,0,0,0,0,0,0,1,0,0,0,0,0,0,0,0,0,0,0,0,0,0,0,2012003063,3,3,NA,2,3,"N",4,NA,25,NA,NA,"AIKEN AV"
"712",2012019485,11,2,2301,0,2011,4,7,1400,14,1,1,0,5,1,1,2,3,0,"N","N",2,2,1,1,0,0,0,0,0,0,1,0,1,0,1,0,0,1,0,0,0,0,0,0,0,0,0,0,0,0,0,3,0,0,0,0,0,0,0,0,"40 26:50.730","79 56:32.895",40.44739914,-79.94249725,NA,0,NA,"N",NA,NA,3,"","N",NA,NA,NA,"","","","","","","","",2012019485,0,0,1,1,0,0,0,0,0,0,0,0,0,0,0,0,0,1,0,0,1,1,0,0,0,0,0,0,0,0,0,0,0,0,0,0,1,0,0,0,0,0,0,0,0,0,0,0,0,0,0,0,0,0,1,0,0,0,0,0,0,0,0,0,0,0,0,0,0,0,0,0,0,1,0,0,0,0,0,0,0,0,1,0,0,0,0,0,0,2012019485,3,4,NA,2,2,"N",4,NA,NA,NA,NA,"MOREWOOD AV"
"716",2012025476,11,2,2301,2301,2012,3,4,1638,16,1,1,0,4,1,1,0,3,0,"N","N",2,3,1,1,0,0,0,0,0,0,1,0,1,0,0,1,0,0,0,0,0,0,0,0,0,0,0,0,0,0,0,4,0,0,0,0,0,0,0,0,"40 25:30.509","79 57:50.802",40.42509842,-79.9641037,NA,0,NA,"N",NA,NA,0,"","N",NA,NA,NA,"","","","","","","","",2012025476,0,1,1,0,0,0,0,0,0,0,0,0,0,0,0,0,0,1,0,0,1,0,0,1,0,0,0,0,0,0,0,0,0,0,0,0,1,0,0,0,0,0,0,0,0,0,0,0,0,0,0,0,0,0,0,0,0,0,0,0,0,0,0,0,0,0,0,0,0,0,0,0,0,1,0,0,0,0,0,0,0,1,0,0,0,0,0,0,0,2012025476,3,3,3,2,2,"B",2,837,35,510,857,"EAST CARSON ST"
"717",2012025714,11,2,2301,2301,2012,3,5,821,8,1,1,0,5,1,0,0,3,0,"N","N",3,2,2,0,0,0,0,1,0,0,1,0,1,1,0,0,0,0,0,0,0,0,0,0,0,0,1,0,0,0,1,2,0,0,0,0,0,0,0,0,"40 28:14.889","79 57:36.753",40.47249985,-79.95899963,NA,0,NA,"N",NA,NA,0,"","N",NA,NA,NA,"","","","","","","","",2012025714,0,1,0,0,0,0,0,0,0,0,0,0,0,0,0,0,1,1,0,1,0,0,0,0,0,0,0,0,0,0,0,0,0,0,0,0,1,1,0,0,0,0,0,0,0,0,0,0,0,0,0,0,0,0,0,0,0,0,0,0,0,0,0,0,0,0,0,0,0,0,1,0,0,1,1,0,0,0,0,0,0,0,0,1,0,0,0,0,0,2012025714,3,3,3,2,2,"S",2,2122,25,40,1513,"BUTLER ST"
"719",2012026683,11,2,2301,2301,2012,3,1,1310,13,1,1,0,9,1,0,0,3,0,"N","N",2,3,1,0,0,0,0,0,0,0,1,0,1,0,0,0,1,0,0,0,0,0,0,0,0,0,0,0,0,0,0,8,0,0,0,0,0,0,0,0,"40 26:44.484","80 00:45.000",40.4457016,-80.01249695,1,2,3,"N",NA,NA,0,"Y","N",NA,NA,NA,"","","","","","","","",2012026683,0,0,1,1,0,0,0,0,0,0,0,0,0,0,0,0,0,1,0,1,0,0,0,0,0,0,0,0,0,0,0,0,0,0,0,0,1,0,0,0,0,0,0,0,0,0,0,0,0,0,0,0,0,0,0,0,0,0,0,0,0,0,0,0,0,0,0,0,0,0,1,0,0,1,0,0,0,0,0,0,0,0,0,0,0,0,0,0,0,2012026683,3,3,NA,2,3,"E",4,NA,25,NA,NA,"NORTH SHORE DR"
"720",2012026763,11,2,2301,2301,2012,3,1,1948,19,3,1,0,1,1,1,2,3,0,"N","N",2,2,1,1,0,0,0,0,0,0,1,0,1,0,0,1,0,0,0,0,0,0,0,0,0,0,0,0,0,0,0,4,0,0,0,0,0,0,0,0,"40 27:31.005","79 54:28.849",40.45859909,-79.90799713,NA,0,NA,"N",NA,NA,3,"","N",NA,NA,NA,"","","","","","","","",2012026763,0,1,1,0,0,0,0,0,0,0,1,0,0,0,0,0,0,1,0,0,1,1,0,0,0,0,0,0,0,0,0,0,0,0,0,0,1,0,0,0,0,0,0,0,0,0,0,0,0,0,0,0,0,0,0,0,0,0,0,0,0,0,0,0,0,0,0,0,0,0,0,0,0,1,0,0,0,0,0,0,1,1,0,0,0,0,0,0,0,2012026763,3,3,3,2,2,"N",2,8,35,90,0,"WASHINGTON BL"
"721",2012027493,11,2,2301,2301,2012,3,3,1630,16,1,1,0,6,1,2,0,3,0,"N","N",3,6,2,0,0,0,1,0,1,0,1,0,1,0,0,1,0,0,1,0,0,0,0,0,0,0,0,0,0,0,0,4,0,0,0,0,0,0,0,0,"40 28:18.984","80 01:44.806",40.47190094,-80.02909851,NA,0,NA,"N",NA,NA,0,"","N",NA,NA,NA,"","","","","","","","",2012027493,0,0,1,1,0,0,0,0,0,0,0,1,0,0,0,0,0,1,0,0,1,0,0,1,0,0,0,0,0,0,0,0,0,0,0,0,1,0,0,0,0,0,0,0,0,0,0,0,0,0,0,0,0,0,0,0,0,0,0,0,1,0,0,0,0,0,0,0,0,0,0,0,0,1,0,0,0,0,0,0,0,1,0,0,0,0,0,0,0,2012027493,3,4,NA,2,2,"N",4,NA,25,NA,NA,"WADLOW ST"
"722",2012029584,11,2,2301,2301,2012,3,3,815,8,1,1,0,1,1,0,0,3,0,"N","N",2,2,1,0,0,0,0,0,0,0,1,0,1,0,0,0,1,0,0,0,0,0,0,0,0,0,0,0,0,0,0,8,0,0,0,0,0,0,0,0,"40 27:13.010","79 58:49.033",40.45360184,-79.9803009,1,2,4,"N",NA,NA,0,"Y","N",NA,NA,NA,"","","","","","","","",2012029584,0,0,1,1,0,0,0,0,0,0,1,0,0,0,0,0,0,1,0,1,0,0,0,0,0,0,0,0,0,0,0,0,0,0,0,0,1,0,0,0,0,0,0,0,0,0,0,0,0,0,0,0,0,0,0,0,0,0,0,0,0,0,0,0,0,0,0,0,0,0,0,0,0,1,0,0,0,0,0,0,0,0,0,0,0,0,0,0,0,2012029584,3,3,NA,2,2,"W",4,NA,25,NA,NA,"PENN AV"
"723",2012029921,11,2,2301,2301,2012,3,3,1715,17,1,1,0,5,1,0,0,3,7,"N","N",2,5,1,1,0,0,0,0,0,0,1,0,1,0,0,0,1,0,2,0,0,0,0,0,0,0,0,0,0,0,0,8,0,0,0,0,0,0,0,0,"40 25:33.570","79 58:23.750",40.42599869,-79.97329712,NA,0,NA,"N",NA,NA,0,"","N",NA,NA,NA,"","","","","","","","",2012029921,0,0,1,1,0,0,0,0,0,0,0,0,0,0,0,0,0,1,0,1,0,0,0,0,0,0,0,0,0,0,0,0,0,0,0,0,1,0,0,0,0,0,0,0,0,0,0,0,0,0,0,0,0,0,1,0,0,0,0,0,1,0,0,0,0,0,0,0,0,0,0,0,0,1,0,0,0,0,0,0,0,0,0,0,0,0,0,0,0,2012029921,3,3,NA,2,2,"N",4,NA,25,NA,NA,"TWENTYTHIRD ST"
"726",2012033627,11,2,2301,2301,2012,4,1,1815,18,1,2,1,5,1,0,0,3,0,"N","N",2,2,1,1,0,0,0,0,0,0,1,0,1,0,0,1,0,0,0,0,0,0,0,0,0,0,0,0,0,0,0,4,0,0,0,0,0,1,0,0,"40 26:20.198","80 00:11.297",40.43889999,-80.00309753,NA,0,NA,"N",NA,NA,0,"","N",NA,NA,NA,"","","","","","","","",2012033627,0,1,0,0,0,1,0,0,0,0,0,0,0,0,0,0,0,1,0,1,0,0,0,0,0,0,0,0,0,0,0,0,0,0,0,0,1,0,0,0,0,0,0,0,0,0,0,0,0,0,0,0,0,0,1,0,0,0,0,0,0,0,0,0,0,0,0,1,0,0,0,0,0,1,0,0,0,0,0,0,0,1,0,0,0,0,0,0,0,2012033627,3,3,3,2,2,"W",2,2208,25,11,1187,"BL OF THE ALLIES RD"
"727",2012034019,11,2,2301,2301,2012,4,2,2017,20,3,1,8,1,1,0,0,3,0,"N","N",2,2,1,0,0,0,1,0,0,0,1,0,1,0,1,0,0,0,0,0,0,0,0,0,0,0,0,0,0,0,0,3,0,0,0,0,0,0,0,1,"40 27:46.114","79 55:51.971",40.46279907,-79.93109894,1,2,5,"N",NA,NA,0,"Y","N",NA,NA,NA,"","","","","","","","",2012034019,0,0,1,1,0,0,0,0,0,0,1,0,0,0,0,0,0,1,0,1,0,0,0,0,0,0,0,0,0,0,0,0,0,0,0,0,1,0,0,0,0,0,0,0,0,0,0,0,0,0,0,0,0,0,0,0,0,0,0,1,0,0,0,0,0,0,0,0,0,0,0,0,0,1,0,0,0,0,0,0,1,0,1,0,0,0,0,0,0,2012034019,3,3,NA,2,4,"S",4,NA,35,NA,NA,"NEGLEY AV"
"729",2012038020,11,2,2301,2301,2012,4,1,1500,15,1,1,0,4,1,1,2,3,0,"N","N",2,2,1,1,0,0,0,0,0,0,1,0,1,0,1,0,0,0,0,0,0,0,0,0,0,0,0,0,0,0,0,3,0,0,0,0,0,0,0,0,"40 25:37.761","79 56:19.370",40.42720032,-79.93869781,NA,0,NA,"N",NA,NA,3,"","N",NA,NA,NA,"","","","","","","","",2012038020,0,0,1,1,0,0,0,0,0,0,0,0,0,0,0,0,0,1,0,0,1,1,0,0,0,0,0,0,0,0,0,0,0,0,0,0,1,0,0,0,0,0,0,0,0,0,0,0,0,0,0,0,0,0,1,0,0,0,0,0,0,0,0,0,0,0,0,0,0,0,0,0,0,1,0,0,0,0,0,0,0,0,1,0,0,0,0,0,0,2012038020,3,4,NA,2,2,"W",4,NA,25,NA,NA,"BEECHWOOD BL"
"730",2012043315,11,2,2301,2301,2012,4,2,1240,12,1,1,0,4,1,2,2,3,0,"N","N",2,2,1,1,0,0,0,0,0,0,1,0,1,0,0,1,0,1,0,0,0,0,0,0,0,0,0,0,0,0,0,4,0,0,0,0,0,0,0,0,"40 26:29.227","79 59:43.684",40.44150162,-79.99549866,1,1,2,"N",NA,NA,3,"N","N",NA,NA,NA,"","","","","","","","",2012043315,0,0,1,1,0,0,0,0,0,0,0,0,0,0,0,0,0,1,0,0,1,1,0,0,0,0,0,0,0,0,0,0,0,0,0,0,1,0,0,0,0,0,0,0,0,0,0,0,0,0,0,0,0,0,0,0,0,0,0,0,0,0,0,0,0,0,0,0,0,0,0,0,0,1,0,0,0,0,0,0,0,1,0,0,0,0,0,0,0,2012043315,3,4,NA,2,1,"E",4,NA,NA,NA,NA,"STRAWBERRY WY"
"735",2012047885,11,2,2301,2301,2012,5,1,232,2,3,1,0,4,1,1,2,3,0,"N","N",2,2,1,0,0,0,0,0,1,0,1,0,1,1,0,0,0,0,0,0,0,0,0,0,0,0,1,0,0,0,0,2,0,0,0,0,0,0,0,0,"40 27:41.680","79 58:01.653",40.46160126,-79.96710205,3,1,3,"N",NA,NA,3,"N","N",NA,NA,NA,"","","","","","","","",2012047885,0,0,1,1,0,0,0,0,0,0,0,0,0,0,0,0,1,1,0,0,1,1,0,0,0,0,0,0,0,0,0,0,0,0,0,0,1,0,0,0,0,1,1,0,0,0,0,0,0,0,0,0,0,0,1,0,0,0,0,0,0,0,0,1,0,0,0,0,0,0,0,0,0,1,0,1,0,0,0,0,1,0,0,1,0,0,0,0,0,2012047885,3,4,NA,2,2,"S",4,NA,25,NA,NA,"LIGONIER ST"
"736",2012050188,11,2,2301,2301,2012,5,6,1602,16,1,1,0,8,1,1,3,3,0,"N","N",2,2,1,1,0,0,0,0,0,0,1,0,1,0,0,0,1,0,0,0,0,0,0,0,0,0,0,0,0,0,0,8,0,0,0,0,0,1,0,0,"40 26:09.445","79 57:22.078",40.43600082,-79.95610046,2,1,1,"N",NA,NA,3,"N","N",NA,NA,NA,"","","","","","","","",2012050188,0,0,1,1,0,0,0,0,0,0,0,0,0,0,0,0,0,1,0,0,1,0,1,1,0,0,0,0,0,0,0,0,0,0,0,0,1,0,0,0,0,0,0,0,0,0,0,0,0,0,0,0,0,0,0,0,0,0,0,0,0,0,0,0,0,0,0,1,0,0,0,0,0,1,0,0,0,0,0,0,0,0,0,0,0,0,0,0,0,2012050188,3,4,NA,2,2,"E",4,NA,25,NA,NA,"ZULEMA ST"
"737",2012051177,11,2,2301,2301,2012,5,2,2247,22,3,1,0,4,1,2,2,3,0,"N","N",2,2,1,0,0,0,0,0,1,0,1,0,1,0,0,1,0,0,0,0,0,0,0,0,0,0,0,0,0,0,0,4,0,0,0,0,0,0,0,0,"40 27:14.672","79 59:48.532",40.45410156,-79.99680328,NA,0,NA,"N",NA,NA,3,"","N",NA,NA,NA,"","","","","","","","",2012051177,0,1,0,0,0,0,0,0,0,0,0,0,0,0,0,0,0,1,0,0,1,1,0,0,0,0,0,0,0,0,0,0,0,0,0,0,1,0,0,0,0,0,0,0,0,0,0,0,0,0,0,0,0,0,0,0,0,0,0,0,0,0,0,0,0,0,0,0,0,0,0,0,0,1,0,0,0,0,0,0,1,1,0,0,0,0,0,0,0,2012051177,3,3,3,2,2,"E",2,4084,25,60,285,"E OHIO ST"
"738",2012051621,11,2,2301,2301,2012,5,3,1720,17,1,1,0,2,1,2,3,3,0,"N","N",2,2,1,1,0,0,0,0,0,0,1,0,1,0,1,0,0,0,0,0,0,0,0,0,0,0,0,0,0,0,0,3,0,0,0,0,0,1,0,0,"40 26:19.370","79 56:47.173",40.43870163,-79.9464035,NA,0,NA,"N",NA,NA,3,"","N",NA,NA,NA,"","","","","","","","",2012051621,0,0,1,1,0,0,0,0,0,0,0,1,0,0,0,0,0,1,0,0,1,0,1,1,0,0,0,0,0,0,0,0,0,0,0,0,1,0,0,0,0,0,0,0,0,0,0,0,0,0,0,0,0,0,0,0,0,0,0,0,0,0,0,0,0,0,0,1,0,0,0,0,0,1,0,0,0,0,0,0,0,0,1,0,0,0,0,0,0,2012051621,3,4,NA,2,2,"E",4,NA,25,NA,NA,"SCHENLEY DR"
"739",2012051626,11,2,2301,2301,2012,5,3,1201,12,1,1,0,8,4,0,0,3,0,"N","N",2,2,1,1,0,0,0,0,0,0,1,0,1,0,0,1,0,0,0,0,0,0,0,0,0,0,0,0,0,0,0,4,0,0,0,0,0,1,0,0,"40 27:02.325","80 01:07.070",40.45059967,-80.01860046,NA,0,NA,"N",NA,NA,0,"","N",NA,NA,NA,"","","","","","","","",2012051626,0,1,0,0,0,0,0,0,0,0,0,0,0,1,0,0,0,1,0,1,0,0,0,0,0,0,0,0,0,0,0,0,0,0,0,0,1,0,0,0,0,0,0,0,0,0,1,0,0,0,0,0,0,0,1,0,0,0,0,0,0,0,0,0,0,0,0,1,0,0,0,0,0,1,0,0,0,0,0,0,0,1,0,0,0,0,0,0,0,2012051626,3,3,3,2,3,"E",2,4001,25,10,357,"ALLEGHENY AV"
"740",2012052290,11,2,2301,2301,2012,5,5,1215,12,1,1,0,4,1,1,2,3,0,"N","N",2,2,1,1,0,0,0,0,0,0,1,0,1,0,0,0,1,0,0,0,0,0,0,0,0,0,0,0,0,0,0,8,0,0,0,0,0,0,0,0,"40 27:41.620","79 58:01.410",40.46160126,-79.96710205,1,1,3,"N",NA,NA,3,"N","N",NA,NA,NA,"","","","","","","","",2012052290,0,0,1,1,0,0,0,0,0,0,0,0,0,0,0,0,0,1,0,0,1,1,0,0,0,0,0,0,0,0,0,0,0,0,0,0,1,0,0,0,0,0,0,0,0,0,0,0,0,0,0,0,0,0,0,0,0,0,0,0,0,0,0,0,0,0,0,0,0,0,0,0,0,1,0,0,0,0,0,0,0,0,0,0,0,0,0,0,0,2012052290,3,4,NA,2,2,"E",4,NA,25,NA,NA,"LIBERTY AV"