"","CRASH_CRN","DISTRICT","CRASH_COUNTY","MUNICIPALITY","POLICE_AGCY","CRASH_YEAR","CRASH_MONTH","DAY_OF_WEEK","TIME_OF_DAY","HOUR_OF_DAY","ILLUMINATION","WEATHER","ROAD_CONDITION","COLLISION_TYPE","RELATION_TO_ROAD","INTERSECT_TYPE","TCD_TYPE","URBAN_RURAL","LOCATION_TYPE","SCH_BUS_IND","SCH_ZONE_IND","TOTAL_UNITS","PERSON_COUNT","VEHICLE_COUNT","AUTOMOBILE_COUNT","MOTORCYCLE_COUNT","BUS_COUNT","SMALL_TRUCK_COUNT","HEAVY_TRUCK_COUNT","SUV_COUNT","VAN_COUNT","BICYCLE_COUNT","FATAL_COUNT","INJURY_COUNT","MAJ_INJ_COUNT","MOD_INJ_COUNT","MIN_INJ_COUNT","UNK_INJ_DEG_COUNT","UNK_INJ_PER_COUNT","UNBELTED_OCC_COUNT","UNB_DEATH_COUNT","UNB_MAJ_INJ_COUNT","BELTED_DEATH_COUNT","BELTED_MAJ_INJ_COUNT","MCYCLE_DEATH_COUNT","MCYCLE_MAJ_INJ_COUNT","BICYCLE_DEATH_COUNT","BICYCLE_MAJ_INJ_COUNT","PED_COUNT","PED_DEATH_COUNT","PED_MAJ_INJ_COUNT","COMM_VEH_COUNT","MAX_SEVERITY_LEVEL","DRIVER_COUNT_16YR","DRIVER_COUNT_17YR","DRIVER_COUNT_18YR","DRIVER_COUNT_19YR","DRIVER_COUNT_20YR","DRIVER_COUNT_50_64YR","DRIVER_COUNT_65_74YR","DRIVER_COUNT_75PLUS","LATITUDE","LONGITUDE","DEC_LAT","DEC_LONG","EST_HRS_CLOSED","LANE_CLOSED","LN_CLOSE_DIR","NTFY_HIWY_MAINT","RDWY_SURF_TYPE_CD","SPEC_JURIS_CD","TCD_FUNC_CD","TFC_DETOUR_IND","WORK_ZONE_IND","WORK_ZONE_TYPE","WORK_ZONE_LOC","CONS_ZONE_SPD_LIM","WORKERS_PRES","WZ_CLOSE_DETOUR","WZ_FLAGGER","WZ_LAW_OFFCR_IND","WZ_LN_CLOSURE","WZ_MOVING","WZ_OTHER","WZ_SHLDER_MDN","FLAG_CRN","INTERSTATE","STATE_ROAD","LOCAL_ROAD","LOCAL_ROAD_ONLY","TURNPIKE","WET_ROAD","SNOW_SLUSH_ROAD","ICY_ROAD","SUDDEN_DEER","SHLDR_RELATED","REAR_END","HO_OPPDIR_SDSWP","HIT_FIXED_OBJECT","SV_RUN_OFF_RD","WORK_ZONE","PROPERTY_DAMAGE_ONLY","FATAL_OR_MAJ_INJ","INJURY","FATAL","NON_INTERSECTION","INTERSECTION","SIGNALIZED_INT","STOP_CONTROLLED_INT","UNSIGNALIZED_INT","SCHOOL_BUS","SCHOOL_ZONE","HIT_DEER","HIT_TREE_SHRUB","HIT_EMBANKMENT","HIT_POLE","HIT_GDRAIL","HIT_GDRAIL_END","HIT_BARRIER","HIT_BRIDGE","OVERTURNED","MOTORCYCLE","BICYCLE","HVY_TRUCK_RELATED","VEHICLE_FAILURE","TRAIN_TROLLEY","PHANTOM_VEHICLE","ALCOHOL_RELATED","DRINKING_DRIVER","UNDERAGE_DRNK_DRV","UNLICENSED","CELL_PHONE","NO_CLEARANCE","RUNNING_RED_LT","TAILGATING","CROSS_MEDIAN","CURVE_DVR_ERROR","LIMIT_65MPH","SPEEDING","SPEEDING_RELATED","AGGRESSIVE_DRIVING","FATIGUE_ASLEEP","DRIVER_16YR","DRIVER_17YR","DRIVER_65_74YR","DRIVER_75PLUS","UNBELTED","PEDESTRIAN","DISTRACTED","CURVED_ROAD","DRIVER_18YR","DRIVER_19YR","DRIVER_20YR","DRIVER_50_64YR","VEHICLE_TOWED","FIRE_IN_VEHICLE","HIT_PARKED_VEHICLE","MC_DRINKING_DRIVER","DRUGGED_DRIVER","INJURY_OR_FATAL","COMM_VEHICLE","IMPAIRED_DRIVER","DEER_RELATED","DRUG_RELATED","HAZARDOUS_TRUCK","ILLEGAL_DRUG_RELATED","ILLUMINATION_DARK","MINOR_INJURY","MODERATE_INJURY","MAJOR_INJURY","NHTSA_AGG_DRIVING","PSP_REPORTED","RUNNING_STOP_SIGN","TRAIN","TROLLEY","ROADWAY_CRN","RDWY_SEQ_NUM","ADJ_RDWY_SEQ","ACCESS_CTRL","ROADWAY_COUNTY","LANE_COUNT","RDWY_ORIENT","ROAD_OWNER","ROUTE","SPEED_LIMIT","SEGMENT","OFFSET","STREET_NAME"
"741",2012053342,11,2,2301,2301,2012,5,2,1755,17,1,1,0,4,1,1,0,3,0,"N","N",2,3,1,0,0,0,0,0,1,0,1,0,1,0,0,1,0,0,0,0,0,0,0,0,0,0,0,0,0,0,0,4,0,0,0,0,0,0,0,0,"40 27:19.623","80 03:45.658",40.45550156,-80.06269836,1,1,5,"N",NA,NA,0,"Y","N",NA,NA,NA,"","","","","","","","",2012053342,0,0,1,1,0,0,0,0,0,0,0,0,0,0,0,0,0,1,0,0,1,0,0,1,0,0,0,0,0,0,0,0,0,0,0,0,1,0,0,0,0,0,0,0,0,0,0,0,0,0,0,0,0,0,0,0,0,0,0,0,0,0,0,0,0,0,0,0,0,0,0,0,0,1,0,0,0,0,0,0,0,1,0,0,0,0,0,0,0,2012053342,3,4,NA,2,2,"N",4,NA,25,NA,NA,"UNIVERSAL ST"
"745",2012058217,11,2,2301,2301,2012,6,6,1730,17,1,1,0,4,4,0,0,3,0,"N","N",2,2,1,1,0,0,0,0,0,0,1,0,1,0,0,0,1,0,0,0,0,0,0,0,0,0,0,0,0,0,0,8,0,0,0,0,0,0,0,0,"40 27:49.990","80 01:05.490",40.46390152,-80.01820374,NA,0,NA,"N",NA,NA,0,"","N",NA,NA,NA,"","","","","","","","",2012058217,0,0,1,1,0,0,0,0,0,0,0,0,0,1,0,0,0,1,0,1,0,0,0,0,0,0,0,0,0,0,0,0,0,0,0,0,1,0,0,0,0,0,0,0,0,0,0,0,0,0,0,0,0,0,0,0,0,0,0,0,0,0,1,0,0,0,0,0,0,0,0,0,0,1,0,0,0,0,0,0,0,0,0,0,0,0,0,0,0,2012058217,3,3,NA,2,2,"W",4,NA,25,NA,NA,"CHAUTAUQUA CT"
"746",2012058284,11,2,2301,2301,2012,6,2,1625,16,1,1,0,4,1,2,2,3,0,"N","N",2,2,1,0,0,0,0,0,1,0,1,0,1,0,0,1,0,0,0,0,0,0,0,0,0,0,0,0,0,0,0,4,0,0,0,0,0,0,0,0,"40 24:31.766","79 59:28.028",40.40879822,-79.9910965,1,1,2,"N",NA,NA,3,"N","N",NA,NA,NA,"","","","","","","","",2012058284,0,0,1,1,0,0,0,0,0,0,0,0,0,0,0,0,0,1,0,0,1,1,0,0,0,0,0,0,0,0,0,0,0,0,0,0,1,0,0,0,0,0,0,0,0,0,1,0,0,0,0,0,0,0,1,0,0,0,0,0,0,0,0,0,0,0,0,0,0,0,0,0,0,1,0,0,0,0,0,0,0,1,0,0,0,0,0,0,0,2012058284,3,4,NA,2,2,"S",4,NA,25,NA,NA,"BROWNSVILLE RD"
"749",2012059482,11,2,2301,2301,2012,6,5,1030,10,1,1,0,4,1,1,2,3,0,"","",2,2,1,1,0,0,0,0,0,0,1,0,1,0,0,0,1,0,0,0,0,0,0,0,0,0,0,0,0,0,0,8,0,0,0,0,0,0,0,1,"40 27:57.990","79 57:09.110",40.46609879,-79.95249939,NA,0,NA,"",NA,NA,3,"","N",NA,NA,NA,"","","","","","","","",2012059482,0,0,1,1,0,0,0,0,0,0,0,0,0,0,0,0,0,1,0,0,1,1,0,0,0,0,0,0,0,0,0,0,0,0,0,0,1,0,0,0,0,0,0,0,0,0,0,0,0,0,0,0,0,0,0,0,0,0,0,1,0,0,0,0,0,0,0,0,0,0,0,0,0,1,0,0,0,0,0,0,0,0,0,0,0,0,0,0,0,2012059482,3,4,NA,2,2,"E",4,NA,25,NA,NA,"PENN AV"
"750",2012059667,11,2,2301,2301,2012,6,5,1955,19,1,1,0,4,1,1,0,3,0,"N","N",2,2,1,1,0,0,0,0,0,0,1,0,1,0,0,1,0,0,0,0,0,0,0,0,0,0,0,0,0,0,0,4,0,0,0,0,0,0,0,0,"40 27:04.348","79 55:49.634",40.45119858,-79.93049622,1,1,2,"N",NA,NA,0,"Y","N",NA,NA,NA,"","","","","","","","",2012059667,0,0,1,1,0,0,0,0,0,0,0,0,0,0,0,0,0,1,0,0,1,0,0,1,0,0,0,0,0,0,0,0,0,0,0,0,1,0,0,0,0,0,0,0,0,0,0,0,0,0,0,0,0,0,1,0,0,0,0,0,0,0,0,0,0,0,0,0,0,0,0,0,0,1,0,0,0,0,0,0,0,1,0,0,0,0,0,0,0,2012059667,3,4,NA,2,2,"E",4,NA,25,NA,NA,"HOWE ST"
"751",2012061940,11,2,2301,2301,2012,6,5,710,7,1,1,0,4,4,0,0,3,7,"N","N",2,2,1,1,0,0,0,0,0,0,1,0,1,0,0,1,0,0,0,0,0,0,0,0,0,0,0,0,0,0,0,4,0,0,0,0,0,0,0,0,"40 27:28.998","79 55:52.676",40.45809937,-79.9312973,NA,0,NA,"N",NA,NA,0,"","N",NA,NA,NA,"","","","","","","","",2012061940,0,0,1,1,0,0,0,0,0,0,0,0,0,1,0,0,0,1,0,1,0,0,0,0,0,0,0,0,0,0,0,0,0,0,0,0,1,0,0,0,0,0,0,0,0,0,0,0,0,0,0,0,0,0,1,0,0,0,0,0,0,0,0,0,0,0,0,0,0,0,0,0,0,1,0,0,0,0,0,0,0,1,0,0,0,0,0,0,0,2012061940,3,3,NA,2,4,"W",4,NA,25,NA,NA,"CENTRE AV"
"753",2012063649,11,2,2301,2301,2012,6,3,2230,22,3,1,0,4,1,1,3,3,0,"N","N",2,2,1,1,0,0,0,0,0,0,1,0,1,0,0,0,1,1,0,0,0,0,0,0,0,0,0,0,0,0,0,8,0,0,0,0,0,0,0,0,"40 27:21.988","79 55:50.851",40.45610046,-79.93080139,NA,0,NA,"N",NA,NA,3,"","N",NA,NA,NA,"","","","","","","","",2012063649,0,0,1,1,0,0,0,0,0,0,0,0,0,0,0,0,0,1,0,0,1,0,1,1,0,0,0,0,0,0,0,0,0,0,0,0,1,0,0,0,0,0,0,0,0,0,0,0,0,0,0,0,0,0,1,0,0,0,0,0,0,0,0,0,0,0,0,0,0,0,0,0,0,1,0,0,0,0,0,0,1,0,0,0,0,0,0,0,0,2012063649,3,4,NA,2,2,"E",4,NA,25,NA,NA,"ELLSWORTH AV"
"755",2012066379,11,2,2301,2301,2012,7,5,1338,13,1,1,0,5,1,1,2,3,0,"N","N",2,3,1,1,0,0,0,0,0,0,1,0,1,0,0,0,1,0,0,0,0,0,0,0,0,0,0,0,0,0,0,8,0,0,0,0,0,1,0,0,"40 26:16.008","79 58:22.281",40.43780136,-79.97290039,1,1,3,"N",NA,NA,3,"N","N",NA,NA,NA,"","","","","","","","",2012066379,0,0,1,1,0,0,0,0,0,0,0,0,0,0,0,0,0,1,0,0,1,1,0,0,0,0,0,0,0,0,0,0,0,0,0,0,1,0,0,0,0,0,0,0,0,0,0,0,0,0,0,0,0,0,0,0,0,0,0,0,0,0,0,0,0,0,0,1,0,0,0,0,0,1,0,0,0,0,0,0,0,0,0,0,0,0,0,0,0,2012066379,3,4,NA,2,2,"E",4,NA,25,NA,NA,"5TH AV"
"757",2012067585,11,2,2301,2301,2012,7,7,225,2,3,1,0,5,1,0,0,3,0,"N","N",2,2,1,1,0,0,0,0,0,0,1,0,1,0,1,0,0,0,0,0,0,0,0,0,0,0,0,0,0,0,0,3,0,0,0,0,0,0,0,0,"40 25:43.131","79 58:44.040",40.42860031,-79.97889709,NA,0,NA,"N",NA,NA,0,"","N",NA,NA,NA,"","","","","","","","",2012067585,0,1,0,0,0,0,0,0,0,0,0,0,0,0,0,0,0,1,0,1,0,0,0,0,0,0,0,0,0,0,0,0,0,0,0,0,1,0,0,0,0,0,0,0,0,0,0,0,0,0,0,0,0,0,0,0,0,0,0,0,0,0,0,0,0,0,0,0,0,0,0,0,0,1,0,0,0,0,0,0,1,0,1,0,0,0,0,0,0,2012067585,3,3,3,2,2,"W",2,837,25,530,1207,"EAST CARSON ST"
"760",2012069273,11,2,2301,2301,2012,7,5,1118,11,1,1,0,4,1,0,0,3,7,"N","N",2,4,1,0,0,0,0,0,1,0,1,0,1,0,0,1,0,0,0,0,0,0,0,0,0,0,0,0,0,0,0,4,0,0,0,0,0,1,0,0,"40 23:12.645","79 58:51.870",40.38679886,-79.98110199,NA,0,NA,"N",NA,NA,0,"","N",NA,NA,NA,"","","","","","","","",2012069273,0,0,1,1,0,0,0,0,0,0,0,0,0,0,0,0,0,1,0,1,0,0,0,0,0,0,0,0,0,0,0,0,0,0,0,0,1,0,0,0,0,0,0,0,0,0,0,0,0,0,0,0,0,0,1,0,0,0,0,0,0,0,0,0,0,0,0,1,0,0,0,0,0,1,0,0,0,0,0,0,0,1,0,0,0,0,0,0,0,2012069273,3,3,NA,2,2,"N",4,NA,25,NA,NA,"BROWNSVILLE RD"
"762",2012071218,11,2,2301,2301,2012,7,4,1728,17,1,1,0,4,1,0,0,3,0,"N","N",2,2,1,1,0,0,0,0,0,0,1,0,1,0,0,0,1,0,0,0,0,0,0,0,0,0,0,0,0,0,0,8,0,0,0,0,0,0,0,0,"40 27:13.687","79 56:51.064",40.4538002,-79.94750214,1,1,1,"N",NA,NA,0,"N","N",NA,NA,NA,"","","","","","","","",2012071218,0,0,1,1,0,0,0,0,0,0,0,0,0,0,0,0,0,1,0,1,0,0,0,0,0,0,0,0,0,0,0,0,0,0,0,0,1,0,0,0,0,0,0,0,0,0,0,0,0,0,0,0,0,0,1,0,0,0,0,0,0,0,0,0,0,0,0,0,0,0,0,0,0,1,0,0,0,0,0,0,0,0,0,0,0,0,0,0,0,2012071218,3,3,NA,2,2,"S",4,NA,25,NA,NA,"S MILLVALE AV"
"765",2012072657,11,2,2301,2301,2012,7,1,2138,21,3,1,0,5,2,0,0,3,0,"N","N",2,2,1,0,0,0,0,0,1,0,1,0,1,0,0,0,1,1,0,0,0,0,0,0,0,0,0,0,0,0,0,8,0,0,0,0,0,0,0,0,"40 24:34.476","80 00:18.116",40.4095993,-80.00499725,NA,0,NA,"N",NA,NA,0,"","N",NA,NA,NA,"","","","","","","","",2012072657,0,1,0,0,0,0,0,0,0,0,0,0,0,1,0,0,0,1,0,1,0,0,0,0,0,0,0,0,0,0,0,0,0,0,0,0,1,0,0,0,0,0,0,0,0,0,0,0,0,0,0,0,0,0,0,0,0,0,0,0,0,0,0,0,0,0,0,0,0,0,0,0,0,1,0,0,0,0,0,0,1,0,0,0,0,0,0,0,0,2012072657,3,3,3,2,2,"S",2,51,25,381,3085,"SAW MILL RUN BL"
"766",2012073350,11,2,2301,2301,2012,7,4,510,5,3,1,0,8,1,0,0,3,0,"N","N",2,2,1,1,0,0,0,0,0,0,1,1,0,0,0,0,0,0,0,0,0,0,0,0,0,1,0,0,0,0,0,1,0,0,0,0,0,0,0,0,"40 26:52.623","79 53:51.757",40.44800186,-79.89769745,3,1,4,"N",NA,NA,0,"N","N",NA,NA,NA,"","","","","","","","",2012073350,0,1,0,0,0,0,0,0,0,0,0,0,0,0,0,0,1,0,1,1,0,0,0,0,0,0,0,0,0,0,0,0,0,0,0,0,1,0,0,0,0,0,0,0,0,0,0,0,1,0,0,0,0,0,1,0,0,0,0,0,0,0,0,0,0,0,0,0,0,0,0,0,1,1,0,1,0,1,0,0,1,0,0,0,0,0,0,0,0,2012073350,3,3,3,2,2,"S",2,8,35,61,770,"PENN AV"
"769",2012075870,11,2,2301,2301,2012,7,5,1439,14,1,2,1,2,1,1,2,3,0,"N","N",2,2,1,1,0,0,0,0,0,0,1,0,1,0,0,1,0,0,0,0,0,0,0,0,0,0,0,0,0,0,0,4,0,0,0,0,0,0,0,0,"40 27:14.504","79 54:44.638",40.45399857,-79.91239929,NA,0,NA,"N",NA,NA,3,"","N",NA,NA,NA,"","","","","","","","",2012075870,0,1,1,0,0,1,0,0,0,0,0,1,0,0,0,0,0,1,0,0,1,1,0,0,0,0,0,0,0,0,0,0,0,0,0,0,1,0,0,0,0,0,0,0,0,0,0,0,0,0,0,0,0,0,0,0,0,0,0,0,0,0,0,0,0,0,0,0,0,0,0,0,0,1,0,0,0,0,0,0,0,1,0,0,0,0,0,0,0,2012075870,3,3,3,2,2,"N",2,8,35,80,0,"FIFTH AV"
"771",2012078079,11,2,2301,2301,2012,8,4,808,8,1,1,0,4,1,0,0,3,0,"N","N",2,2,1,0,0,0,0,0,1,0,1,0,1,0,0,0,1,0,0,0,0,0,0,0,0,0,0,0,0,0,0,8,0,0,0,0,0,0,0,0,"40 24:22.011","80 01:06.632",40.40610123,-80.01850128,NA,0,NA,"N",NA,NA,0,"","N",NA,NA,NA,"","","","","","","","",2012078079,0,1,0,0,0,0,0,0,0,0,0,0,0,0,0,0,0,1,0,1,0,0,0,0,0,0,0,0,0,0,0,0,0,0,0,0,1,0,0,0,0,0,0,0,0,0,0,0,0,0,0,0,0,0,1,0,0,0,0,0,0,0,0,0,0,0,0,0,0,0,0,0,0,1,0,0,0,0,0,0,0,0,0,0,0,0,0,0,0,2012078079,3,3,3,2,2,"N",2,3069,35,50,3596,"WEST LIBERTY AV"
"777",2012084608,11,2,2301,2301,2012,8,6,824,8,1,1,0,4,1,2,0,3,0,"N","N",2,2,1,1,0,0,0,0,0,0,1,0,1,0,0,1,0,0,0,0,0,0,0,0,0,0,0,0,0,0,0,4,0,0,0,0,0,0,0,0,"40 26:47.526","79 59:28.161",40.44649887,-79.99120331,1,1,1,"N",NA,NA,0,"N","N",NA,NA,NA,"","","","","","","","",2012084608,0,0,1,1,0,0,0,0,0,0,0,0,0,0,0,0,0,1,0,0,1,0,0,1,0,0,0,0,0,0,0,0,0,0,0,0,1,0,0,0,0,0,0,0,0,0,0,0,0,0,0,0,0,0,1,0,0,0,0,0,0,0,0,0,0,0,0,0,0,0,0,0,0,1,0,0,0,0,0,0,0,1,0,0,0,0,0,0,0,2012084608,3,4,NA,2,2,"N",4,NA,25,NA,NA,"THIRTEENTH ST"
"778",2012084612,11,2,2301,2301,2012,8,1,1435,14,1,1,0,4,1,1,9,3,0,"N","N",2,2,1,1,0,0,0,0,0,0,1,0,1,0,0,1,0,0,0,0,0,0,0,0,0,0,0,0,0,0,0,4,0,0,0,0,0,0,0,0,"40 27:23.824","80 00:47.937",40.45660019,-80.01329803,NA,0,NA,"N",NA,NA,9,"","N",NA,NA,NA,"","","","","","","","",2012084612,0,0,1,1,0,0,0,0,0,0,0,0,0,0,0,0,0,1,0,0,1,0,0,1,0,0,0,0,0,0,0,0,0,0,0,0,1,0,0,0,0,0,0,0,0,0,0,0,0,0,0,0,0,0,0,0,0,0,0,0,0,0,0,0,0,0,0,0,0,0,0,0,0,1,0,0,0,0,0,0,0,1,0,0,0,0,0,0,0,2012084612,3,4,NA,2,2,"E",4,NA,NA,NA,NA,"SAMPSONIA WY"
"779",2012086258,11,2,2301,2301,2012,8,5,1105,11,1,1,0,4,1,2,2,3,0,"N","N",2,2,1,1,0,0,0,0,0,0,1,0,1,0,1,0,0,0,0,0,0,0,0,0,0,0,0,0,0,0,0,3,0,0,0,0,0,0,0,0,"40 27:22.467","80 00:09.507",40.45619965,-80.00260162,1,1,1,"N",NA,NA,3,"N","N",NA,NA,NA,"","","","","","","","",2012086258,0,0,1,1,0,0,0,0,0,0,0,0,0,0,0,0,0,1,0,0,1,1,0,0,0,0,0,0,0,0,0,0,0,0,0,0,1,0,0,0,0,0,0,0,0,0,0,0,0,0,0,0,0,0,0,0,0,0,0,0,0,0,0,0,0,0,0,0,0,0,0,0,0,1,0,0,0,0,0,0,0,0,1,0,0,0,0,0,0,2012086258,3,4,NA,2,4,"E",4,NA,35,NA,NA,"E NORTH AV"
"780",2012086408,11,2,2301,2301,2012,8,5,2010,20,3,1,0,4,1,1,2,3,0,"N","N",2,2,1,1,0,0,0,0,0,0,1,0,1,0,0,0,1,0,0,0,0,0,0,0,0,0,0,0,0,0,0,8,0,0,0,0,0,0,0,0,"40 26:16.882","79 54:47.102",40.43799973,-79.9131012,NA,0,NA,"N",NA,NA,3,"","N",NA,NA,NA,"","","","","","","","",2012086408,0,0,1,1,0,0,0,0,0,0,0,0,0,0,0,0,0,1,0,0,1,1,0,0,0,0,0,0,0,0,0,0,0,0,0,0,1,0,0,0,0,0,0,0,0,0,0,0,0,0,0,0,0,0,0,0,0,0,0,0,0,0,0,0,0,0,0,0,0,0,0,0,0,1,0,0,0,0,0,0,1,0,0,0,0,0,0,0,0,2012086408,3,4,NA,2,2,"W",4,NA,25,NA,NA,"S DALLAS AV"
"781",2012086583,11,2,2301,2301,2012,8,6,1015,10,1,1,0,5,4,0,0,3,0,"N","N",2,2,1,0,0,0,0,0,0,0,1,0,1,0,0,1,0,0,0,0,0,0,0,0,0,0,0,0,0,0,0,4,0,0,0,0,0,0,0,0,"40 26:59.520","79 59:09.040",40.44990158,-79.9858017,NA,0,NA,"N",NA,NA,0,"","N",NA,NA,NA,"","","","","","","","",2012086583,0,0,1,1,0,0,0,0,0,0,0,0,0,1,0,0,0,1,0,1,0,0,0,0,0,0,0,0,0,0,0,0,0,0,0,0,1,0,0,0,0,0,0,0,0,0,0,0,0,0,0,0,0,0,0,0,0,0,0,0,0,0,0,0,0,0,0,0,0,0,1,0,0,1,0,0,0,0,0,0,0,1,0,0,0,0,0,0,0,2012086583,3,3,NA,2,2,"W",4,NA,25,NA,NA,"PENN AV"
"782",2012086744,11,2,2301,2301,2012,8,6,2000,20,4,1,0,5,1,1,0,3,0,"N","N",2,3,1,1,0,0,0,0,0,0,1,0,1,0,0,1,0,0,1,0,0,0,0,0,0,0,0,0,0,0,0,4,0,0,0,0,0,0,0,0,"40 25:43.781","79 59:00.356",40.42879868,-79.98339844,NA,0,NA,"N",NA,NA,0,"","N",NA,NA,NA,"","","","","","","","",2012086744,0,1,1,0,0,0,0,0,0,0,0,0,0,0,0,0,0,1,0,0,1,0,0,1,0,0,0,0,0,0,0,0,0,0,0,0,1,0,0,0,0,0,0,0,0,0,0,0,0,0,0,0,0,0,0,0,0,0,0,0,1,0,0,0,0,0,0,0,0,0,0,0,0,1,0,0,0,0,0,0,0,1,0,0,0,0,0,0,0,2012086744,3,3,3,2,2,"B",2,837,25,540,400,"EAST CARSON ST"
"784",2012090505,11,2,2301,2301,2012,9,4,815,8,1,1,0,5,4,2,0,3,0,"N","N",4,2,3,0,0,0,0,0,0,1,1,0,0,0,0,0,0,0,0,0,0,0,0,0,0,0,0,0,0,0,0,0,0,0,0,0,0,1,0,0,"40 28:08.878","79 57:23.587",40.46910095,-79.95659637,NA,0,NA,"N",NA,NA,0,"","N",NA,NA,NA,"","","","","","","","",2012090505,0,0,1,1,0,0,0,0,0,0,0,0,0,1,0,1,0,0,0,0,1,0,0,1,0,0,0,0,0,0,0,0,0,0,0,0,1,0,0,0,0,0,0,0,0,0,0,0,0,0,0,0,0,0,0,0,0,0,0,0,0,0,1,0,0,0,0,1,1,0,1,0,0,0,0,0,0,0,0,0,0,0,0,0,0,0,0,0,0,2012090505,3,4,NA,2,1,"E",4,NA,25,NA,NA,"HUGO WY"
"785",2012090548,11,2,2301,2301,2012,9,4,1647,16,1,1,0,1,1,2,2,3,0,"N","N",2,2,1,1,0,0,0,0,0,0,1,0,1,0,0,0,1,0,0,0,0,0,0,0,0,0,0,0,0,0,0,8,0,0,0,0,0,0,0,0,"40 26:30.379","79 57:09.583",40.44179916,-79.95269775,NA,0,NA,"N",NA,NA,3,"","N",NA,NA,NA,"","","","","","","","",2012090548,0,0,1,1,0,0,0,0,0,0,1,0,0,0,0,0,0,1,0,0,1,1,0,0,0,0,0,0,0,0,0,0,0,0,0,0,1,0,0,0,0,0,0,0,0,0,0,0,0,0,0,0,0,0,0,0,0,0,0,0,0,0,0,0,0,0,0,0,0,0,0,0,0,1,0,0,0,0,0,0,0,0,0,0,0,0,0,0,0,2012090548,3,4,NA,2,2,"E",4,NA,25,NA,NA,"SCHENLEY DR"
"786",2012090889,11,2,2301,2301,2012,9,5,1510,15,1,1,0,4,1,2,0,3,0,"N","N",2,2,1,0,0,0,0,1,0,0,1,0,1,0,0,0,1,0,0,0,0,0,0,0,0,0,0,0,0,0,1,8,0,0,0,0,0,1,0,0,"40 25:48.198","79 59:51.396",40.43009949,-79.99759674,NA,0,NA,"N",NA,NA,0,"","N",NA,NA,NA,"","","","","","","","",2012090889,0,0,1,1,0,0,0,0,0,0,0,0,0,0,0,0,0,1,0,0,1,0,0,1,0,0,0,0,0,0,0,0,0,0,0,0,1,1,0,0,0,0,0,0,0,0,0,0,0,0,0,0,0,0,0,0,0,0,0,0,0,0,0,0,0,0,0,1,0,0,0,0,0,1,1,0,0,0,0,0,0,0,0,0,0,0,0,0,0,2012090889,3,4,NA,2,2,"W",4,NA,25,NA,NA,"S THIRD ST"
"787",2012090909,11,2,2301,2301,2012,9,5,1749,17,1,1,0,4,4,0,0,3,0,"N","N",2,2,1,1,0,0,0,0,0,0,1,0,1,0,0,1,0,0,0,0,0,0,0,0,0,0,0,0,0,0,0,4,0,0,0,0,0,0,0,0,"40 27:27.241","79 56:28.885",40.45759964,-79.94139862,NA,0,NA,"N",NA,NA,0,"","N",NA,NA,NA,"","","","","","","","",2012090909,0,0,1,1,0,0,0,0,0,0,0,0,0,1,0,0,0,1,0,1,0,0,0,0,0,0,0,0,0,0,0,0,0,0,0,0,1,0,0,0,0,0,0,0,0,0,0,0,0,0,0,0,0,0,1,0,0,0,0,0,0,0,0,0,0,0,0,0,0,0,0,0,0,1,0,0,0,0,0,0,0,1,0,0,0,0,0,0,0,2012090909,3,3,NA,2,2,"S",4,NA,25,NA,NA,"LIBERTY AV"
"792",2012095144,11,2,2301,2301,2012,9,3,2015,20,3,1,0,1,1,1,2,3,0,"N","N",2,2,1,0,0,0,0,0,1,0,1,0,1,0,0,1,0,0,0,0,0,0,0,0,0,0,0,0,0,0,0,4,0,0,0,0,0,0,1,0,"40 26:16.882","79 54:47.102",40.43799973,-79.9131012,NA,0,NA,"N",NA,NA,3,"","N",NA,NA,NA,"","","","","","","","",2012095144,0,0,1,1,0,0,0,0,0,0,1,0,0,0,0,0,0,1,0,0,1,1,0,0,0,0,0,0,0,0,0,0,0,0,0,0,1,0,0,0,0,0,0,0,0,0,0,0,0,0,0,0,0,0,1,0,0,0,1,0,0,0,0,0,0,0,0,0,0,0,0,0,0,1,0,0,0,0,0,0,1,1,0,0,0,0,0,0,0,2012095144,3,4,NA,2,3,"U",4,NA,25,NA,NA,"S DALLAS AV"
"793",2012095749,11,2,2301,2301,2012,9,4,1818,18,4,1,1,4,1,2,2,3,0,"N","N",2,5,1,1,0,0,0,0,0,0,1,0,1,0,1,0,0,0,0,0,0,0,0,0,0,0,0,0,0,0,0,3,0,0,0,0,0,0,0,0,"40 27:27.044","79 55:02.616",40.45740128,-79.91739655,1,1,4,"N",NA,NA,3,"N","N",NA,NA,NA,"","","","","","","","",2012095749,0,1,1,0,0,1,0,0,0,0,0,0,0,0,0,0,0,1,0,0,1,1,0,0,0,0,0,0,0,0,0,0,0,0,0,0,1,0,0,0,0,0,0,0,0,0,0,0,0,0,0,0,0,0,1,0,0,0,0,0,0,0,0,0,0,0,0,0,0,0,0,0,0,1,0,0,0,0,0,0,0,0,1,0,0,0,0,0,0,2012095749,3,3,3,2,2,"E",2,400,55,90,1900,"PENN AV"