"","CRASH_CRN","DISTRICT","CRASH_COUNTY","MUNICIPALITY","POLICE_AGCY","CRASH_YEAR","CRASH_MONTH","DAY_OF_WEEK","TIME_OF_DAY","HOUR_OF_DAY","ILLUMINATION","WEATHER","ROAD_CONDITION","COLLISION_TYPE","RELATION_TO_ROAD","INTERSECT_TYPE","TCD_TYPE","URBAN_RURAL","LOCATION_TYPE","SCH_BUS_IND","SCH_ZONE_IND","TOTAL_UNITS","PERSON_COUNT","VEHICLE_COUNT","AUTOMOBILE_COUNT","MOTORCYCLE_COUNT","BUS_COUNT","SMALL_TRUCK_COUNT","HEAVY_TRUCK_COUNT","SUV_COUNT","VAN_COUNT","BICYCLE_COUNT","FATAL_COUNT","INJURY_COUNT","MAJ_INJ_COUNT","MOD_INJ_COUNT","MIN_INJ_COUNT","UNK_INJ_DEG_COUNT","UNK_INJ_PER_COUNT","UNBELTED_OCC_COUNT","UNB_DEATH_COUNT","UNB_MAJ_INJ_COUNT","BELTED_DEATH_COUNT","BELTED_MAJ_INJ_COUNT","MCYCLE_DEATH_COUNT","MCYCLE_MAJ_INJ_COUNT","BICYCLE_DEATH_COUNT","BICYCLE_MAJ_INJ_COUNT","PED_COUNT","PED_DEATH_COUNT","PED_MAJ_INJ_COUNT","COMM_VEH_COUNT","MAX_SEVERITY_LEVEL","DRIVER_COUNT_16YR","DRIVER_COUNT_17YR","DRIVER_COUNT_18YR","DRIVER_COUNT_19YR","DRIVER_COUNT_20YR","DRIVER_COUNT_50_64YR","DRIVER_COUNT_65_74YR","DRIVER_COUNT_75PLUS","LATITUDE","LONGITUDE","DEC_LAT","DEC_LONG","EST_HRS_CLOSED","LANE_CLOSED","LN_CLOSE_DIR","NTFY_HIWY_MAINT","RDWY_SURF_TYPE_CD","SPEC_JURIS_CD","TCD_FUNC_CD","TFC_DETOUR_IND","WORK_ZONE_IND","WORK_ZONE_TYPE","WORK_ZONE_LOC","CONS_ZONE_SPD_LIM","WORKERS_PRES","WZ_CLOSE_DETOUR","WZ_FLAGGER","WZ_LAW_OFFCR_IND","WZ_LN_CLOSURE","WZ_MOVING","WZ_OTHER","WZ_SHLDER_MDN","FLAG_CRN","INTERSTATE","STATE_ROAD","LOCAL_ROAD","LOCAL_ROAD_ONLY","TURNPIKE","WET_ROAD","SNOW_SLUSH_ROAD","ICY_ROAD","SUDDEN_DEER","SHLDR_RELATED","REAR_END","HO_OPPDIR_SDSWP","HIT_FIXED_OBJECT","SV_RUN_OFF_RD","WORK_ZONE","PROPERTY_DAMAGE_ONLY","FATAL_OR_MAJ_INJ","INJURY","FATAL","NON_INTERSECTION","INTERSECTION","SIGNALIZED_INT","STOP_CONTROLLED_INT","UNSIGNALIZED_INT","SCHOOL_BUS","SCHOOL_ZONE","HIT_DEER","HIT_TREE_SHRUB","HIT_EMBANKMENT","HIT_POLE","HIT_GDRAIL","HIT_GDRAIL_END","HIT_BARRIER","HIT_BRIDGE","OVERTURNED","MOTORCYCLE","BICYCLE","HVY_TRUCK_RELATED","VEHICLE_FAILURE","TRAIN_TROLLEY","PHANTOM_VEHICLE","ALCOHOL_RELATED","DRINKING_DRIVER","UNDERAGE_DRNK_DRV","UNLICENSED","CELL_PHONE","NO_CLEARANCE","RUNNING_RED_LT","TAILGATING","CROSS_MEDIAN","CURVE_DVR_ERROR","LIMIT_65MPH","SPEEDING","SPEEDING_RELATED","AGGRESSIVE_DRIVING","FATIGUE_ASLEEP","DRIVER_16YR","DRIVER_17YR","DRIVER_65_74YR","DRIVER_75PLUS","UNBELTED","PEDESTRIAN","DISTRACTED","CURVED_ROAD","DRIVER_18YR","DRIVER_19YR","DRIVER_20YR","DRIVER_50_64YR","VEHICLE_TOWED","FIRE_IN_VEHICLE","HIT_PARKED_VEHICLE","MC_DRINKING_DRIVER","DRUGGED_DRIVER","INJURY_OR_FATAL","COMM_VEHICLE","IMPAIRED_DRIVER","DEER_RELATED","DRUG_RELATED","HAZARDOUS_TRUCK","ILLEGAL_DRUG_RELATED","ILLUMINATION_DARK","MINOR_INJURY","MODERATE_INJURY","MAJOR_INJURY","NHTSA_AGG_DRIVING","PSP_REPORTED","RUNNING_STOP_SIGN","TRAIN","TROLLEY","ROADWAY_CRN","RDWY_SEQ_NUM","ADJ_RDWY_SEQ","ACCESS_CTRL","ROADWAY_COUNTY","LANE_COUNT","RDWY_ORIENT","ROAD_OWNER","ROUTE","SPEED_LIMIT","SEGMENT","OFFSET","STREET_NAME"
"794",2012097182,11,2,2301,2301,2012,10,2,1120,11,1,1,0,4,5,0,0,3,0,"N","N",2,2,1,0,0,0,0,0,0,1,1,0,1,0,1,0,0,0,0,0,0,0,0,0,0,0,0,0,0,0,0,3,0,0,0,0,0,0,0,0,"40 26:13.437","79 58:14.386",40.43709946,-79.97070313,NA,0,NA,"N",NA,NA,0,"","N",NA,NA,NA,"","","","","","","","",2012097182,0,0,1,1,0,0,0,0,0,0,0,0,0,1,0,0,0,1,0,1,0,0,0,0,0,0,0,0,0,0,0,0,0,0,0,0,1,0,0,0,0,0,0,0,0,0,0,0,0,0,0,0,0,0,1,0,0,0,0,0,0,0,0,0,0,0,0,0,0,0,0,0,0,1,0,0,0,0,0,0,0,0,1,0,0,0,0,0,0,2012097182,3,3,NA,2,3,"S",4,NA,25,NA,NA,"FIFTH AV"
"795",2012098123,11,2,2301,2301,2012,10,4,1105,11,1,1,0,5,1,0,0,3,0,"N","N",3,3,2,0,0,0,0,0,1,0,1,0,1,0,0,0,1,0,0,0,0,0,0,0,0,0,0,0,0,0,0,8,0,0,0,0,0,0,0,0,"40 26:13.466","80 00:02.412",40.43709946,-80.0007019,2,2,1,"N",NA,NA,0,"Y","N",NA,NA,NA,"","","","","","","","",2012098123,0,1,0,0,0,0,0,0,0,0,0,0,0,0,0,0,0,1,0,1,0,0,0,0,0,0,0,0,0,0,0,0,0,0,0,0,1,0,0,0,0,0,0,0,0,0,0,0,0,0,0,0,0,0,0,0,0,0,0,0,0,0,0,0,0,0,0,0,0,0,1,0,0,1,0,0,0,0,0,0,0,0,0,0,0,0,0,0,0,2012098123,3,3,3,2,2,"B",2,3027,25,30,308,"SMITHFIELD ST BR"
"796",2012098737,11,2,2301,2301,2012,10,4,1950,19,3,1,0,9,1,1,2,3,0,"N","N",2,2,1,0,0,0,0,0,1,0,1,0,1,0,0,1,0,0,0,0,0,0,0,0,0,0,0,0,0,0,0,4,0,0,0,0,0,0,0,0,"40 26:56.157","80 00:02.660",40.44889832,-80.0007019,NA,0,NA,"N",NA,NA,3,"","N",NA,NA,NA,"","","","","","","","",2012098737,0,1,1,0,0,0,0,0,0,0,0,0,0,0,0,0,0,1,0,0,1,1,0,0,0,0,0,0,0,0,0,0,0,0,0,0,1,0,0,0,0,0,0,0,0,0,0,0,0,0,0,0,0,0,0,0,0,0,0,0,0,0,0,0,0,0,0,0,0,0,0,0,0,1,0,0,0,0,0,0,1,1,0,0,0,0,0,0,0,2012098737,3,3,2,2,2,"N",2,28,45,10,0,"SR 0028 HW"
"797",2012100563,11,2,2301,2301,2012,10,3,1315,13,1,1,0,4,9,2,0,3,0,"N","N",2,2,1,1,0,0,0,0,0,0,1,0,1,0,0,0,1,1,0,0,0,0,0,0,0,0,0,0,0,0,0,8,0,0,0,0,0,0,0,0,"40 26:14.254","79 59:55.545",40.43719864,-79.998703,NA,0,NA,"N",NA,NA,0,"","N",NA,NA,NA,"","","","","","","","",2012100563,0,1,1,0,0,0,0,0,0,0,0,0,0,0,0,0,0,1,0,0,1,0,0,1,0,0,0,0,0,0,0,0,0,0,0,0,1,0,0,0,0,0,0,0,0,0,0,0,0,0,0,0,0,0,0,0,0,0,0,0,0,0,0,0,0,0,0,0,0,0,0,0,1,1,0,1,0,1,0,0,0,0,0,0,0,0,0,0,0,2012100563,3,3,3,2,2,"E",2,2208,25,10,2555,"ALLIES OF THE BL"
"798",2012100926,11,2,2301,2301,2012,10,3,1443,14,1,1,0,4,1,2,0,3,0,"N","N",2,2,1,1,0,0,0,0,0,0,1,0,1,0,0,1,0,0,0,0,0,0,0,0,0,0,0,0,0,0,0,4,0,0,0,0,0,0,0,0,"40 27:16.408","79 56:47.754",40.45449829,-79.94670105,NA,0,NA,"N",NA,NA,0,"","N",NA,NA,NA,"","","","","","","","",2012100926,0,1,1,0,0,0,0,0,0,0,0,0,0,0,0,0,0,1,0,0,1,0,0,1,0,0,0,0,0,0,0,0,0,0,0,0,1,0,0,0,0,0,0,0,0,0,0,0,0,0,0,0,0,0,0,0,0,0,0,0,0,0,0,0,0,0,0,0,0,0,0,0,0,1,0,0,0,0,0,0,0,1,0,0,0,0,0,0,0,2012100926,3,3,3,2,4,"E",2,400,55,50,1885,"BAUM BL"
"800",2012102171,11,2,2301,2301,2012,10,7,1958,19,3,1,0,6,1,2,0,3,0,"N","N",2,2,1,0,0,0,0,0,1,0,1,0,1,0,0,0,1,0,0,0,0,0,0,0,0,0,0,0,0,0,0,8,0,0,0,0,0,0,1,0,"40 27:52.570","79 57:01.458",40.46459961,-79.95040131,NA,0,NA,"N",NA,NA,0,"","N",NA,NA,NA,"","","","","","","","",2012102171,0,0,1,1,0,0,0,0,0,0,0,1,0,0,0,0,0,1,0,0,1,0,0,1,0,0,0,0,0,0,0,0,0,0,0,0,1,0,0,0,0,0,0,0,0,0,0,0,0,0,0,0,0,0,1,0,0,0,1,0,0,0,0,0,0,0,0,0,0,0,0,0,0,1,0,0,0,0,0,0,1,0,0,0,0,0,0,0,0,2012102171,3,4,NA,2,1,"S",4,NA,25,NA,NA,"ELLA ST"
"801",2012103184,11,2,2301,2301,2012,10,3,1605,16,1,1,0,4,1,1,0,3,0,"N","N",2,2,1,1,0,0,0,0,0,0,1,0,1,0,0,1,0,0,0,0,0,0,0,0,0,0,0,0,0,0,0,4,0,0,0,0,0,1,0,0,"40 26:23.251","79 55:23.066",40.43980026,-79.92310333,NA,0,NA,"N",NA,NA,0,"","N",NA,NA,NA,"","","","","","","","",2012103184,0,0,1,1,0,0,0,0,0,0,0,0,0,0,0,0,0,1,0,0,1,0,0,1,0,0,0,0,0,0,0,0,0,0,0,0,1,0,0,0,0,0,0,0,0,0,0,0,0,0,0,0,0,0,1,0,0,0,0,0,0,0,1,0,0,0,0,1,0,0,0,0,0,1,0,0,0,0,0,0,0,1,0,0,0,0,0,0,0,2012103184,3,4,NA,2,2,"E",4,NA,25,NA,NA,"AYLESBORO AV"
"804",2012107351,11,2,2301,2301,2012,10,7,135,1,3,1,0,5,2,0,0,3,0,"N","N",2,1,1,0,0,0,0,0,0,0,1,0,1,0,1,0,0,0,0,0,0,0,0,0,0,0,0,0,0,0,0,3,0,0,0,0,0,0,0,0,"40 27:43.851","79 57:39.880",40.46220016,-79.96109772,NA,0,NA,"N",NA,NA,0,"","N",NA,NA,NA,"","","","","","","","",2012107351,0,0,1,1,0,0,0,0,0,0,0,0,0,1,0,0,0,1,0,1,0,0,0,0,0,0,0,0,0,0,0,0,0,0,0,0,1,0,0,0,0,1,0,0,0,0,0,0,0,0,0,0,0,0,0,0,0,0,0,0,0,0,0,0,0,0,0,0,0,0,1,0,0,1,0,0,0,0,0,0,1,0,1,0,0,0,0,0,0,2012107351,3,3,NA,2,4,"S",4,NA,35,NA,NA,"LIBERTY AV"
"805",2012107354,11,2,2301,2301,2012,10,7,200,2,3,1,0,4,1,1,2,3,3,"N","N",2,1,1,1,0,0,0,0,0,0,1,0,1,0,0,0,1,0,0,0,0,0,0,0,0,0,0,0,0,0,0,8,0,0,0,0,0,0,0,0,"40 27:41.680","79 58:01.653",40.46160126,-79.96710205,1,1,7,"N",NA,NA,3,"Y","N",NA,NA,NA,"","","","","","","","",2012107354,0,0,1,1,0,0,0,0,0,0,0,0,0,0,0,0,0,1,0,0,1,1,0,0,0,0,0,0,0,0,0,0,0,0,0,0,1,0,0,0,0,0,0,0,0,0,0,0,0,0,0,0,0,0,0,0,0,0,0,0,0,0,0,0,0,0,0,0,0,0,0,0,0,1,0,0,0,0,0,0,1,0,0,0,0,0,0,0,0,2012107354,3,4,NA,2,2,"N",4,NA,25,NA,NA,"HERRON AV"
"806",2012111700,11,2,2301,2301,2012,11,4,1707,17,3,1,0,8,4,0,0,3,0,"N","N",2,2,1,1,0,0,0,0,0,0,1,0,1,0,0,0,1,0,0,0,0,0,0,0,0,0,0,0,0,0,0,8,0,0,0,0,0,1,0,0,"40 27:27.597","79 55:57.396",40.45769882,-79.93260193,NA,0,NA,"N",NA,NA,0,"","N",NA,NA,NA,"","","","","","","","",2012111700,0,0,1,1,0,0,0,0,0,0,0,0,0,1,0,0,0,1,0,1,0,0,0,0,0,0,0,0,0,0,0,0,0,0,0,0,1,0,0,0,0,0,0,0,0,0,0,0,0,0,0,0,0,0,0,0,0,0,0,0,0,0,0,0,0,0,0,1,0,0,0,0,0,1,0,0,0,0,0,0,1,0,0,0,0,0,0,0,0,2012111700,3,3,NA,2,2,"U",4,NA,25,NA,NA,"CENTRE AV"
"807",2012113233,11,2,2301,2301,2012,11,1,2030,20,3,1,0,4,1,2,0,3,0,"N","N",2,2,1,1,0,0,0,0,0,0,1,0,1,0,0,0,1,0,0,0,0,0,0,0,0,0,0,0,0,0,0,8,0,0,0,0,0,0,1,0,"40 27:51.887","80 03:11.371",40.46419907,-80.0530014,NA,0,NA,"N",NA,NA,0,"","N",NA,NA,NA,"","","","","","","","",2012113233,0,1,1,0,0,0,0,0,0,0,0,0,0,0,0,0,0,1,0,0,1,0,0,1,0,0,0,0,0,0,0,0,0,0,0,0,1,0,0,0,0,0,0,0,0,0,0,0,0,0,0,0,0,0,0,0,0,0,1,0,0,0,0,0,0,0,0,0,0,0,0,0,0,1,0,0,0,0,0,0,1,0,0,0,0,0,0,0,0,2012113233,3,3,3,2,2,"B",2,51,35,480,2980,"WEST CARSON ST"
"808",2012113846,11,2,2301,2301,2012,11,3,1305,13,1,1,0,5,1,1,3,3,0,"N","N",2,2,1,0,0,0,1,0,0,0,1,0,1,0,0,1,0,1,0,0,0,0,0,0,0,0,0,0,0,0,0,4,0,0,0,0,0,0,0,0,"40 26:38.488","79 55:33.636",40.44400024,-79.9260025,NA,0,NA,"N",NA,NA,3,"","N",NA,NA,NA,"","","","","","","","",2012113846,0,1,1,0,0,0,0,0,0,0,0,0,0,0,0,0,0,1,0,0,1,0,1,1,0,0,0,0,0,0,0,0,0,0,0,0,1,0,0,0,0,0,0,0,0,0,0,0,0,0,0,0,0,0,1,0,0,0,0,0,0,0,0,0,0,0,0,0,0,0,0,0,0,1,0,0,0,0,0,0,0,1,0,0,0,0,0,0,0,2012113846,3,3,3,2,2,"E",2,2108,25,120,1608,"WILKINS AV"
"809",2012114579,11,2,2301,2301,2012,11,4,1918,19,3,1,0,4,1,1,0,3,0,"N","N",2,2,1,0,0,0,0,0,1,0,1,0,1,0,1,0,0,0,0,0,0,0,0,0,0,0,0,0,0,0,0,3,0,0,0,0,0,0,0,0,"40 26:46.806","79 57:20.055",40.44630051,-79.95559692,1,2,2,"N",NA,NA,0,"Y","N",NA,NA,NA,"","","","","","","","",2012114579,0,0,1,1,0,0,0,0,0,0,0,0,0,0,0,0,0,1,0,0,1,0,0,1,0,0,0,0,0,0,0,0,0,0,0,0,1,0,0,0,0,0,0,0,0,0,0,0,0,0,0,0,0,0,1,0,0,0,0,0,0,0,0,0,0,0,0,0,0,0,0,0,0,1,0,0,0,0,0,0,1,0,1,0,0,0,0,0,0,2012114579,3,4,NA,2,2,"S",4,NA,25,NA,NA,"LYTTON ST"
"811",2012120699,11,2,2301,2301,2012,11,6,1826,18,2,1,0,2,1,2,0,3,0,"N","N",2,3,1,1,0,0,0,0,0,0,1,0,1,0,1,0,0,0,1,0,0,0,0,0,0,0,0,0,0,0,0,3,0,0,0,0,0,0,0,0,"40 28:11.397","79 57:49.382",40.46979904,-79.96369934,1,1,4,"N",NA,NA,0,"N","N",NA,NA,NA,"","","","","","","","",2012120699,0,1,1,0,0,0,0,0,0,0,0,1,0,0,0,0,0,1,0,0,1,0,0,1,0,0,0,0,0,0,0,0,0,0,0,0,1,0,0,0,0,0,0,0,0,0,0,0,0,0,0,0,0,0,0,0,0,0,0,0,1,0,0,0,0,0,0,0,0,0,0,0,0,1,0,0,0,0,0,0,1,0,1,0,0,0,0,0,0,2012120699,3,3,3,2,3,"B",2,2124,45,10,0,"WASHINGTON CR. BR/40TH ST"
"812",2012125729,11,2,2301,2503,2012,12,4,1630,16,1,1,0,5,1,2,0,3,0,"N","N",2,3,1,0,0,1,0,0,0,0,1,0,2,0,1,1,0,0,0,0,0,0,0,0,0,0,0,0,0,0,1,3,0,0,0,0,0,1,0,0,"40 26:39.822","79 56:55.040",40.44440079,-79.94860077,2,1,3,"N",NA,NA,0,"N","N",NA,NA,NA,"","","","","","","","",2012125729,0,1,1,0,0,0,0,0,0,0,0,0,0,0,0,0,0,1,0,0,1,0,0,1,0,0,0,0,0,0,0,0,0,0,0,0,1,0,0,0,0,0,0,0,0,0,0,0,0,0,0,0,0,0,0,0,0,0,0,0,0,0,1,0,0,0,0,1,0,0,0,0,0,1,1,0,0,0,0,0,0,1,1,0,0,0,0,0,0,2012125729,3,3,3,2,2,"E",2,2108,25,100,605,"FORBES AV"
"813",2012128851,11,2,2301,2301,2012,12,5,1725,17,3,2,1,1,1,2,2,3,0,"N","N",2,2,1,0,0,0,0,0,1,0,1,0,1,1,0,0,0,0,1,0,0,0,0,0,0,0,1,0,0,0,0,2,0,0,0,0,0,0,0,0,"40 27:55.000","79 57:04.849",40.46530151,-79.95130157,NA,0,NA,"N",NA,NA,3,"","N",NA,NA,NA,"","","","","","","","",2012128851,0,0,1,1,0,1,0,0,0,0,1,0,0,0,0,0,1,1,0,0,1,1,0,0,0,0,0,0,0,0,0,0,0,0,0,0,1,0,0,0,0,0,0,0,0,0,0,0,0,0,0,0,0,0,0,0,0,0,0,0,1,0,0,0,0,0,0,0,0,0,0,0,0,1,0,0,0,0,0,0,1,0,0,1,0,0,0,0,0,2012128851,3,4,NA,2,2,"E",4,NA,25,NA,NA,"CARROLL ST"
"815",2013005387,11,2,2301,2301,2013,1,2,1809,18,3,1,0,4,1,1,2,3,0,"N","N",2,2,1,0,0,0,0,0,0,1,1,0,1,0,0,0,1,0,0,0,0,0,0,0,0,0,0,0,0,0,0,8,0,0,0,0,0,0,0,0,"40 27:49.482","79 55:25.586",40.46369934,-79.92379761,NA,0,NA,"N",NA,NA,3,"","N",NA,NA,NA,"","","","","","","","",2013005387,0,1,1,0,0,0,0,0,0,0,0,0,0,0,0,0,0,1,0,0,1,1,0,0,0,0,0,0,0,0,0,0,0,0,0,0,1,0,0,0,0,0,0,0,0,0,0,0,0,0,0,0,0,0,1,0,0,0,0,0,0,0,0,0,0,0,0,0,0,0,0,0,0,1,0,0,0,0,0,0,1,0,0,0,0,0,0,0,0,2013005387,3,3,3,2,2,"W",2,2380,55,21,792,"PENN CR"
"816",2013005620,11,2,2301,2301,2013,1,2,2255,22,3,1,0,8,1,2,2,3,0,"N","N",2,2,1,1,0,0,0,0,0,0,1,0,1,0,0,1,0,1,0,0,0,0,0,0,0,0,0,0,0,0,0,4,0,0,0,0,0,0,0,0,"40 24:40.705","79 56:41.032",40.41130066,-79.94470215,NA,0,NA,"N",NA,NA,3,"","N",NA,NA,NA,"","","","","","","","",2013005620,0,1,1,0,0,0,0,0,0,0,0,0,0,0,0,0,0,1,0,0,1,1,0,0,0,0,0,0,0,0,0,0,0,0,0,0,1,0,0,0,0,0,0,0,0,0,0,0,0,0,0,0,0,0,0,0,0,0,0,0,0,0,0,0,0,0,0,0,0,0,0,0,0,1,0,0,0,0,0,0,1,1,0,0,0,0,0,0,0,2013005620,3,3,3,2,3,"B",2,885,25,260,611,"SECOND AV"
"818",2013010061,11,2,2301,2301,2013,1,7,1318,13,1,1,4,4,1,1,3,3,0,"N","N",2,3,1,0,0,0,0,0,1,0,1,0,1,0,1,0,0,0,0,0,0,0,0,0,0,0,0,0,0,0,0,3,0,0,0,0,0,0,0,0,"40 23:21.404","79 59:37.071",40.3893013,-79.99359894,NA,0,NA,"N",NA,NA,3,"","N",NA,NA,NA,"","","","","","","","",2013010061,0,0,1,1,0,0,1,0,0,0,0,0,0,0,0,0,0,1,0,0,1,0,1,1,0,0,0,0,0,0,0,0,0,0,0,0,1,0,0,0,0,0,0,0,0,0,0,0,0,0,0,0,0,0,0,0,0,0,0,0,0,0,0,0,0,0,0,0,0,0,0,0,0,1,0,0,0,0,0,0,0,0,1,0,0,0,0,0,0,2013010061,3,4,NA,2,2,"E",4,NA,25,NA,NA,"QUEENSTON ST"
"820",2013019808,11,2,2301,2301,2013,2,5,2126,21,3,1,0,1,1,1,2,3,0,"N","N",2,2,1,0,0,0,1,0,0,0,1,0,1,0,0,1,0,0,0,0,0,0,0,0,0,0,0,0,0,0,0,4,0,0,0,0,0,0,0,0,"40 26:50.730","79 56:32.895",40.44739914,-79.94249725,NA,0,NA,"N",NA,NA,3,"","N",NA,NA,NA,"","","","","","","","",2013019808,0,0,1,1,0,0,0,0,0,0,1,0,0,0,0,0,0,1,0,0,1,1,0,0,0,0,0,0,0,0,0,0,0,0,0,0,1,0,0,0,0,0,0,0,0,0,0,0,0,0,0,0,0,0,0,0,0,0,0,0,0,0,0,0,0,0,0,0,0,0,0,0,0,1,0,0,0,0,0,0,1,1,0,0,0,0,0,0,0,2013019808,3,4,NA,2,2,"S",4,NA,25,NA,NA,"MOREWOOD AV"
"821",2013020277,11,2,2301,2301,2013,2,7,228,2,3,1,0,1,1,1,2,3,0,"N","N",3,5,2,1,0,0,0,0,0,1,1,0,3,0,2,1,0,0,0,0,0,0,0,0,0,0,0,0,0,0,1,3,0,0,0,0,0,0,0,0,"40 25:43.581","79 59:07.240",40.42879868,-79.98529816,NA,0,NA,"N",NA,NA,3,"","N",NA,NA,NA,"","","","","","","","",2013020277,0,1,1,0,0,0,0,0,0,0,1,0,0,0,0,0,0,1,0,0,1,1,0,0,0,0,0,0,0,1,0,0,0,0,0,0,1,0,0,0,0,1,1,0,0,0,0,0,0,0,0,0,1,1,1,0,0,0,0,0,0,0,0,0,0,0,0,0,1,0,0,0,0,1,1,1,0,0,0,0,1,1,1,0,0,0,0,0,0,2013020277,3,3,3,2,2,"B",2,837,25,540,932,"EAST CARSON ST"
"822",2013020720,11,2,2301,2301,2013,2,1,1845,18,3,1,0,8,1,1,2,3,0,"N","N",2,2,1,1,0,0,0,0,0,0,1,0,2,0,1,1,0,0,0,0,0,0,0,0,0,0,0,0,0,0,0,3,0,0,0,0,0,1,0,0,"40 26:17.818","79 59:45.880",40.43830109,-79.99610138,1,1,4,"N",NA,NA,3,"N","N",NA,NA,NA,"","","","","","","","",2013020720,0,0,1,1,0,0,0,0,0,0,0,0,0,0,0,0,0,1,0,0,1,1,0,0,0,0,0,0,0,0,0,0,0,0,0,0,1,0,0,0,0,0,0,0,0,0,0,0,0,0,0,0,0,0,0,0,0,0,0,0,0,0,0,0,0,0,0,1,0,0,0,0,0,1,0,0,0,0,0,0,1,1,1,0,0,0,0,0,0,2013020720,3,4,NA,2,3,"W",4,NA,25,NA,NA,"ROSS ST"
"823",2013020747,11,2,2301,2301,2013,2,1,2100,21,3,1,0,4,1,1,2,3,0,"N","N",2,2,1,0,0,0,1,0,0,0,1,0,1,0,0,1,0,0,0,0,0,0,0,0,0,0,0,0,0,0,0,4,0,0,0,0,0,0,0,0,"40 27:26.053","79 56:02.637",40.4571991,-79.93409729,NA,0,NA,"N",NA,NA,3,"","N",NA,NA,NA,"","","","","","","","",2013020747,0,0,1,1,0,0,0,0,0,0,0,0,0,0,0,0,0,1,0,0,1,1,0,0,0,0,0,0,0,0,0,0,0,0,0,0,1,0,0,0,0,0,0,0,0,0,0,0,0,0,0,0,0,0,0,0,0,0,0,0,0,0,1,0,0,0,0,0,0,0,0,0,0,1,0,0,0,0,0,0,1,1,0,0,0,0,0,0,0,2013020747,3,4,NA,2,2,"S",4,NA,25,NA,NA,"S NEGLEY AV"
"824",2013026863,11,2,2301,2503,2013,3,4,1135,11,1,4,1,5,1,3,2,3,0,"N","N",3,3,2,1,0,1,0,0,0,0,1,0,1,0,0,0,1,0,1,0,0,0,0,0,0,0,0,0,0,0,1,8,0,0,0,0,0,2,0,0,"40 26:35.894","79 59:47.648",40.44329834,-79.99659729,2,1,3,"N",NA,NA,3,"N","N",NA,NA,NA,"","","","","","","","",2013026863,0,0,1,1,0,1,0,0,0,0,0,0,0,0,0,0,0,1,0,0,1,1,0,0,0,0,0,0,0,0,0,0,0,0,0,0,1,0,0,0,0,0,0,0,0,0,0,0,0,0,0,0,0,0,0,0,0,0,0,0,1,0,0,0,0,0,0,1,0,0,0,0,0,1,1,0,0,0,0,0,0,0,0,0,0,0,0,0,0,2013026863,3,4,NA,2,3,"N",4,NA,25,NA,NA,"SMITHFIELD ST"
"825",2013027472,11,2,2301,2301,2013,3,5,2214,22,3,1,0,4,1,2,2,3,0,"N","N",2,2,1,1,0,0,0,0,0,0,1,0,1,0,0,0,1,0,0,0,0,0,0,0,0,0,0,0,0,0,0,8,0,0,0,0,0,0,0,0,"40 24:39.806","79 57:19.947",40.41109848,-79.95549774,1,1,4,"N",NA,NA,3,"N","N",NA,NA,NA,"","","","","","","","",2013027472,0,1,1,0,0,0,0,0,0,0,0,0,0,0,0,0,0,1,0,0,1,1,0,0,0,0,0,0,0,0,0,0,0,0,0,0,1,0,0,0,0,0,0,0,0,0,0,0,0,0,0,0,0,0,0,0,0,0,0,0,0,0,0,0,0,0,0,0,0,0,0,0,0,1,0,0,0,0,0,0,1,0,0,0,0,0,0,0,0,2013027472,3,3,3,2,2,"B",2,837,55,490,505,"EAST CARSON ST"
"826",2013031547,11,2,2301,2301,2013,3,3,1150,11,1,1,0,5,1,1,2,3,0,"N","N",2,2,1,0,0,0,0,0,0,0,1,0,1,0,0,1,0,1,0,0,0,0,0,0,0,0,0,0,0,0,0,4,0,0,0,0,0,0,0,0,"40 26:51.748","79 56:19.939",40.4477005,-79.93890381,NA,0,NA,"N",NA,NA,3,"","N",NA,NA,NA,"","","","","","","","",2013031547,0,0,1,1,0,0,0,0,0,0,0,0,0,0,0,0,0,1,0,0,1,1,0,0,0,0,0,0,0,0,0,0,0,0,0,0,1,0,0,0,0,0,0,0,0,0,0,0,0,0,0,0,0,0,0,0,0,0,0,0,0,0,0,0,0,0,0,0,0,0,0,0,0,1,0,0,0,0,0,0,0,1,0,0,0,0,0,0,0,2013031547,3,4,NA,2,2,"N",4,NA,25,NA,NA,"AMBERSON AV"
"827",2013031778,11,2,2301,2301,2013,3,3,1910,19,1,1,0,4,1,1,2,3,0,"N","N",2,2,1,1,0,0,0,0,0,0,1,0,1,0,1,0,0,0,0,0,0,0,0,0,0,0,0,0,0,0,0,3,0,0,0,0,0,1,0,0,"40 26:16.965","79 55:39.648",40.43799973,-79.92769623,1,1,7,"N",NA,NA,3,"N","N",NA,NA,NA,"","","","","","","","",2013031778,0,0,1,1,0,0,0,0,0,0,0,0,0,0,0,0,0,1,0,0,1,1,0,0,0,0,0,0,0,0,0,0,0,0,0,0,1,0,0,0,0,0,0,0,0,0,0,0,0,0,0,0,0,0,0,0,0,0,0,0,0,0,1,0,0,0,0,1,0,0,0,0,0,1,0,0,0,0,0,0,0,0,1,0,0,0,0,0,0,2013031778,3,4,NA,2,2,"N",4,NA,25,NA,NA,"WIGHTMAN ST"