"","CRASH_CRN","DISTRICT","CRASH_COUNTY","MUNICIPALITY","POLICE_AGCY","CRASH_YEAR","CRASH_MONTH","DAY_OF_WEEK","TIME_OF_DAY","HOUR_OF_DAY","ILLUMINATION","WEATHER","ROAD_CONDITION","COLLISION_TYPE","RELATION_TO_ROAD","INTERSECT_TYPE","TCD_TYPE","URBAN_RURAL","LOCATION_TYPE","SCH_BUS_IND","SCH_ZONE_IND","TOTAL_UNITS","PERSON_COUNT","VEHICLE_COUNT","AUTOMOBILE_COUNT","MOTORCYCLE_COUNT","BUS_COUNT","SMALL_TRUCK_COUNT","HEAVY_TRUCK_COUNT","SUV_COUNT","VAN_COUNT","BICYCLE_COUNT","FATAL_COUNT","INJURY_COUNT","MAJ_INJ_COUNT","MOD_INJ_COUNT","MIN_INJ_COUNT","UNK_INJ_DEG_COUNT","UNK_INJ_PER_COUNT","UNBELTED_OCC_COUNT","UNB_DEATH_COUNT","UNB_MAJ_INJ_COUNT","BELTED_DEATH_COUNT","BELTED_MAJ_INJ_COUNT","MCYCLE_DEATH_COUNT","MCYCLE_MAJ_INJ_COUNT","BICYCLE_DEATH_COUNT","BICYCLE_MAJ_INJ_COUNT","PED_COUNT","PED_DEATH_COUNT","PED_MAJ_INJ_COUNT","COMM_VEH_COUNT","MAX_SEVERITY_LEVEL","DRIVER_COUNT_16YR","DRIVER_COUNT_17YR","DRIVER_COUNT_18YR","DRIVER_COUNT_19YR","DRIVER_COUNT_20YR","DRIVER_COUNT_50_64YR","DRIVER_COUNT_65_74YR","DRIVER_COUNT_75PLUS","LATITUDE","LONGITUDE","DEC_LAT","DEC_LONG","EST_HRS_CLOSED","LANE_CLOSED","LN_CLOSE_DIR","NTFY_HIWY_MAINT","RDWY_SURF_TYPE_CD","SPEC_JURIS_CD","TCD_FUNC_CD","TFC_DETOUR_IND","WORK_ZONE_IND","WORK_ZONE_TYPE","WORK_ZONE_LOC","CONS_ZONE_SPD_LIM","WORKERS_PRES","WZ_CLOSE_DETOUR","WZ_FLAGGER","WZ_LAW_OFFCR_IND","WZ_LN_CLOSURE","WZ_MOVING","WZ_OTHER","WZ_SHLDER_MDN","FLAG_CRN","INTERSTATE","STATE_ROAD","LOCAL_ROAD","LOCAL_ROAD_ONLY","TURNPIKE","WET_ROAD","SNOW_SLUSH_ROAD","ICY_ROAD","SUDDEN_DEER","SHLDR_RELATED","REAR_END","HO_OPPDIR_SDSWP","HIT_FIXED_OBJECT","SV_RUN_OFF_RD","WORK_ZONE","PROPERTY_DAMAGE_ONLY","FATAL_OR_MAJ_INJ","INJURY","FATAL","NON_INTERSECTION","INTERSECTION","SIGNALIZED_INT","STOP_CONTROLLED_INT","UNSIGNALIZED_INT","SCHOOL_BUS","SCHOOL_ZONE","HIT_DEER","HIT_TREE_SHRUB","HIT_EMBANKMENT","HIT_POLE","HIT_GDRAIL","HIT_GDRAIL_END","HIT_BARRIER","HIT_BRIDGE","OVERTURNED","MOTORCYCLE","BICYCLE","HVY_TRUCK_RELATED","VEHICLE_FAILURE","TRAIN_TROLLEY","PHANTOM_VEHICLE","ALCOHOL_RELATED","DRINKING_DRIVER","UNDERAGE_DRNK_DRV","UNLICENSED","CELL_PHONE","NO_CLEARANCE","RUNNING_RED_LT","TAILGATING","CROSS_MEDIAN","CURVE_DVR_ERROR","LIMIT_65MPH","SPEEDING","SPEEDING_RELATED","AGGRESSIVE_DRIVING","FATIGUE_ASLEEP","DRIVER_16YR","DRIVER_17YR","DRIVER_65_74YR","DRIVER_75PLUS","UNBELTED","PEDESTRIAN","DISTRACTED","CURVED_ROAD","DRIVER_18YR","DRIVER_19YR","DRIVER_20YR","DRIVER_50_64YR","VEHICLE_TOWED","FIRE_IN_VEHICLE","HIT_PARKED_VEHICLE","MC_DRINKING_DRIVER","DRUGGED_DRIVER","INJURY_OR_FATAL","COMM_VEHICLE","IMPAIRED_DRIVER","DEER_RELATED","DRUG_RELATED","HAZARDOUS_TRUCK","ILLEGAL_DRUG_RELATED","ILLUMINATION_DARK","MINOR_INJURY","MODERATE_INJURY","MAJOR_INJURY","NHTSA_AGG_DRIVING","PSP_REPORTED","RUNNING_STOP_SIGN","TRAIN","TROLLEY","ROADWAY_CRN","RDWY_SEQ_NUM","ADJ_RDWY_SEQ","ACCESS_CTRL","ROADWAY_COUNTY","LANE_COUNT","RDWY_ORIENT","ROAD_OWNER","ROUTE","SPEED_LIMIT","SEGMENT","OFFSET","STREET_NAME"
"830",2013039060,11,2,2301,2301,2013,4,7,141,1,3,1,0,8,1,1,2,3,0,"N","N",2,2,1,1,0,0,0,0,0,0,1,0,1,0,0,1,0,1,0,0,0,0,0,0,0,0,0,0,0,0,0,4,0,0,0,0,0,0,0,0,"40 27:45.673","79 57:03.412",40.46269989,-79.95089722,1,1,1,"N",NA,NA,3,"Y","N",NA,NA,NA,"","","","","","","","",2013039060,0,0,1,1,0,0,0,0,0,0,0,0,0,0,0,0,0,1,0,0,1,1,0,0,0,0,0,0,0,0,0,0,0,0,0,0,1,0,0,0,0,0,0,0,0,0,0,0,0,0,0,0,0,0,0,0,0,0,0,0,0,0,0,0,0,0,0,0,0,0,0,0,0,1,0,0,0,0,0,0,1,1,0,0,0,0,0,0,0,2013039060,3,4,NA,2,1,"N",4,NA,25,NA,NA,"TAYLOR ST"
"831",2013042857,11,2,2301,2301,2013,4,2,1708,17,1,1,0,8,1,2,0,3,0,"N","N",2,2,1,0,0,0,0,0,1,0,1,0,1,1,0,0,0,0,0,0,0,0,0,0,0,0,1,0,0,0,0,2,0,0,0,0,0,0,0,0,"40 26:45.060","79 54:04.885",40.44589996,-79.90139771,3,2,5,"N",NA,NA,0,"Y","N",NA,NA,NA,"","","","","","","","",2013042857,0,0,1,1,0,0,0,0,0,0,0,0,0,0,0,0,1,1,0,0,1,0,0,1,0,0,0,0,0,0,0,0,0,0,0,0,1,0,0,0,0,0,0,0,0,0,0,0,0,0,0,0,0,0,0,0,0,0,0,0,0,0,0,0,0,0,0,0,1,0,0,0,0,1,0,0,0,0,0,0,0,0,0,1,0,0,0,0,0,2013042857,3,4,NA,2,2,"S",4,NA,25,NA,NA,"S LEXINGTON ST"
"832",2013044010,11,2,2301,2301,2013,4,4,1745,17,1,1,0,6,1,0,0,3,0,"N","N",2,5,1,0,0,0,0,0,1,0,1,0,1,0,0,0,1,0,0,0,0,0,0,0,0,0,0,0,0,0,0,8,0,0,0,0,0,1,0,0,"40 26:21.350","79 59:27.110",40.43930054,-79.99089813,NA,0,NA,"N",NA,NA,0,"","N",NA,NA,NA,"","","","","","","","",2013044010,0,0,1,1,0,0,0,0,0,0,0,1,0,0,0,0,0,1,0,1,0,0,0,0,0,0,0,0,0,0,0,0,0,0,0,0,1,0,0,0,0,0,0,0,0,0,0,0,0,0,0,0,0,0,1,0,0,0,0,0,0,0,0,0,0,0,0,1,0,0,0,0,0,1,0,0,0,0,0,0,0,0,0,0,0,0,0,0,0,2013044010,3,3,NA,2,4,"N",4,NA,25,NA,NA,"WASHINGTON PL"
"833",2013044427,11,2,2301,2301,2013,4,7,1150,11,1,1,0,4,1,0,0,3,0,"N","N",2,2,1,0,0,0,0,0,1,0,1,0,1,0,0,1,0,0,0,0,0,0,0,0,0,0,0,0,0,0,0,4,0,0,0,0,1,0,0,0,"40 26:21.051","79 57:59.439",40.43920135,-79.96649933,NA,0,NA,"N",NA,NA,0,"","N",NA,NA,NA,"","","","","","","","",2013044427,0,0,1,1,0,0,0,0,0,0,0,0,0,0,0,0,0,1,0,1,0,0,0,0,0,0,0,0,0,0,0,0,0,0,0,0,1,0,0,0,0,0,0,0,0,0,0,0,0,0,0,0,0,0,0,0,0,0,0,0,0,0,0,0,0,0,1,0,0,0,0,0,0,1,0,0,0,0,0,0,0,1,0,0,0,0,0,0,0,2013044427,3,3,NA,2,2,"E",4,NA,25,NA,NA,"BURROWS ST"
"834",2013045332,11,2,2301,2301,2013,4,3,1345,13,1,1,0,2,1,1,3,3,0,"N","N",2,2,1,1,0,0,0,0,0,0,1,0,1,0,0,0,1,0,0,0,0,0,0,0,0,0,0,0,0,0,0,8,0,0,0,0,0,1,0,0,"40 26:25.666","79 56:31.830",40.44049835,-79.94219971,1,2,5,"N",NA,NA,3,"N","N",NA,NA,NA,"","","","","","","","",2013045332,0,0,1,1,0,0,0,0,0,0,0,1,0,0,0,0,0,1,0,0,1,0,1,1,0,0,0,0,0,0,0,0,0,0,0,0,1,0,0,0,0,0,0,0,0,0,1,0,0,0,0,0,0,0,1,0,0,0,0,0,0,0,0,0,0,0,0,1,0,0,0,0,0,1,0,0,0,0,0,0,0,0,0,0,0,0,0,0,0,2013045332,3,4,NA,2,2,"N",4,NA,20,NA,NA,"TECH ST"
"835",2013046748,11,2,2301,2301,2013,5,7,1649,16,1,1,0,4,1,1,3,3,0,"N","N",2,2,1,1,0,0,0,0,0,0,1,0,1,0,1,0,0,0,0,0,0,0,0,0,0,0,0,0,0,0,0,3,0,0,0,0,0,0,0,0,"40 23:21.404","79 59:37.071",40.3893013,-79.99359894,NA,0,NA,"N",NA,NA,3,"","N",NA,NA,NA,"","","","","","","","",2013046748,0,0,1,1,0,0,0,0,0,0,0,0,0,0,0,0,0,1,0,0,1,0,1,1,0,0,0,0,0,0,0,0,0,0,0,0,1,0,0,0,0,0,0,0,0,0,0,0,0,0,0,0,0,0,0,0,0,0,0,0,0,0,0,0,0,0,0,0,0,0,0,0,0,1,0,0,0,0,0,0,0,0,1,0,0,0,0,0,0,2013046748,3,4,NA,2,2,"E",4,NA,25,NA,NA,"WALTON AV"
"837",2013052204,11,2,2301,2301,2013,5,3,835,8,1,1,0,4,1,2,0,3,0,"N","N",2,3,1,1,0,0,0,0,0,0,1,0,1,0,0,1,0,0,0,0,0,0,0,0,0,0,0,0,0,0,0,4,0,0,0,0,0,0,0,0,"40 27:17.882","79 56:42.711",40.45489883,-79.94529724,NA,0,NA,"N",NA,NA,0,"","N",NA,NA,NA,"","","","","","","","",2013052204,0,1,1,0,0,0,0,0,0,0,0,0,0,0,0,0,0,1,0,0,1,0,0,1,0,0,0,0,0,0,0,0,0,0,0,0,1,0,0,0,0,0,0,0,0,0,0,0,0,0,0,0,0,0,0,0,0,0,0,0,0,0,0,0,0,0,0,0,0,0,0,0,0,1,0,0,0,0,0,0,0,1,0,0,0,0,0,0,0,2013052204,3,3,3,2,4,"E",2,400,55,50,2300,"BAUM BL"
"838",2013052918,11,2,2301,2301,2013,5,6,1730,17,1,1,0,4,1,1,0,3,0,"N","N",2,2,1,1,0,0,0,0,0,0,1,0,1,0,0,1,0,0,0,0,0,0,0,0,0,0,0,0,0,0,0,4,0,0,0,0,0,0,0,0,"40 27:43.171","79 55:28.502",40.4620018,-79.92459869,NA,0,NA,"N",NA,NA,0,"","N",NA,NA,NA,"","","","","","","","",2013052918,0,0,1,1,0,0,0,0,0,0,0,0,0,0,0,0,0,1,0,0,1,0,0,1,0,0,0,0,0,0,0,0,0,0,0,0,1,0,0,0,0,0,0,0,0,0,0,0,0,0,0,0,0,0,0,0,0,0,0,0,0,0,0,0,0,0,0,0,0,0,0,0,0,1,0,0,0,0,0,0,0,1,0,0,0,0,0,0,0,2013052918,3,4,NA,2,2,"N",4,NA,25,NA,NA,"N HIGHLAND ST"
"839",2013053152,11,2,2301,2301,2013,5,5,1730,17,1,1,0,4,1,1,2,3,0,"N","N",2,2,1,0,0,0,0,0,1,0,1,0,1,0,0,0,1,0,0,0,0,0,0,0,0,0,0,0,0,0,0,8,0,0,0,0,0,1,0,0,"40 26:57.102","80 00:17.827",40.44919968,-80.00499725,1,1,1,"N",NA,NA,3,"Y","N",NA,NA,NA,"","","","","","","","",2013053152,0,0,1,1,0,0,0,0,0,0,0,0,0,0,0,0,0,1,0,0,1,1,0,0,0,0,0,0,0,0,0,0,0,0,0,0,1,0,0,0,0,0,0,0,0,0,0,0,0,0,0,0,0,0,0,0,0,0,0,0,0,0,0,0,0,0,0,1,0,0,0,0,0,1,0,0,0,0,0,0,0,0,0,0,0,0,0,0,0,2013053152,3,4,NA,2,2,"E",4,NA,25,NA,NA,"LACOCK ST"
"840",2013056929,11,2,2301,2503,2013,6,2,1614,16,1,1,0,4,1,2,2,3,0,"N","N",2,17,1,0,0,1,0,0,0,0,1,0,7,0,0,7,0,0,0,0,0,0,0,0,0,0,0,0,0,0,1,4,0,0,0,0,0,0,0,0,"40 26:34.425","79 59:53.242",40.44290161,-79.99810028,2,1,6,"N",NA,NA,3,"N","N",NA,NA,NA,"","","","","","","","",2013056929,0,0,1,1,0,0,0,0,0,0,0,0,0,0,0,0,0,1,0,0,1,1,0,0,0,0,0,0,0,0,0,0,0,0,0,0,1,0,0,0,0,0,0,0,0,0,0,0,0,0,0,0,0,0,0,0,0,0,0,0,0,0,0,0,0,0,0,0,0,0,0,0,0,1,1,0,0,0,0,0,0,1,0,0,0,0,0,0,0,2013056929,3,4,NA,2,3,"N",4,NA,25,NA,NA,"NINTH AV"
"842",2013059485,11,2,2301,2301,2013,6,2,1300,13,1,1,0,2,6,0,0,3,0,"N","N",2,2,1,1,0,0,0,0,0,0,1,0,1,0,0,0,1,0,1,0,0,0,0,0,0,0,0,0,0,0,0,8,0,0,0,0,0,0,0,0,"40 27:17.643","80 00:53.467",40.45489883,-80.01490021,NA,0,NA,"N",NA,NA,0,"","N",NA,NA,NA,"","","","","","","","",2013059485,0,0,1,1,0,0,0,0,0,0,0,1,0,0,0,0,0,1,0,1,0,0,0,0,0,0,0,0,0,0,0,0,0,0,0,0,1,0,1,0,0,0,0,0,0,0,0,0,0,0,0,0,0,0,0,0,0,0,0,0,1,0,0,0,0,0,0,0,0,0,1,0,0,1,0,0,0,0,0,0,0,0,0,0,0,0,0,0,0,2013059485,3,3,NA,2,2,"N",4,NA,25,NA,NA,"BRIGHTON RD"
"843",2013059748,11,2,2301,2301,2013,6,2,44,0,3,1,0,4,1,1,2,3,0,"N","N",2,2,1,1,0,0,0,0,0,0,1,0,1,0,1,0,0,1,0,0,0,0,0,0,0,0,0,0,0,0,0,3,0,0,0,0,0,0,0,0,"40 26:49.423","79 56:50.276",40.44710159,-79.94730377,1,1,3,"N",NA,NA,3,"N","N",NA,NA,NA,"","","","","","","","",2013059748,0,0,1,1,0,0,0,0,0,0,0,0,0,0,0,0,0,1,0,0,1,1,0,0,0,0,0,0,0,0,0,0,0,0,0,0,1,0,0,0,0,0,0,0,0,0,0,0,0,0,0,0,0,0,1,0,0,0,0,0,0,0,0,0,0,0,0,0,0,0,0,0,0,1,0,0,0,0,0,0,1,0,1,0,0,0,0,0,0,2013059748,3,4,NA,2,2,"S",4,NA,25,NA,NA,"NEVILLE ST"
"847",2013060930,11,2,2301,2301,2013,6,6,1515,15,1,1,0,4,4,1,2,3,0,"N","N",2,2,1,1,0,0,0,0,0,0,1,0,1,0,0,1,0,1,0,0,0,0,0,0,0,0,0,0,0,0,0,4,0,0,0,0,0,0,0,0,"40 26:57.102","80 00:17.827",40.44919968,-80.00499725,1,1,2,"N",NA,NA,3,"Y","N",NA,NA,NA,"","","","","","","","",2013060930,0,0,1,1,0,0,0,0,0,0,0,0,0,1,0,0,0,1,0,0,1,1,0,0,0,0,0,0,0,0,0,0,0,0,0,0,1,0,0,0,0,0,0,0,0,0,0,0,0,0,0,0,0,0,0,0,0,0,0,0,0,0,0,0,0,0,0,0,0,0,0,0,0,1,0,0,0,0,0,0,0,1,0,0,0,0,0,0,0,2013060930,3,4,NA,2,4,"E",4,NA,35,NA,NA,"LACOCK ST"
"848",2013061125,11,2,2301,2301,2013,6,6,1936,19,1,1,0,4,1,1,0,3,0,"N","N",2,2,1,1,0,0,0,0,0,0,1,0,1,0,0,0,1,0,0,0,0,0,0,0,0,0,0,0,0,0,0,8,0,0,0,0,0,1,0,0,"40 27:03.682","79 59:08.700",40.45100021,-79.9858017,1,1,3,"N",NA,NA,0,"N","N",NA,NA,NA,"","","","","","","","",2013061125,0,0,1,1,0,0,0,0,0,0,0,0,0,0,0,0,0,1,0,0,1,0,0,1,0,0,0,0,0,0,0,0,0,0,0,0,1,0,0,0,0,0,0,0,0,0,0,0,0,0,0,0,0,0,1,0,0,0,0,0,0,0,1,0,0,0,0,1,0,0,0,0,0,1,0,0,0,0,0,0,0,0,0,0,0,0,0,0,0,2013061125,3,4,NA,2,2,"N",4,NA,25,NA,NA,"18TH ST"
"849",2013061544,11,2,2301,2301,2013,6,1,2222,22,3,1,0,4,1,2,2,3,0,"N","N",2,2,1,1,0,0,0,0,0,0,1,0,1,0,1,0,0,0,0,0,0,0,0,0,0,0,0,0,0,0,0,3,0,0,0,0,0,0,0,0,"40 26:59.348","79 55:46.761",40.44979858,-79.92970276,1,2,2,"N",NA,NA,3,"N","N",NA,NA,NA,"","","","","","","","",2013061544,0,0,1,1,0,0,0,0,0,0,0,0,0,0,0,0,0,1,0,0,1,1,0,0,0,0,0,0,0,0,0,0,0,0,0,0,1,0,0,0,0,1,1,0,0,0,0,0,0,0,0,0,0,0,1,0,0,0,0,0,0,0,0,0,0,0,0,0,1,0,0,0,0,1,0,1,0,0,0,0,1,0,1,0,0,0,0,0,0,2013061544,3,4,NA,2,2,"S",4,NA,25,NA,NA,"NEGLEY AV"
"851",2013063363,11,2,2301,2301,2013,6,4,1400,14,1,1,0,4,1,1,3,3,7,"N","N",2,2,1,0,0,0,0,0,1,0,1,0,1,0,1,0,0,0,0,0,0,0,0,0,0,0,0,0,0,0,0,3,0,0,0,0,0,1,0,0,"40 29:13.260","79 53:39.289",40.48699951,-79.89420319,2,1,1,"N",NA,NA,3,"Y","N",NA,NA,NA,"","","","","","","","",2013063363,0,1,1,0,0,0,0,0,0,0,0,0,0,0,0,0,0,1,0,0,1,0,1,1,0,0,0,0,0,0,0,0,0,0,0,0,1,0,0,0,0,0,0,0,0,0,0,0,0,0,0,0,0,0,0,0,0,0,0,0,0,0,0,0,0,0,0,1,0,0,0,0,0,1,0,0,0,0,0,0,0,0,1,0,0,0,0,0,0,2013063363,3,3,3,2,2,"E",2,1001,35,120,990,"FREEPORT RD"
"852",2013064011,11,2,2301,2301,2013,6,1,1829,18,8,9,8,9,9,1,3,3,0,"N","N",2,2,1,1,0,0,0,0,0,0,1,0,1,0,0,0,1,1,0,0,0,0,0,0,0,0,0,0,0,0,0,8,0,0,0,0,1,0,0,0,"40 23:17.613","79 59:17.898",40.38819885,-79.98829651,3,2,5,"N",NA,NA,3,"Y","N",NA,NA,NA,"","","","","","","","",2013064011,0,0,1,1,0,0,0,0,0,0,0,0,0,0,0,0,0,1,0,0,1,0,1,1,0,0,0,0,0,0,0,0,0,0,0,0,1,0,0,0,0,0,0,0,0,0,0,0,0,0,0,0,0,0,0,0,0,0,0,0,0,0,0,0,0,0,1,0,0,0,0,0,0,1,0,0,0,0,0,0,0,0,0,0,0,0,0,0,0,2013064011,3,4,NA,2,2,"E",4,NA,25,NA,NA,"OVERBROOK BL"
"853",2013064612,11,2,2301,2301,2013,6,3,1207,12,1,1,0,4,1,1,2,3,0,"N","N",2,2,1,1,0,0,0,0,0,0,1,0,1,0,0,0,1,0,0,0,0,0,0,0,0,0,0,0,0,0,0,8,0,0,0,0,0,0,0,0,"40 27:56.311","79 57:18.759",40.46559906,-79.9552002,NA,0,NA,"N",NA,NA,3,"","N",NA,NA,NA,"","","","","","","","",2013064612,0,0,1,1,0,0,0,0,0,0,0,0,0,0,0,0,0,1,0,0,1,1,0,0,0,0,0,0,0,0,0,0,0,0,0,0,1,0,0,0,0,0,0,0,0,0,0,0,0,0,0,0,0,0,0,0,0,0,0,0,0,0,0,0,0,0,0,0,0,0,0,0,0,1,0,0,0,0,0,0,0,0,0,0,0,0,0,0,0,2013064612,3,4,NA,2,2,"E",4,NA,25,NA,NA,"PENN AV"
"855",2013065081,11,2,2301,2301,2013,6,4,1900,19,4,1,0,5,1,0,0,3,0,"N","N",2,2,1,0,0,0,0,0,0,1,1,0,1,0,0,1,0,0,0,0,0,0,0,0,0,0,0,0,0,0,0,4,0,0,0,0,0,1,0,0,"40 28:01.274","79 57:50.842",40.46699905,-79.9641037,NA,0,NA,"N",NA,NA,0,"","N",NA,NA,NA,"","","","","","","","",2013065081,0,1,0,0,0,0,0,0,0,0,0,0,0,0,0,0,0,1,0,1,0,0,0,0,0,0,0,0,0,0,0,0,0,0,0,0,1,0,0,0,0,0,0,0,0,0,0,0,0,0,0,0,0,0,1,0,0,0,0,0,0,0,0,0,0,0,0,1,0,0,0,0,0,1,0,0,0,0,0,0,0,1,0,0,0,0,0,0,0,2013065081,3,3,3,2,2,"W",2,2122,25,30,901,"BUTLER ST"
"857",2013067099,11,2,2301,2301,2013,7,2,1902,19,1,1,0,2,1,2,3,3,0,"N","N",2,2,1,1,0,0,0,0,0,0,1,0,1,0,1,0,0,0,1,0,0,0,0,0,0,0,0,0,0,0,0,3,0,0,0,0,0,0,0,0,"40 25:18.418","80 00:08.791",40.42179871,-80.00240326,NA,0,NA,"N",NA,NA,3,"","N",NA,NA,NA,"","","","","","","","",2013067099,0,0,1,1,0,0,0,0,0,0,0,1,0,0,0,0,0,1,0,0,1,0,1,1,0,0,0,0,0,0,0,0,0,0,0,0,1,0,0,0,0,0,0,0,0,0,0,0,0,0,0,0,0,0,0,0,0,0,0,0,1,0,0,0,0,0,0,0,0,0,0,0,0,1,0,0,0,0,0,0,0,0,1,0,0,0,0,0,0,2013067099,3,4,NA,2,2,"E",4,NA,25,NA,NA,"HABERMAN ST"
"860",2013069807,11,2,2301,2301,2013,7,4,1930,19,1,2,1,4,1,2,0,3,0,"N","N",2,4,1,0,0,0,0,0,1,0,1,0,1,0,1,0,0,0,3,0,0,0,0,0,0,0,0,0,0,0,0,3,0,0,0,0,0,0,0,0,"40 27:27.370","79 59:45.870",40.45759964,-79.99610138,1,2,3,"N",NA,NA,0,"N","N",NA,NA,NA,"","","","","","","","",2013069807,0,0,1,1,0,1,0,0,0,0,0,0,0,0,0,0,0,1,0,0,1,0,0,1,0,0,0,0,0,0,0,0,0,0,0,0,1,0,0,0,0,0,0,0,0,0,0,0,0,0,0,0,0,0,0,0,0,0,0,0,1,0,0,0,0,0,0,0,0,0,0,0,0,1,0,0,0,0,0,0,0,0,1,0,0,0,0,0,0,2013069807,3,4,NA,2,1,"S",4,NA,25,NA,NA,"PASCOE WY"
"862",2013070760,11,2,2301,2301,2013,7,6,328,3,3,1,0,4,2,2,0,3,0,"N","N",2,2,1,0,0,0,0,1,0,0,1,0,1,0,1,0,0,0,0,0,0,0,0,0,0,0,0,0,0,0,1,3,0,0,0,0,0,0,0,0,"40 26:42.270","79 57:26.323",40.44509888,-79.95729828,NA,0,NA,"N",NA,NA,0,"","N",NA,NA,NA,"","","","","","","","",2013070760,0,0,1,1,0,0,0,0,0,0,0,0,0,1,0,0,0,1,0,0,1,0,0,1,0,0,0,0,0,0,0,0,0,0,0,0,1,1,0,0,0,0,0,0,0,0,0,0,0,0,0,0,0,0,1,0,0,0,0,0,0,0,0,0,0,0,0,0,0,0,0,0,0,1,1,0,0,0,0,0,1,0,1,0,0,0,0,0,0,2013070760,3,4,NA,2,2,"S",4,NA,25,NA,NA,"UNIVERSITY PL"
"863",2013071013,11,2,2301,2301,2013,7,6,1615,16,1,2,1,6,1,0,0,3,0,"N","N",2,2,1,1,0,0,0,0,0,0,1,1,0,0,0,0,0,0,0,0,0,0,0,0,0,1,0,0,0,0,0,1,0,0,0,0,0,1,0,0,"40 22:45.439","79 56:11.212",40.37929916,-79.93640137,4,2,5,"N",NA,NA,0,"Y","N",NA,NA,NA,"","","","","","","","",2013071013,0,1,0,0,0,1,0,0,0,0,0,1,0,0,0,0,1,0,1,1,0,0,0,0,0,0,0,0,0,0,0,0,0,0,0,0,1,0,0,0,0,0,0,0,0,0,0,0,0,0,0,0,0,0,0,0,0,0,0,0,0,0,0,1,0,0,0,1,1,0,0,0,0,1,0,0,0,0,0,0,0,0,0,0,0,0,0,0,0,2013071013,3,3,3,2,2,"S",2,2046,25,130,693,"BALDWIN RD"
"864",2013071745,11,2,2301,2301,2013,7,2,1308,13,1,1,0,8,1,1,2,3,0,"N","N",2,3,1,1,0,0,0,0,0,0,1,0,1,0,1,0,0,0,2,0,0,0,0,0,0,0,0,0,0,0,0,3,0,0,0,1,0,0,0,0,"40 26:26.768","79 59:53.455",40.44079971,-79.99819946,1,1,1,"N",NA,NA,3,"N","N",NA,NA,NA,"","","","","","","","",2013071745,0,0,1,1,0,0,0,0,0,0,0,0,0,0,0,0,0,1,0,0,1,1,0,0,0,0,0,0,0,0,0,0,0,0,0,0,1,0,0,0,0,0,0,0,0,0,0,0,0,0,0,0,0,0,0,0,0,0,0,0,1,0,0,0,0,1,0,0,0,0,0,0,0,1,0,0,0,0,0,0,0,0,1,0,0,0,0,0,0,2013071745,3,4,NA,2,2,"E",4,NA,25,NA,NA,"OLIVER AV"
"865",2013072409,11,2,2301,2301,2013,7,3,1838,18,1,1,1,4,1,1,3,3,0,"N","N",2,2,1,1,0,0,0,0,0,0,1,0,1,0,0,0,1,0,0,0,0,0,0,0,0,0,0,0,0,0,0,8,0,0,0,0,0,1,0,0,"40 27:43.653","79 55:36.688",40.46210098,-79.92690277,NA,0,NA,"N",NA,NA,3,"","N",NA,NA,NA,"","","","","","","","",2013072409,0,0,1,1,0,1,0,0,0,0,0,0,0,0,0,0,0,1,0,0,1,0,1,1,0,0,0,0,0,0,0,0,0,0,0,0,1,0,0,0,0,0,0,0,0,0,0,0,0,0,0,0,0,0,0,0,0,0,0,0,0,0,0,0,0,0,0,1,0,0,0,0,0,1,0,0,0,0,0,0,0,0,0,0,0,0,0,0,0,2013072409,3,4,NA,2,2,"S",4,NA,25,NA,NA,"N BEATTY ST"
"866",2013072743,11,2,2301,2301,2013,7,4,1933,19,4,1,0,4,1,1,2,3,0,"N","N",2,3,1,1,0,0,0,0,0,0,1,0,1,0,1,0,0,0,1,0,0,0,0,0,0,0,0,0,0,0,0,3,0,0,0,0,0,0,0,0,"40 27:43.725","79 56:59.848",40.46210098,-79.94999695,1,2,2,"N",NA,NA,3,"Y","N",NA,NA,NA,"","","","","","","","",2013072743,0,0,1,1,0,0,0,0,0,0,0,0,0,0,0,0,0,1,0,0,1,1,0,0,0,0,0,0,0,0,0,0,0,0,0,0,1,0,0,0,0,0,0,0,0,0,0,0,0,0,0,0,0,0,1,0,0,0,0,0,1,0,0,0,0,0,0,0,0,0,0,0,0,1,0,0,0,0,0,0,0,0,1,0,0,0,0,0,0,2013072743,3,4,NA,2,1,"S",4,NA,25,NA,NA,"PEARL ST"
"868",2013072922,11,2,2301,2301,2013,7,5,1543,15,1,1,0,4,1,2,2,3,0,"N","N",2,3,1,1,0,0,0,0,0,0,1,0,1,0,1,0,0,0,0,0,0,0,0,0,0,0,0,0,0,0,0,3,0,0,0,0,0,0,0,0,"40 26:54.290","79 57:31.086",40.44839859,-79.95860291,1,1,7,"N",NA,NA,3,"Y","N",NA,NA,NA,"","","","","","","","",2013072922,0,0,1,1,0,0,0,0,0,0,0,0,0,0,0,0,0,1,0,0,1,1,0,0,0,0,0,0,0,0,0,0,0,0,0,0,1,0,0,0,0,0,0,0,0,0,0,0,0,0,0,0,0,0,0,0,0,0,0,0,0,0,0,0,0,0,0,0,0,0,0,0,0,1,0,0,0,1,0,1,0,0,1,0,0,0,0,0,0,2013072922,3,4,NA,2,2,"E",4,NA,25,NA,NA,"CENTRE AV"