"","CRASH_CRN","DISTRICT","CRASH_COUNTY","MUNICIPALITY","POLICE_AGCY","CRASH_YEAR","CRASH_MONTH","DAY_OF_WEEK","TIME_OF_DAY","HOUR_OF_DAY","ILLUMINATION","WEATHER","ROAD_CONDITION","COLLISION_TYPE","RELATION_TO_ROAD","INTERSECT_TYPE","TCD_TYPE","URBAN_RURAL","LOCATION_TYPE","SCH_BUS_IND","SCH_ZONE_IND","TOTAL_UNITS","PERSON_COUNT","VEHICLE_COUNT","AUTOMOBILE_COUNT","MOTORCYCLE_COUNT","BUS_COUNT","SMALL_TRUCK_COUNT","HEAVY_TRUCK_COUNT","SUV_COUNT","VAN_COUNT","BICYCLE_COUNT","FATAL_COUNT","INJURY_COUNT","MAJ_INJ_COUNT","MOD_INJ_COUNT","MIN_INJ_COUNT","UNK_INJ_DEG_COUNT","UNK_INJ_PER_COUNT","UNBELTED_OCC_COUNT","UNB_DEATH_COUNT","UNB_MAJ_INJ_COUNT","BELTED_DEATH_COUNT","BELTED_MAJ_INJ_COUNT","MCYCLE_DEATH_COUNT","MCYCLE_MAJ_INJ_COUNT","BICYCLE_DEATH_COUNT","BICYCLE_MAJ_INJ_COUNT","PED_COUNT","PED_DEATH_COUNT","PED_MAJ_INJ_COUNT","COMM_VEH_COUNT","MAX_SEVERITY_LEVEL","DRIVER_COUNT_16YR","DRIVER_COUNT_17YR","DRIVER_COUNT_18YR","DRIVER_COUNT_19YR","DRIVER_COUNT_20YR","DRIVER_COUNT_50_64YR","DRIVER_COUNT_65_74YR","DRIVER_COUNT_75PLUS","LATITUDE","LONGITUDE","DEC_LAT","DEC_LONG","EST_HRS_CLOSED","LANE_CLOSED","LN_CLOSE_DIR","NTFY_HIWY_MAINT","RDWY_SURF_TYPE_CD","SPEC_JURIS_CD","TCD_FUNC_CD","TFC_DETOUR_IND","WORK_ZONE_IND","WORK_ZONE_TYPE","WORK_ZONE_LOC","CONS_ZONE_SPD_LIM","WORKERS_PRES","WZ_CLOSE_DETOUR","WZ_FLAGGER","WZ_LAW_OFFCR_IND","WZ_LN_CLOSURE","WZ_MOVING","WZ_OTHER","WZ_SHLDER_MDN","FLAG_CRN","INTERSTATE","STATE_ROAD","LOCAL_ROAD","LOCAL_ROAD_ONLY","TURNPIKE","WET_ROAD","SNOW_SLUSH_ROAD","ICY_ROAD","SUDDEN_DEER","SHLDR_RELATED","REAR_END","HO_OPPDIR_SDSWP","HIT_FIXED_OBJECT","SV_RUN_OFF_RD","WORK_ZONE","PROPERTY_DAMAGE_ONLY","FATAL_OR_MAJ_INJ","INJURY","FATAL","NON_INTERSECTION","INTERSECTION","SIGNALIZED_INT","STOP_CONTROLLED_INT","UNSIGNALIZED_INT","SCHOOL_BUS","SCHOOL_ZONE","HIT_DEER","HIT_TREE_SHRUB","HIT_EMBANKMENT","HIT_POLE","HIT_GDRAIL","HIT_GDRAIL_END","HIT_BARRIER","HIT_BRIDGE","OVERTURNED","MOTORCYCLE","BICYCLE","HVY_TRUCK_RELATED","VEHICLE_FAILURE","TRAIN_TROLLEY","PHANTOM_VEHICLE","ALCOHOL_RELATED","DRINKING_DRIVER","UNDERAGE_DRNK_DRV","UNLICENSED","CELL_PHONE","NO_CLEARANCE","RUNNING_RED_LT","TAILGATING","CROSS_MEDIAN","CURVE_DVR_ERROR","LIMIT_65MPH","SPEEDING","SPEEDING_RELATED","AGGRESSIVE_DRIVING","FATIGUE_ASLEEP","DRIVER_16YR","DRIVER_17YR","DRIVER_65_74YR","DRIVER_75PLUS","UNBELTED","PEDESTRIAN","DISTRACTED","CURVED_ROAD","DRIVER_18YR","DRIVER_19YR","DRIVER_20YR","DRIVER_50_64YR","VEHICLE_TOWED","FIRE_IN_VEHICLE","HIT_PARKED_VEHICLE","MC_DRINKING_DRIVER","DRUGGED_DRIVER","INJURY_OR_FATAL","COMM_VEHICLE","IMPAIRED_DRIVER","DEER_RELATED","DRUG_RELATED","HAZARDOUS_TRUCK","ILLEGAL_DRUG_RELATED","ILLUMINATION_DARK","MINOR_INJURY","MODERATE_INJURY","MAJOR_INJURY","NHTSA_AGG_DRIVING","PSP_REPORTED","RUNNING_STOP_SIGN","TRAIN","TROLLEY","ROADWAY_CRN","RDWY_SEQ_NUM","ADJ_RDWY_SEQ","ACCESS_CTRL","ROADWAY_COUNTY","LANE_COUNT","RDWY_ORIENT","ROAD_OWNER","ROUTE","SPEED_LIMIT","SEGMENT","OFFSET","STREET_NAME"
"906",2013122437,11,2,2301,2301,2013,12,4,1310,13,1,1,0,2,2,0,0,3,0,"N","N",3,2,2,1,0,0,0,0,0,0,1,0,1,0,1,0,0,0,0,0,0,0,0,0,0,0,0,0,0,0,0,3,0,0,0,0,0,0,0,0,"40 27:54.703","79 57:28.176",40.46519852,-79.95780182,1,1,3,"N",NA,NA,0,"Y","N",NA,NA,NA,"","","","","","","","",2013122437,0,0,1,1,0,0,0,0,0,0,0,1,0,1,0,0,0,1,0,1,0,0,0,0,0,0,0,0,0,0,0,0,0,0,0,0,1,0,0,0,0,0,0,0,0,0,0,0,0,0,0,0,0,0,0,0,0,0,0,0,0,0,0,0,0,0,0,0,0,0,1,0,0,1,0,0,0,0,0,0,0,0,1,0,0,0,0,0,0,2013122437,3,3,NA,2,2,"W",4,NA,25,NA,NA,"PENN AV"
"908",2014004460,11,2,2301,2301,2014,1,6,1833,18,3,2,1,6,1,1,3,3,0,"N","N",2,2,1,0,0,0,0,0,1,0,1,0,1,0,0,1,0,0,0,0,0,0,0,0,0,0,0,0,0,0,0,4,0,0,0,0,0,1,0,0,"40 27:55.011","79 54:52.275",40.46530151,-79.91449738,1,1,5,"N",NA,NA,3,"Y","N",NA,NA,NA,"","","","","","","","",2014004460,0,0,1,1,0,1,0,0,0,0,0,1,0,0,0,0,0,1,0,0,1,0,1,1,0,0,0,0,0,0,0,0,0,0,0,0,1,0,0,0,0,0,0,0,0,0,0,0,0,0,0,0,0,0,0,0,0,0,0,0,0,0,0,0,0,0,0,1,0,0,0,0,0,1,0,0,0,0,0,0,1,1,0,0,0,0,0,0,0,2014004460,3,4,NA,2,2,"N",4,NA,25,NA,NA,"MEADOW ST"
"909",2014016899,11,2,2301,2301,2014,1,5,1600,16,1,1,0,5,1,2,0,3,0,"N","N",2,4,1,1,0,0,0,0,0,0,1,0,1,0,0,1,0,0,0,0,0,0,0,0,0,0,0,0,0,0,0,4,0,0,0,0,0,0,0,0,"40 26:33.997","79 59:48.710",40.44279861,-79.99690247,1,1,1,"N",NA,NA,0,"N","N",NA,NA,NA,"","","","","","","","",2014016899,0,0,1,1,0,0,0,0,0,0,0,0,0,0,0,0,0,1,0,0,1,0,0,1,0,0,0,0,0,0,0,0,0,0,0,0,1,0,0,0,0,0,0,0,0,0,0,0,0,0,0,0,0,0,0,0,0,0,0,0,0,0,0,0,0,0,0,0,0,0,0,0,0,1,0,0,0,0,0,0,0,1,0,0,0,0,0,0,0,2014016899,3,4,NA,2,2,"E",4,NA,25,NA,NA,"7TH AV"
"910",2014019014,11,2,2301,2301,2014,2,4,1120,11,1,1,0,4,1,1,3,3,0,"N","N",2,3,1,1,0,0,0,0,0,0,1,0,1,0,0,0,1,0,0,0,0,0,0,0,0,0,0,0,0,0,0,8,0,0,0,0,0,0,0,0,"40 25:18.415","79 55:47.168",40.42179871,-79.92980194,NA,0,NA,"N",NA,NA,3,"","N",NA,NA,NA,"","","","","","","","",2014019014,0,0,1,1,0,0,0,0,0,0,0,0,0,0,0,0,0,1,0,0,1,0,1,1,0,0,0,0,0,0,0,0,0,0,0,0,1,0,0,0,0,0,0,0,0,0,0,0,0,0,0,0,0,0,0,0,0,0,0,0,0,0,1,0,0,0,0,0,0,0,0,0,0,1,0,0,0,0,0,0,0,0,0,0,0,0,0,0,0,2014019014,3,4,NA,2,1,"U",4,NA,25,NA,NA,"LORETTA ST"
"911",2014022877,11,2,2301,2301,2014,2,6,1700,17,1,1,0,4,1,1,2,3,0,"N","N",2,2,1,0,0,0,0,0,1,0,1,0,1,0,0,1,0,0,0,0,0,0,0,0,0,0,0,0,0,0,0,4,0,0,0,0,0,1,0,0,"40 26:04.400","79 57:16.600",40.43460083,-79.95459747,1,1,4,"N",NA,NA,3,"Y","N",NA,NA,NA,"","","","","","","","",2014022877,0,0,1,1,0,0,0,0,0,0,0,0,0,0,0,0,0,1,0,0,1,1,0,0,0,0,0,0,0,0,0,0,0,0,0,0,1,0,0,0,0,0,0,0,0,0,0,0,0,0,0,0,0,0,0,0,0,0,0,0,0,0,0,0,0,0,0,1,0,0,0,0,0,1,0,0,0,0,0,0,0,1,0,0,0,0,0,0,0,2014022877,3,4,NA,2,1,"S",4,NA,25,NA,NA,"WARD ST"
"913",2014031684,11,2,2301,2301,2014,3,3,1730,17,1,1,0,4,1,1,2,3,0,"N","N",2,2,1,0,0,0,0,0,0,1,1,0,1,0,0,0,1,0,0,0,0,0,0,0,0,0,0,0,0,0,0,8,0,0,1,0,0,0,0,0,"40 26:27.285","80 02:05.381",40.4408989,-80.03479767,NA,0,NA,"N",NA,NA,3,"","N",NA,NA,NA,"","","","","","","","",2014031684,0,1,1,0,0,0,0,0,0,0,0,0,0,0,0,0,0,1,0,0,1,1,0,0,0,0,0,0,0,0,0,0,0,0,0,0,1,0,0,0,0,0,0,0,0,0,0,0,0,0,0,0,0,0,1,0,0,0,0,0,0,0,0,0,1,0,0,0,0,0,0,0,0,1,0,0,0,0,0,0,0,0,0,0,0,0,0,0,0,2014031684,3,3,3,2,2,"B",2,60,55,10,1278,"MAIN ST"
"914",2014036769,11,2,2301,2301,2014,4,5,859,8,1,1,0,4,1,3,3,3,0,"N","N",2,2,1,1,0,0,0,0,0,0,1,0,1,0,0,1,0,0,0,0,0,0,0,0,0,0,0,0,0,0,0,4,0,0,0,0,0,0,1,0,"40 26:19.370","79 56:47.173",40.43870163,-79.9464035,NA,0,NA,"N",NA,NA,3,"","N",NA,NA,NA,"","","","","","","","",2014036769,0,0,1,1,0,0,0,0,0,0,0,0,0,0,0,0,0,1,0,0,1,0,1,1,0,0,0,0,0,0,0,0,0,0,0,0,1,0,0,0,0,0,0,0,0,0,0,0,0,0,0,0,0,0,1,0,0,0,1,0,0,0,0,1,0,0,0,0,0,0,0,0,0,1,0,0,0,0,0,0,0,1,0,0,0,0,0,0,0,2014036769,3,3,NA,2,2,"W",4,NA,25,NA,NA,"FRANK CURTO DR"
"915",2014038272,11,2,2301,2506,2014,4,2,1750,17,1,1,0,4,1,0,0,3,0,"N","N",2,2,1,1,0,0,0,0,0,0,1,0,1,0,0,1,0,0,0,0,0,0,0,0,0,0,0,0,0,0,0,4,0,0,0,0,0,0,0,0,"40 26:28.600","79 57:20.800",40.44129944,-79.95580292,NA,0,NA,"N",NA,NA,0,"","N",NA,NA,NA,"","","","","","","","",2014038272,0,0,1,1,0,0,0,0,0,0,0,0,0,0,0,0,0,1,0,1,0,0,0,0,0,0,0,0,0,0,0,0,0,0,0,0,1,0,0,0,0,0,0,0,0,0,0,0,0,0,0,0,0,0,1,0,0,0,0,0,0,0,0,0,0,0,0,0,0,0,0,0,0,1,0,0,0,0,0,0,0,1,0,0,0,0,0,0,0,2014038272,3,3,NA,2,2,"E",4,NA,25,NA,NA,"SENNOTT ST"
"918",2014042379,11,2,2301,2301,2014,4,3,1901,19,1,1,0,4,1,2,0,3,0,"N","N",2,2,1,1,0,0,0,0,0,0,1,0,1,0,0,0,1,0,0,0,0,0,0,0,0,0,0,0,0,0,0,8,0,0,0,0,0,0,0,0,"40 26:54.693","79 59:13.981",40.44850159,-79.98719788,NA,0,NA,"N",NA,NA,0,"","N",NA,NA,NA,"","","","","","","","",2014042379,0,0,1,1,0,0,0,0,0,0,0,0,0,0,0,0,0,1,0,0,1,0,0,1,0,0,0,0,0,0,0,0,0,0,0,0,1,0,0,0,0,0,0,0,0,0,0,0,0,0,0,0,0,0,0,0,0,0,0,0,0,0,0,0,0,0,0,0,0,0,0,0,0,1,0,0,0,0,0,0,0,0,0,0,0,0,0,0,0,2014042379,3,4,NA,2,2,"S",4,NA,25,NA,NA,"SPRING WY"
"919",2014043498,11,2,2301,2301,2014,4,6,1857,18,4,2,1,4,1,1,3,3,0,"N","N",2,2,1,1,0,0,0,0,0,0,1,0,1,0,0,0,1,0,0,0,0,0,0,0,0,0,0,0,0,0,0,8,0,0,0,0,0,0,0,0,"40 27:43.171","79 55:28.502",40.4620018,-79.92459869,1,1,3,"N",NA,NA,3,"Y","N",NA,NA,NA,"","","","","","","","",2014043498,0,0,1,1,0,1,0,0,0,0,0,0,0,0,0,0,0,1,0,0,1,0,1,1,0,0,0,0,0,0,0,0,0,0,0,0,1,0,0,0,0,0,0,0,0,0,0,0,0,0,0,0,0,0,0,0,0,0,0,0,0,0,0,0,0,0,0,0,0,0,0,0,0,1,0,0,0,0,0,0,0,0,0,0,0,0,0,0,0,2014043498,3,4,NA,2,2,"S",4,NA,25,NA,NA,"KIRKWOOD ST"
"922",2014044192,11,2,2301,2301,2014,4,2,1853,18,1,1,0,4,1,2,3,3,0,"N","N",2,2,1,1,0,0,0,0,0,0,1,0,1,0,0,0,1,0,0,0,0,0,0,0,0,0,0,0,0,0,0,8,0,0,0,0,0,0,0,0,"40 27:44.082","79 54:29.563",40.46220016,-79.90820313,NA,0,NA,"N",NA,NA,3,"","N",NA,NA,NA,"","","","","","","","",2014044192,0,0,1,1,0,0,0,0,0,0,0,0,0,0,0,0,0,1,0,0,1,0,1,1,0,0,0,0,0,0,0,0,0,0,0,0,1,0,0,0,0,0,0,0,0,0,0,0,0,0,0,0,0,0,0,0,0,0,0,0,0,0,0,0,0,0,0,0,0,0,0,0,0,1,0,0,0,0,0,0,0,0,0,0,0,0,0,0,0,2014044192,3,4,NA,2,1,"W",4,NA,25,NA,NA,"ELMER L WILLIAMS SQ"
"923",2014046004,11,2,2301,2301,2014,5,1,1517,15,1,1,0,4,1,2,3,3,0,"N","N",2,3,1,0,0,0,0,0,1,0,1,0,1,0,0,1,0,0,0,0,0,0,0,0,0,0,0,0,0,0,0,4,0,0,0,0,0,0,0,0,"40 27:21.625","80 03:42.174",40.45600128,-80.06169891,NA,0,NA,"N",NA,NA,3,"","N",NA,NA,NA,"","","","","","","","",2014046004,0,0,1,1,0,0,0,0,0,0,0,0,0,0,0,0,0,1,0,0,1,0,1,1,0,0,0,0,0,0,0,0,0,0,0,0,1,0,0,0,0,0,0,0,0,0,0,0,0,0,0,0,0,0,0,0,0,0,0,0,0,0,0,0,0,0,0,0,0,0,0,0,0,1,0,0,0,0,0,0,0,1,0,0,0,0,0,0,0,2014046004,3,4,NA,2,2,"E",4,NA,25,NA,NA,"FAULKNER ST"
"924",2014047289,11,2,2301,2301,2014,5,5,953,9,1,1,0,4,1,1,2,3,0,"N","N",2,3,1,1,0,0,0,0,0,0,1,0,1,0,0,0,1,0,0,0,0,0,0,0,0,0,0,0,0,0,0,8,0,0,0,0,0,0,0,0,"40 25:45.044","79 55:16.366",40.42919922,-79.92120361,NA,0,NA,"N",NA,NA,3,"","N",NA,NA,NA,"","","","","","","","",2014047289,0,0,1,1,0,0,0,0,0,0,0,0,0,0,0,0,0,1,0,0,1,1,0,0,0,0,0,0,0,0,0,0,0,0,0,0,1,0,0,0,0,0,0,0,0,0,0,0,0,0,0,0,0,0,0,0,0,0,0,0,0,0,0,0,0,0,0,0,0,0,0,0,0,1,0,0,0,0,0,0,0,0,0,0,0,0,0,0,0,2014047289,3,4,NA,2,2,"N",4,NA,25,NA,NA,"SHADY AV"
"925",2014048373,11,2,2301,2301,2014,5,2,1942,19,1,1,0,4,1,1,0,3,0,"N","N",2,3,1,0,0,0,0,0,1,0,1,0,1,0,0,0,1,0,0,0,0,0,0,0,0,0,0,0,0,0,0,8,0,0,0,0,0,0,0,0,"40 27:30.909","80 03:19.890",40.45859909,-80.05549622,NA,0,NA,"N",NA,NA,0,"","N",NA,NA,NA,"","","","","","","","",2014048373,0,0,1,1,0,0,0,0,0,0,0,0,0,0,0,0,0,1,0,0,1,0,0,1,0,0,0,0,0,0,0,0,0,0,0,0,1,0,0,0,0,0,0,0,0,0,0,0,0,0,0,0,0,0,0,0,0,0,0,0,0,0,0,0,0,0,0,0,0,0,0,0,0,1,0,0,0,0,0,0,0,0,0,0,0,0,0,0,0,2014048373,3,4,NA,2,1,"W",4,NA,25,NA,NA,"ZEPHYR AV"
"926",2014049436,11,2,2301,2301,2014,5,5,1709,17,1,2,1,4,1,1,3,3,0,"N","N",2,2,1,1,0,0,0,0,0,0,1,0,1,0,0,1,0,0,0,0,0,0,0,0,0,0,0,0,0,0,0,4,0,0,0,0,0,1,0,0,"40 26:59.154","79 54:46.713",40.44979858,-79.91300201,NA,0,NA,"N",NA,NA,3,"","N",NA,NA,NA,"","","","","","","","",2014049436,0,0,1,1,0,1,0,0,0,0,0,0,0,0,0,0,0,1,0,0,1,0,1,1,0,0,0,0,0,0,0,0,0,0,0,0,1,0,0,0,0,0,0,0,0,0,0,0,0,0,0,0,0,0,0,0,0,0,0,0,0,0,0,0,0,0,0,1,0,0,0,0,0,1,0,0,0,0,0,0,0,1,0,0,0,0,0,0,0,2014049436,3,4,NA,2,2,"N",4,NA,25,NA,NA,"LINDEN AV"
"927",2014052667,11,2,2301,2301,2014,5,7,1310,13,1,1,0,4,1,2,3,3,0,"N","N",2,2,1,0,0,0,1,0,0,0,1,0,1,0,1,0,0,0,0,0,0,0,0,0,0,0,0,0,0,0,0,3,0,0,0,0,0,1,0,0,"40 27:31.845","80 00:27.874",40.45880127,-80.00769806,1,1,2,"N",NA,NA,3,"N","N",NA,NA,NA,"","","","","","","","",2014052667,0,0,1,1,0,0,0,0,0,0,0,0,0,0,0,0,0,1,0,0,1,0,1,1,0,0,0,0,0,0,0,0,0,0,0,0,1,0,0,0,0,0,0,0,0,0,0,0,0,0,0,0,0,0,0,0,0,0,0,0,0,0,0,0,0,0,0,1,0,0,0,0,0,1,0,0,0,0,0,0,0,0,1,0,0,0,0,0,0,2014052667,3,4,NA,2,2,"W",4,NA,25,NA,NA,"ALPINE ST"
"929",2014053112,11,2,2301,2301,2014,5,1,1340,13,1,1,0,4,6,0,0,3,0,"N","N",2,3,1,0,0,0,0,0,0,0,1,0,1,0,0,0,1,0,0,0,0,0,0,0,0,0,0,0,0,0,0,8,0,0,0,0,0,0,0,0,"40 27:36.558","79 55:27.550",40.46020126,-79.92430115,1,1,3,"N",NA,NA,0,"N","N",NA,NA,NA,"","","","","","","","",2014053112,0,1,0,0,0,0,0,0,0,0,0,0,0,0,0,0,0,1,0,1,0,0,0,0,0,0,0,0,0,0,0,0,0,0,0,0,1,0,0,0,0,0,0,0,0,0,0,0,0,0,0,0,0,0,0,0,0,0,0,0,0,0,0,0,0,0,0,0,0,0,1,0,0,1,0,0,0,0,0,0,0,0,0,0,0,0,0,0,0,2014053112,3,3,3,2,2,"E",2,400,55,82,247,"CENTRE AV"
"931",2014054108,11,2,2301,2301,2014,5,7,1630,16,1,1,0,4,1,2,0,3,0,"N","N",2,2,1,0,0,0,0,0,1,0,1,0,1,0,1,0,0,0,0,0,0,0,0,0,0,0,0,0,0,0,0,3,0,0,0,0,0,0,0,0,"40 28:34.381","80 01:21.176",40.4762001,-80.02249908,NA,0,NA,"N",NA,NA,0,"","N",NA,NA,NA,"","","","","","","","",2014054108,0,0,1,1,0,0,0,0,0,0,0,0,0,0,0,0,0,1,0,0,1,0,0,1,0,0,0,0,0,0,0,0,0,0,0,0,1,0,0,0,0,0,0,0,0,0,0,0,0,0,0,0,0,0,0,0,0,0,0,0,0,0,0,0,0,0,0,0,0,0,0,0,0,1,0,0,0,0,0,0,0,0,1,0,0,0,0,0,0,2014054108,3,4,NA,2,2,"N",4,NA,25,NA,NA,"HENLEY AV"
"933",2014055156,11,2,2301,2301,2014,5,5,2058,20,3,1,0,4,1,1,2,3,0,"N","N",2,2,1,0,0,0,0,0,1,0,1,0,1,0,0,0,1,0,0,0,0,0,0,0,0,0,0,0,0,0,0,8,0,0,0,0,0,1,0,0,"40 26:55.627","79 54:36.360",40.44879913,-79.91010284,NA,0,NA,"N",NA,NA,3,"","N",NA,NA,NA,"","","","","","","","",2014055156,0,1,1,0,0,0,0,0,0,0,0,0,0,0,0,0,0,1,0,0,1,1,0,0,0,0,0,0,0,0,0,0,0,0,0,0,1,0,0,0,0,0,0,0,0,0,0,0,0,0,0,0,0,0,1,0,0,0,0,0,0,0,0,0,0,0,0,1,0,0,0,0,0,1,0,0,0,0,0,0,1,0,0,0,0,0,0,0,0,2014055156,3,3,3,2,2,"S",2,2108,25,150,855,"SOUTH DALLAS AV"
"934",2014057777,11,2,2301,2301,2014,6,2,1635,16,1,1,0,4,2,0,3,3,0,"N","N",2,2,1,1,0,0,0,0,0,0,1,0,1,0,1,0,0,0,0,0,0,0,0,0,0,0,0,0,0,0,0,3,0,0,0,0,0,0,0,0,"40 24:53.300","79 56:21.600",40.41479874,-79.93930054,NA,0,NA,"N",NA,NA,3,"","N",NA,NA,NA,"","","","","","","","",2014057777,0,0,1,1,0,0,0,0,0,0,0,0,0,1,0,0,0,1,0,1,0,0,0,0,0,0,0,0,0,0,0,0,0,0,0,0,1,0,0,0,0,0,0,0,0,0,0,0,0,0,0,0,0,0,0,0,0,0,0,0,0,0,0,0,0,0,0,0,0,0,0,0,0,1,0,0,0,0,0,0,0,0,1,0,0,0,0,0,0,2014057777,3,3,NA,2,2,"S",4,NA,25,NA,NA,"HAZELWOOD AV"
"935",2014058538,11,2,2301,2301,2014,6,4,1620,16,1,1,0,4,1,0,0,3,0,"N","N",2,2,1,0,0,0,0,0,1,0,1,0,1,0,0,0,1,0,0,0,0,0,0,0,0,0,0,0,0,0,0,8,0,0,0,0,0,0,0,0,"40 27:08.719","80 03:18.692",40.45240021,-80.05519867,NA,0,NA,"N",NA,NA,0,"","N",NA,NA,NA,"","","","","","","","",2014058538,0,0,1,1,0,0,0,0,0,0,0,0,0,0,0,0,0,1,0,1,0,0,0,0,0,0,0,0,0,0,0,0,0,0,0,0,1,0,0,0,0,0,0,0,0,0,0,0,0,0,0,0,0,0,0,0,0,0,0,0,0,0,0,1,0,0,0,0,0,0,0,0,0,1,0,0,0,0,0,0,0,0,0,0,0,0,0,0,0,2014058538,3,3,NA,2,2,"S",4,NA,25,NA,NA,"STRAKA ST"
"937",2014059837,11,2,2447,2447,2014,6,5,2122,21,3,2,1,4,1,0,0,3,0,"N","N",2,2,1,0,0,0,0,0,1,0,1,0,1,0,0,1,0,0,0,0,0,0,0,0,0,0,0,0,0,0,0,4,0,0,0,0,0,0,0,0,"40 24:49.200","79 59:18.900",40.4137001,-79.98860168,1,1,2,"N",NA,NA,0,"N","N",NA,NA,NA,"","","","","","","","",2014059837,0,0,1,1,0,1,0,0,0,0,0,0,0,0,0,0,0,1,0,1,0,0,0,0,0,0,0,0,0,0,0,0,0,0,0,0,1,0,0,0,0,0,0,0,0,0,0,0,0,0,0,0,0,0,0,0,0,0,0,0,0,0,0,0,0,0,0,0,0,0,0,0,0,1,0,0,0,0,0,0,1,1,0,0,0,0,0,0,0,2014059837,3,3,NA,2,2,"N",4,NA,25,NA,NA,"BROWNSVILLE RD"
"938",2014059913,11,2,2301,2301,2014,6,4,1300,13,1,9,0,5,1,10,0,3,99,"N","N",2,2,1,0,0,0,0,0,0,0,1,0,1,0,0,1,0,1,0,0,0,0,0,0,0,0,0,0,0,0,0,4,0,0,0,0,0,0,0,0,"40 26:52.940","80 01:04.220",40.44800186,-80.01779938,NA,0,NA,"N",NA,NA,0,"","N",NA,NA,NA,"","","","","","","","",2014059913,0,0,1,1,0,0,0,0,0,0,0,0,0,0,0,0,0,1,0,0,1,0,0,1,0,0,0,0,0,0,0,0,0,0,0,0,1,0,0,0,0,0,0,0,0,0,0,0,0,0,0,0,0,0,0,0,0,0,0,0,0,0,0,0,0,0,0,0,0,0,0,0,0,1,0,0,0,0,0,0,0,1,0,0,0,0,0,0,0,2014059913,3,4,NA,2,3,"U",4,NA,NA,NA,NA,"ALLEGHENY AV"
"939",2014060230,11,2,2301,2301,2014,6,1,1910,19,1,1,0,4,1,2,3,3,0,"N","N",2,2,1,1,0,0,0,0,0,0,1,0,1,0,0,1,0,0,0,0,0,0,0,0,0,0,0,0,0,0,0,4,0,0,0,0,0,0,0,0,"40 24:32.900","79 56:37.800",40.40980148,-79.94400024,NA,0,NA,"N",NA,NA,3,"","N",NA,NA,NA,"","","","","","","","",2014060230,0,1,1,0,0,0,0,0,0,0,0,0,0,0,0,0,0,1,0,0,1,0,1,1,0,0,0,0,0,0,0,0,0,0,0,0,1,0,0,0,0,0,0,0,0,0,0,0,0,0,0,0,0,0,0,0,0,0,0,0,0,0,0,0,0,0,0,0,0,0,0,0,0,1,0,0,0,0,0,0,0,1,0,0,0,0,0,0,0,2014060230,3,3,3,2,3,"N",2,885,25,260,0,"SECOND AV"
"940",2014061573,11,2,2301,2301,2014,6,5,1615,16,1,1,0,6,1,0,0,3,0,"N","N",2,2,1,1,0,0,0,0,0,0,1,0,1,0,0,1,0,0,0,0,0,0,0,0,0,0,0,0,0,0,0,4,0,0,0,0,0,0,0,0,"40 26:11.300","79 58:00.100",40.43650055,-79.96669769,NA,0,NA,"N",NA,NA,0,"","N",NA,NA,NA,"","","","","","","","",2014061573,0,0,1,1,0,0,0,0,0,0,0,1,0,0,0,0,0,1,0,1,0,0,0,0,0,0,0,0,0,0,0,0,0,0,0,0,1,0,0,0,0,0,0,0,0,0,0,0,0,0,0,0,0,0,1,0,0,0,0,0,0,0,0,1,0,0,0,0,0,0,0,0,0,1,0,0,0,0,0,0,0,1,0,0,0,0,0,0,0,2014061573,3,3,NA,2,3,"W",4,NA,25,NA,NA,"5TH AV"
"942",2014062216,11,2,2301,2301,2014,6,7,2148,21,3,2,0,8,1,1,2,3,0,"N","N",2,2,1,0,1,0,0,0,0,0,1,0,1,0,0,1,0,1,0,0,0,0,0,0,0,0,0,0,0,0,0,4,0,0,0,0,0,0,0,0,"40 26:49.694","79 53:42.603",40.44710159,-79.89520264,NA,0,NA,"N",NA,NA,3,"","N",NA,NA,NA,"","","","","","","","",2014062216,0,1,1,0,0,0,0,0,0,0,0,0,0,0,0,0,0,1,0,0,1,1,0,0,0,0,0,0,0,0,0,0,0,0,0,1,1,0,0,0,0,0,0,0,0,0,0,1,0,0,0,0,0,0,1,0,0,0,0,0,0,0,0,0,0,0,0,0,0,0,0,0,0,1,0,0,0,0,0,0,1,1,0,0,0,0,0,0,0,2014062216,3,3,3,2,2,"E",2,8,25,60,0,"PENN AV"
"944",2014064453,11,2,2301,2301,2014,6,1,1417,14,1,1,0,5,1,0,0,3,0,"N","N",2,2,1,1,0,0,0,0,0,0,1,0,1,0,0,0,1,0,0,0,0,0,0,0,0,0,0,0,0,0,0,8,0,0,0,0,0,0,0,0,"40 28:01.850","79 57:50.430",40.46720123,-79.96399689,NA,0,NA,"N",NA,NA,0,"","N",NA,NA,NA,"","","","","","","","",2014064453,0,1,0,0,0,0,0,0,0,0,0,0,0,0,0,0,0,1,0,1,0,0,0,0,0,0,0,0,0,0,0,0,0,0,0,0,1,0,0,0,0,0,0,0,0,0,0,0,0,0,0,0,0,0,0,0,0,0,0,0,0,0,0,0,0,0,0,0,0,0,0,0,0,1,0,0,0,0,0,0,0,0,0,0,0,0,0,0,0,2014064453,3,3,3,2,2,"E",2,2122,25,30,972,"BUTLER ST"